Component,Parent_Group_Label,Subgroup_Label,Final Mark,Own_History_Expected_Value,Own_History_Delta,Own_History_Direction,Hist_Median,Hist_Effective_Scale,Hist_Robust_SD,Forward_Robust_Z,Forward_Abs_Z,Own_History_Range_Watch_Low,Own_History_Range_Watch_High,Own_History_Range_Outlier_Low,Own_History_Range_Outlier_High,Own_History_Range_Strong_Low,Own_History_Range_Strong_High,Chosen_Group_Level,Chosen_Group_Selected_Peer_Count,Chosen_Group_Reliability,Chosen_Group_Peer_Trusted,Chosen_Group_Direction_Agree,Chosen_Group_Peer_Implied_Final_Mark,Chosen_Group_Peer_Residual,Chosen_Group_Peer_Residual_Z,Chosen_Group_Peer_Signal,Chosen_Group_Peer_Score_v2,Chosen_Group_Peer_Direction,Chosen_Group_Mean_Pair_Scale,Chosen_Group_Peer_Range_Watch_Low,Chosen_Group_Peer_Range_Watch_High,Chosen_Group_Peer_Range_Outlier_Low,Chosen_Group_Peer_Range_Outlier_High,Chosen_Group_Peer_Range_Strong_Low,Chosen_Group_Peer_Range_Strong_High,Overall_Combined_Score,Group_Outlier_Flag,HistCal_Check_Type,HistCal_Window_Label,HistCal_Actual_Label,HistCal_CurrentMTD_Z,HistCal_Mark_Mean,HistCal_Mark_Delta,HistCal_Mark_Z,HistCal_Transition,HistCal_Transition_Mean,HistCal_Transition_Delta,HistCal_Transition_Magnitude_Delta,HistCal_Transition_Degree,HistCal_Transition_Degree_Score,HistCal_Component_CurrentMonth_SD,HistCal_Component_HistoricalMonth_SD,HistCal_Transition_Degree_Scale_Source,HistCal_Transition_Z,HistCal_Sample_Years,HistCal_Pattern,Rule_Hits,Outlier_Reasons
Moss Bluff Inter,Global_G01,Global_G01_S01,0.465,-0.2621000000000002,0.7271000000000003,Higher than own-history expected value,-0.2621000000000002,0.07398173999999942,0.07398173999999942,9.828100825960648,9.828100825960648,-0.41006347999999904,-0.11413652000000138,-0.4840452199999985,-0.040154780000001944,-0.5580269599999979,0.033826959999997464,Subgroup,8,0.7897710318815908,True,True,-0.2654856808539322,0.7304856808539323,10.279267659433609,8.118267826377947,9.135088829251043,Higher than peer-implied value,0.08184183960733396,-0.38060144365451054,-0.1503699180533539,-0.4957172064550888,-0.03525415525277559,-0.44967090133485754,-0.0813004603730069,13.41795117607586,Strong outlier,forward_transition,,,-0.5213688240780439,,,3.6716927231333143,0.6079000000000001,0.043672762683646595,0.5642272373163535,0.5642272373163535,very strong,5.79950025908335,0.09728894078979373,0.10348586202650514,current-month,8.850704862178613,12,very stronger than history,|Forward_Robust_Z| >= 4.0; Trusted peer score >= 2.0 with direction agreement and |Forward_Robust_Z| >= 2.5,Strong: own-history |z| alone clears the strong tier (≥4); history=very far above own-history expected value; own z=9.83 (very high); peers=very far above peer-implied value; subgroup peers=8; peer model trusted; peer score v2=9.14 (high); history/peer direction agree; pattern=very stronger than history; historical check type=forward_transition; current month name=August; mark month name=September; current transition=+0.61; transition mean=+0.04; transition delta=+0.56; transition magnitude delta=+0.56; transition degree=very strong; transition degree score=5.80; component current-month sd=0.10; component historical month sd=0.10; transition degree scale source=current-month; actual-to-date z=-0.52; mark z=3.67; transition z=8.85; pattern years=12
Transco-Z5 North,Global_G16,Global_G16_S01,0.3375,-0.5900000000000001,0.9275000000000001,Higher than own-history expected value,-0.5900000000000001,0.15567299999999964,0.15567299999999964,5.958001708709938,5.958001708709938,-0.9013459999999993,-0.2786540000000008,-1.057018999999999,-0.12298100000000112,-1.2126919999999988,0.0326919999999985,OwnHistoryOnly,0,,False,False,,,,,0.0,,,,,,,,,5.958001708709938,Strong outlier,forward_transition,,,-0.9047063508201044,,,1.102825114315784,1.0325000000000002,-0.36785201896306413,1.4003520189630643,0.6646479810369361,,,0.049332220708174064,0.5685386069045651,current-month,2.6083877998824234,10,opposite transition,|Forward_Robust_Z| >= 4.0,Strong: own-history |z| alone clears the strong tier (≥4); history=very far above own-history expected value; own z=5.96 (very high); pattern=opposite transition; historical check type=forward_transition; current month name=August; mark month name=September; current transition=+1.03; transition mean=-0.37; transition delta=+1.40; transition magnitude delta=+0.66; component current-month sd=0.05; component historical month sd=0.57; transition degree scale source=current-month; actual-to-date z=-0.90; mark z=1.10; transition z=2.61; pattern years=10
ONEOK Westex,Global_G06,Global_G06_S02,-0.8802,-0.49499999999999966,-0.3852000000000003,Lower than own-history expected value,-0.49499999999999966,0.20756400000000017,0.20756400000000017,-1.8558131467884604,1.8558131467884604,-0.910128,-0.07987199999999933,-1.1176920000000001,0.1276920000000008,-1.3252560000000004,0.335256000000001,Parent,6,0.9350297894283252,True,True,-0.4662494636019318,-0.4139505363980681,-28.675800972060884,26.81272814459465,27.728621599213536,Lower than peer-implied value,0.057681464853558725,-0.5408142143234611,-0.3916847128804026,-0.6153789650449903,-0.31711996215887334,-0.5855530647563786,-0.34694586244748504,27.79065487224373,Outlier,forward_transition,,,0.32752083693106016,,,-0.9723557665534066,-0.5301999999999999,-0.0722125035825617,-0.4579874964174382,0.4579874964174382,very strong,4.7062894276536,0.09731392500562287,0.3495838446913499,current-month,-1.7568707450854872,26,very stronger than history,Trusted peer score >= 2.5; Trusted peer score >= 1.5 with direction agreement and |Forward_Robust_Z| >= 1.5,history=Lower than own-history expected value; peers=very far below peer-implied value; parent peers=6; peer model trusted; peer score v2=27.73 (high); history/peer direction agree; pattern=very stronger than history; historical check type=forward_transition; current month name=August; mark month name=September; current transition=-0.53; transition mean=-0.07; transition delta=-0.46; transition magnitude delta=+0.46; transition degree=very strong; transition degree score=4.71; component current-month sd=0.10; component historical month sd=0.35; transition degree scale source=current-month; actual-to-date z=0.33; mark z=-0.97; transition z=-1.76; pattern years=26
OGT,Global_G06,Global_G06_S02,-0.4407,-0.4916499999999999,0.05094999999999994,Higher than own-history expected value,-0.4916499999999999,0.21430983000000026,0.21430983000000026,0.23773991141703524,0.23773991141703524,-0.9202696600000004,-0.06303033999999941,-1.1345794900000006,0.15127949000000085,-1.348889320000001,0.3655893200000011,Parent,6,0.9373040863258882,True,True,-0.5358519421262652,0.09515194212626528,23.576644046964844,22.098484807071074,22.82560207910353,Higher than peer-implied value,0.05679097857396813,-0.6091764420823382,-0.46252744217019215,-0.6825009420384113,-0.3892029422141191,-0.653171142055982,-0.41853274219654835,22.826840134785538,Outlier,forward_transition,,,0.8461650712919003,,,0.09724608444272648,-0.1996000000000001,-0.03171476211709657,-0.16788523788290355,0.16788523788290355,moderate,1.2371846583048272,0.13569941783220746,0.30050606083688475,current-month,-0.8943852919513838,12,moderate stronger than history,Trusted peer score >= 2.5,history=Higher than own-history expected value; peers=very far above peer-implied value; parent peers=6; peer model trusted; peer score v2=22.83 (high); history/peer direction agree; pattern=moderate stronger than history; historical check type=forward_transition; current month name=August; mark month name=September; current transition=-0.20; transition mean=-0.03; transition delta=-0.17; transition magnitude delta=+0.17; transition degree=moderate; transition degree score=1.24; component current-month sd=0.14; component historical month sd=0.30; transition degree scale source=current-month; actual-to-date z=0.85; mark z=0.10; transition z=-0.89; pattern years=12
KRGT-Del Pool,Global_G02,Global_G02_S05,-0.0187,-0.9300000000000002,0.9113000000000001,Higher than own-history expected value,-0.9300000000000002,1.0192874999999997,1.0192874999999997,0.8940558968887584,0.8940558968887584,-2.9685749999999995,1.1085749999999992,-3.987862499999999,2.1278624999999987,-5.007149999999999,3.1471499999999986,Parent,14,0.9888619795829712,True,True,-0.3976698081203118,0.37896980812031167,3.9403115639879984,3.8964242933388453,3.918306483832884,Higher than peer-implied value,0.1007876356460282,-0.5243618777305026,-0.270977738510121,-0.6510539473406933,-0.14428566889993027,-0.600377119496617,-0.19496249674400662,4.019012521504304,Outlier,forward_transition,,,-0.5506962579079666,,,0.053618302864160174,-0.1486999999999999,-0.771093112719603,0.6223931127196032,-0.6223931127196032,very strong,8.807475967719986,0.07066645597452861,1.0896879903408998,current-month,0.6194231159169284,20,very strong weaker than history,Trusted peer score >= 2.5,history=Higher than own-history expected value; peers=very far above peer-implied value; parent peers=14; peer model trusted; peer score v2=3.92 (high); history/peer direction agree; pattern=very strong weaker than history; historical check type=forward_transition; current month name=August; mark month name=September; current transition=-0.15; transition mean=-0.77; transition delta=+0.62; transition magnitude delta=-0.62; transition degree=very strong; transition degree score=8.81; component current-month sd=0.07; component historical month sd=1.09; transition degree scale source=current-month; actual-to-date z=-0.55; mark z=0.05; transition z=0.62; pattern years=20
Eastern Gas-North,Global_G03,Global_G03_S01,-1.0575,-0.7949999999999999,-0.2625000000000002,Lower than own-history expected value,-0.7949999999999999,0.11860799999999944,0.11860799999999944,-2.21317280453259,2.21317280453259,-1.0322159999999987,-0.5577840000000011,-1.1508239999999983,-0.4391760000000016,-1.2694319999999977,-0.3205680000000022,Subgroup,4,0.9086100395711154,True,True,-0.9383159997589248,-0.11918400024107514,-3.3082793902711845,3.0059358677066066,3.1534862738896923,Lower than peer-implied value,0.04652692603775753,-0.9993294532571407,-0.8773025462607088,-1.0603429067553567,-0.8162890927624927,-1.0359375253560703,-0.8406944741617791,3.8526107436819186,Outlier,forward_transition,,,-0.13115218924189376,,,-0.07136915457101396,-0.1475000000000002,-0.17535153610157575,0.027851536101575564,-0.027851536101575564,very strong,3.713538146876766,0.007499999999999951,0.6744122682124066,current-month,0.15870616462138398,21,very strong weaker than history,Trusted peer score >= 2.5; Trusted peer score >= 1.5 with direction agreement and |Forward_Robust_Z| >= 1.5,history=slightly below own-history expected value; own z=2.21 watch; peers=moderately below peer-implied value; subgroup peers=4; peer model trusted; peer score v2=3.15 (high); history/peer direction agree; pattern=very strong weaker than history; historical check type=forward_transition; current month name=August; mark month name=September; current transition=-0.15; transition mean=-0.18; transition delta=+0.03; transition magnitude delta=-0.03; transition degree=very strong; transition degree score=3.71; component current-month sd=0.01; component historical month sd=0.67; transition degree scale source=current-month; actual-to-date z=-0.13; mark z=-0.07; transition z=0.16; pattern years=21
AB Pool (inter),Global_G08,Global_G08_S03,-0.9575,-1.6192,0.6617,Higher than own-history expected value,-1.6192,1.2151389599999998,1.2151389599999998,0.5445467734817754,0.5445467734817754,-4.049477919999999,0.8110779199999996,-5.264616879999999,2.026216879999999,-6.479755839999999,3.241355839999999,Parent,5,0.9968865809654031,True,False,-0.826076086803443,-0.13142391319655708,-3.7418092136717216,3.7301593936420456,3.7359797627388094,Lower than peer-implied value,0.05743454027808922,-0.8979812849187314,-0.7541708886881546,-0.9698864830340198,-0.6822656905728662,-0.9411244037879045,-0.7110277698189815,3.775457055258786,Outlier,forward_transition,,,1.1422839094402615,,,1.1180741727573673,-0.20140000000000002,-0.2836009860757986,0.08220098607579857,-0.08220098607579857,strong,1.7180932500562014,0.047844310006520105,1.4646444208774867,current-month,0.09883839028021067,4,strong weaker than history,Trusted peer score >= 2.5,history=Higher than own-history expected value; peers=very far below peer-implied value; parent peers=5; peer model trusted; peer score v2=3.74 (high); history/peer direction disagree; pattern=strong weaker than history; historical check type=forward_transition; current month name=August; mark month name=September; current transition=-0.20; transition mean=-0.28; transition delta=+0.08; transition magnitude delta=-0.08; transition degree=strong; transition degree score=1.72; component current-month sd=0.05; component historical month sd=1.46; transition degree scale source=current-month; actual-to-date z=1.14; mark z=1.12; transition z=0.10; pattern years=4
PG&E-Topock,Global_G02,Global_G02_S05,-0.0187,-1.1806999999999999,1.162,Higher than own-history expected value,-1.1806999999999999,0.9877081200000004,0.9877081200000004,1.1764609164091913,1.1764609164091913,-3.1561162400000007,0.794716240000001,-4.143824360000001,1.7824243600000012,-5.1315324800000015,2.770132480000002,Parent,14,0.9783774766664234,True,True,-0.5299482549908232,0.5112482549908232,3.568043583511995,3.4908934778722887,3.529257722871212,Higher than peer-implied value,0.1425054960731248,-0.7100377599254637,-0.34985875005618267,-0.8901272648601043,-0.16976924512154212,-0.8180914628862481,-0.2418050470953983,3.7201774638160003,Outlier,forward_transition,,,-0.2061487202477186,,,1.27445776661116,-0.08559999999999995,-0.48060744687624296,0.395007446876243,-0.395007446876243,very strong,2.792727345456873,0.14144146492454035,0.5982971482823073,current-month,0.5521523461354472,12,very strong weaker than history,Trusted peer score >= 2.5,history=Higher than own-history expected value; peers=very far above peer-implied value; parent peers=14; peer model trusted; peer score v2=3.53 (high); history/peer direction agree; pattern=very strong weaker than history; historical check type=forward_transition; current month name=August; mark month name=September; current transition=-0.09; transition mean=-0.48; transition delta=+0.40; transition magnitude delta=-0.40; transition degree=very strong; transition degree score=2.79; component current-month sd=0.14; component historical month sd=0.60; transition degree scale source=current-month; actual-to-date z=-0.21; mark z=1.27; transition z=0.55; pattern years=12
TGP-Z4 Sta-219,Global_G03,Global_G03_S01,-0.795,-0.6749999999999998,-0.12000000000000022,Lower than own-history expected value,-0.6749999999999998,0.11119499999999993,0.11119499999999993,-1.079185215162555,1.079185215162555,-0.8973899999999997,-0.45260999999999996,-1.0085849999999996,-0.341415,-1.1197799999999996,-0.2302200000000001,Subgroup,4,0.9128537843511635,True,False,-0.8794049862399911,0.08440498623999107,2.6247246479681205,2.3959898277774743,2.507750696789541,Higher than peer-implied value,0.05230164065335552,-0.947831547504523,-0.8109784249754591,-1.016258108769055,-0.7425518637109272,-0.9888874842632421,-0.76992248821674,2.7301015156718766,Outlier,forward_transition,,,0.04291205820213413,,,0.20540243337507932,-0.12,-0.18277847546956755,0.06277847546956755,-0.06277847546956755,moderate,1.4600435118934572,0.04299767435571376,0.48402968733288676,current-month,0.27642359811421907,13,moderate weaker than history,Trusted peer score >= 2.5,history=Lower than own-history expected value; peers=moderately above peer-implied value; subgroup peers=4; peer model trusted; peer score v2=2.51 (high); history/peer direction disagree; pattern=moderate weaker than history; historical check type=forward_transition; current month name=August; mark month name=September; current transition=-0.12; transition mean=-0.18; transition delta=+0.06; transition magnitude delta=-0.06; transition degree=moderate; transition degree score=1.46; component current-month sd=0.04; component historical month sd=0.48; transition degree scale source=current-month; actual-to-date z=0.04; mark z=0.21; transition z=0.28; pattern years=13
Transco-30,Global_G04,Global_G04_S01,-0.425,-0.43999999999999995,0.014999999999999958,Higher than own-history expected value,-0.43999999999999995,0.10378200000000042,0.10378200000000042,0.1445337341735551,0.1445337341735551,-0.6475640000000008,-0.23243599999999912,-0.7513460000000012,-0.1286539999999987,-0.8551280000000017,-0.024871999999998284,Subgroup,5,0.9394494823805815,True,True,-0.5175022978430617,0.09250229784306166,2.6750286554540645,2.513054285719544,2.592776933523481,Higher than peer-implied value,0.029395438511249636,-0.555412250363722,-0.47959234532240136,-0.5933222028843823,-0.44168239280174104,-0.5781582218761182,-0.45684637381000515,2.596802308094626,Outlier,forward_transition,,,-0.7086480870478227,,,-0.746842409247486,-0.09499999999999992,-0.027297483847378894,-0.06770251615262102,0.06770251615262102,mild,0.996048820681331,0.06797108208642846,0.1506423892359206,current-month,-0.5830666029669652,26,mild stronger than history,Trusted peer score >= 2.5,history=Higher than own-history expected value; peers=moderately above peer-implied value; subgroup peers=5; peer model trusted; peer score v2=2.59 (high); history/peer direction agree; pattern=mild stronger than history; historical check type=forward_transition; current month name=August; mark month name=September; current transition=-0.09; transition mean=-0.03; transition delta=-0.07; transition magnitude delta=+0.07; transition degree=mild; transition degree score=1.00; component current-month sd=0.07; component historical month sd=0.15; transition degree scale source=current-month; actual-to-date z=-0.71; mark z=-0.75; transition z=-0.58; pattern years=26
ANR-SE-T,Global_G10,Global_G10_S01,-0.1525,-0.3074999999999999,0.1549999999999999,Higher than own-history expected value,-0.3074999999999999,0.10007549999999983,0.10007549999999983,1.548830632872183,1.548830632872183,-0.5076509999999995,-0.10734900000000022,-0.6077264999999994,-0.007273500000000377,-0.7078019999999992,0.09280199999999944,Subgroup,4,0.8299125902214209,True,True,-0.22552561386992584,0.07302561386992584,1.7900974367862166,1.4856244005119754,1.6307705023649242,Higher than peer-implied value,0.05013333798672369,-0.29431484547656983,-0.15673638226328185,-0.3631040770832138,-0.08794715065663786,-0.3355883844405562,-0.11546284329929546,2.249063974347283,Outlier,forward_transition,,,-7.279705476399754,,,-1.9088713119137182,-0.007499999999999979,0.0024984426421441725,-0.009998442642144152,0.005001557357855806,,,0.11550098700876983,0.05344331617034033,current-month,-0.1973533898410286,26,in-line transition,Trusted peer score >= 1.5 with direction agreement and |Forward_Robust_Z| >= 1.5,history=Higher than own-history expected value; peers=slightly above peer-implied value; subgroup peers=4; peer model trusted; peer score v2=1.63; history/peer direction agree; pattern=in-line transition; historical check type=forward_transition; current month name=August; mark month name=September; current transition=-0.01; transition mean=+0.00; transition delta=-0.01; transition magnitude delta=+0.01; component current-month sd=0.12; component historical month sd=0.05; transition degree scale source=current-month; actual-to-date z=-7.28; mark z=-1.91; transition z=-0.20; pattern years=26
Atmos Zone 3,Global_G12,Global_G12_S01,-0.8802,-0.5234000000000001,-0.3567999999999999,Lower than own-history expected value,-0.5234000000000001,0.12913445999999992,0.12913445999999992,-2.7630115152841475,2.7630115152841475,-0.78166892,-0.26513108000000024,-0.9108033799999998,-0.13599662000000035,-1.03993784,-0.006862160000000395,OwnHistoryOnly,0,,False,False,,,,,0.0,,,,,,,,,2.7630115152841475,Watch,forward_transition,,,-0.08244963264963819,,,-3.376864224385246,-0.6048999999999999,-0.02571601758253451,-0.5791839824174654,0.5791839824174654,very strong,5.3718127439397385,0.10781909385632947,0.18635975033260624,current-month,-9.306736638734488,12,very stronger than history,|Forward_Robust_Z| >= 2.0,history=moderately below own-history expected value; own z=2.76 watch; pattern=very stronger than history; historical check type=forward_transition; current month name=August; mark month name=September; current transition=-0.60; transition mean=-0.03; transition delta=-0.58; transition magnitude delta=+0.58; transition degree=very strong; transition degree score=5.37; component current-month sd=0.11; component historical month sd=0.19; transition degree scale source=current-month; actual-to-date z=-0.08; mark z=-3.38; transition z=-9.31; pattern years=12
PG&E-Citygate,Global_G15,Global_G15_S01,0.175,-1.1675,1.3425,Higher than own-history expected value,-1.1675,0.5300295000000002,0.5300295000000002,2.532877886985535,2.532877886985535,-2.2275590000000003,-0.10744099999999968,-2.7575885000000007,0.4225885000000005,-3.2876180000000006,0.9526180000000006,OwnHistoryOnly,0,,False,False,,,,,0.0,,,,,,,,,2.532877886985535,Watch,forward_transition,,,-0.5059844013333975,,,-1.217032853615489,-0.36999999999999994,-0.22761730816463763,-0.1423826918353623,0.1423826918353623,mild,0.8266364055991753,0.17224343238567905,0.6894848932714219,current-month,-0.17176850190641088,26,mild stronger than history,|Forward_Robust_Z| >= 2.0,history=moderately above own-history expected value; own z=2.53 watch; pattern=mild stronger than history; historical check type=forward_transition; current month name=August; mark month name=September; current transition=-0.37; transition mean=-0.23; transition delta=-0.14; transition magnitude delta=+0.14; transition degree=mild; transition degree score=0.83; component current-month sd=0.17; component historical month sd=0.69; transition degree scale source=current-month; actual-to-date z=-0.51; mark z=-1.22; transition z=-0.17; pattern years=26
Iroquois-Z2,Global_G05,Global_G05_S01,-0.54,-0.23749999999999982,-0.3025000000000002,Lower than own-history expected value,-0.23749999999999982,0.24462900000000004,0.24462900000000004,-1.2365663923737584,1.2365663923737584,-0.7267579999999999,0.25175800000000026,-0.971387,0.49638700000000036,-1.216016,0.7410160000000003,Subgroup,3,0.7579560636106443,True,True,-0.2786335435271875,-0.2613664564728125,-2.1905978446434538,1.6603769192799138,1.907149207762811,Lower than peer-implied value,0.15593079037574797,-0.5025159041208805,-0.05475118293349446,-0.7263982647145736,0.16913117766019858,-0.6368453204770964,0.07957823342272141,2.272952824723507,Watch,forward_transition,,,0.6117738876576027,,,-0.8194541078949253,-0.5950000000000002,-0.22697267378515312,-0.3680273262148471,0.3680273262148471,very strong,8.11655789955253,0.045342783328772486,0.4121885226123561,current-month,-1.351297300658375,26,very stronger than history,Trusted peer score >= 1.25,history=Lower than own-history expected value; peers=slightly below peer-implied value; subgroup peers=3; peer model trusted; peer score v2=1.91; history/peer direction agree; pattern=very stronger than history; historical check type=forward_transition; current month name=August; mark month name=September; current transition=-0.60; transition mean=-0.23; transition delta=-0.37; transition magnitude delta=+0.37; transition degree=very strong; transition degree score=8.12; component current-month sd=0.05; component historical month sd=0.41; transition degree scale source=current-month; actual-to-date z=0.61; mark z=-0.82; transition z=-1.35; pattern years=26
Transco-65,Global_G09,Global_G09_S01,0.3425,0.7250000000000001,-0.38250000000000006,Lower than own-history expected value,0.7250000000000001,0.214977,0.214977,-1.7792601068951566,1.7792601068951566,0.2950460000000001,1.154954,0.08006900000000006,1.3699310000000002,-0.13490799999999992,1.584908,Subgroup,5,0.9710120362237733,True,True,0.4094658646465747,-0.06696586464657464,-1.2963428218108652,1.2587644830506404,1.2774154774203896,Lower than peer-implied value,0.05442893485197973,0.34042161060259973,0.47851011869054966,0.2713773565586248,0.5475543727345246,0.29899505817621475,0.5199366711169346,2.1903325843217796,Watch,forward_transition,,,0.02368118469315158,,,1.2148320822246812,-0.2024999999999999,-0.39298312543813024,0.19048312543813034,-0.19048312543813034,very strong,5.138308309318737,0.03707117478580914,0.4141699116571738,current-month,0.211031048684296,12,very strong weaker than history,Trusted peer score >= 1.25,history=Lower than own-history expected value; peers=slightly below peer-implied value; subgroup peers=5; peer model trusted; peer score v2=1.28 watch; history/peer direction agree; pattern=very strong weaker than history; historical check type=forward_transition; current month name=August; mark month name=September; current transition=-0.20; transition mean=-0.39; transition delta=+0.19; transition magnitude delta=-0.19; transition degree=very strong; transition degree score=5.14; component current-month sd=0.04; component historical month sd=0.41; transition degree scale source=current-month; actual-to-date z=0.02; mark z=1.21; transition z=0.21; pattern years=12
TGP-Z1 100L,Global_G01,Global_G01_S08,-0.43,-0.41000000000000014,-0.01999999999999985,Lower than own-history expected value,-0.41000000000000014,0.14084700000000028,0.14084700000000028,-0.14199805462665027,0.14199805462665027,-0.6916940000000007,-0.1283059999999996,-0.832541000000001,0.01254100000000069,-0.9733880000000013,0.15338800000000097,Parent,32,0.9314171370156895,True,True,-0.321451942980491,-0.10854805701950906,-2.241612507382527,2.0878763039247943,2.163379217045736,Lower than peer-implied value,0.05066994878795623,-0.3870798216116242,-0.25582406434935784,-0.4527077002427574,-0.19019618571822464,-0.4264565487903041,-0.21644733717067793,2.168034382629384,Watch,forward_transition,,,0.2696883706327385,,,-0.4801336573421077,-0.22000000000000003,-0.06639746810875699,-0.15360253189124304,0.15360253189124304,strong,1.706694798791592,0.08999999999999986,0.17488215142055671,current-month,-1.2348461788486467,10,stronger than history,Trusted peer score >= 1.25,history=Lower than own-history expected value; peers=moderately below peer-implied value; parent peers=32; peer model trusted; peer score v2=2.16 (strong-support); history/peer direction agree; pattern=stronger than history; historical check type=forward_transition; current month name=August; mark month name=September; current transition=-0.22; transition mean=-0.07; transition delta=-0.15; transition magnitude delta=+0.15; transition degree=strong; transition degree score=1.71; component current-month sd=0.09; component historical month sd=0.17; transition degree scale source=current-month; actual-to-date z=0.27; mark z=-0.48; transition z=-1.23; pattern years=10
TGP-Z0 North,Global_G04,Global_G04_S01,-0.5175,-0.44040000000000035,-0.07709999999999961,Lower than own-history expected value,-0.44040000000000035,0.10645068000000012,0.10645068000000012,-0.7242790745911584,0.7242790745911584,-0.6533013600000006,-0.2274986400000001,-0.7597520400000006,-0.12104796000000001,-0.8662027200000009,-0.01459727999999988,Subgroup,5,0.9532504674019628,True,True,-0.4599739401169827,-0.057526059883017185,-1.79977857521157,1.7156397680404678,1.7572056502584386,Lower than peer-implied value,0.030822308582783717,-0.49943526513156994,-0.4205126151023955,-0.5388965901461571,-0.38105129008780836,-0.5231120601403222,-0.3968358200936432,1.9006188137527227,Watch,forward_transition,,,0.3372847676053651,,,-1.2701284789975364,-0.3012,-0.02388433760345256,-0.2773156623965475,0.2773156623965475,very strong,2.368629104840827,0.11707855055474513,0.1748638708507501,current-month,-2.538820246629558,12,very stronger than history,Trusted peer score >= 1.25,history=Lower than own-history expected value; peers=slightly below peer-implied value; subgroup peers=5; peer model trusted; peer score v2=1.76; history/peer direction agree; pattern=very stronger than history; historical check type=forward_transition; current month name=August; mark month name=September; current transition=-0.30; transition mean=-0.02; transition delta=-0.28; transition magnitude delta=+0.28; transition degree=very strong; transition degree score=2.37; component current-month sd=0.12; component historical month sd=0.17; transition degree scale source=current-month; actual-to-date z=0.34; mark z=-1.27; transition z=-2.54; pattern years=12
KRGT-Rec Pool,Global_G02,Global_G02_S01,-0.4975,-0.9100000000000001,0.41250000000000014,Higher than own-history expected value,-0.9100000000000001,0.9009760200000001,0.9009760200000001,0.4578368245583274,0.4578368245583274,-2.7119520400000003,0.8919520400000001,-3.6129280600000007,1.7929280600000004,-4.5139040800000005,2.6939040800000003,Subgroup,4,0.9980219986425682,True,False,-0.43147872795151254,-0.06602127204848744,-1.675192477736124,1.6718789447412026,1.6735348911558048,Lower than peer-implied value,0.03756269052138996,-0.4784785970142247,-0.3844788588888004,-0.5254784660769369,-0.3374789898260882,-0.506678518451852,-0.35627893745117306,1.7350312936190875,Watch,forward_transition,,,-0.0561810684337875,,,-0.376038738148909,-0.3675000000000001,-0.2265393040151156,-0.1409606959848845,0.1409606959848845,moderate,1.2819095134839993,0.10996150235423303,0.9062739950354082,current-month,-0.2092093040534353,26,moderate stronger than history,Trusted peer score >= 1.25,history=Higher than own-history expected value; peers=slightly below peer-implied value; subgroup peers=4; peer model trusted; peer score v2=1.67; history/peer direction disagree; pattern=moderate stronger than history; historical check type=forward_transition; current month name=August; mark month name=September; current transition=-0.37; transition mean=-0.23; transition delta=-0.14; transition magnitude delta=+0.14; transition degree=moderate; transition degree score=1.28; component current-month sd=0.11; component historical month sd=0.91; transition degree scale source=current-month; actual-to-date z=-0.06; mark z=-0.38; transition z=-0.21; pattern years=26
Consumers,Global_G01,Global_G01_S09,-0.3525,-0.3624999999999998,0.009999999999999842,Higher than own-history expected value,-0.3624999999999998,0.1593794999999999,0.1593794999999999,0.06274332646293813,0.06274332646293813,-0.6812589999999996,-0.04374100000000003,-0.8406384999999995,0.11563849999999987,-1.0000179999999994,0.27501799999999976,Parent,31,0.9306591662338447,True,False,-0.2841162384230875,-0.06838376157691246,-1.6291758671283212,1.5162074541499444,1.5716770004874283,Lower than peer-implied value,0.046203248507539145,-0.34398319695533575,-0.22424927989083918,-0.4038501554875841,-0.16438232135859088,-0.3799033720746847,-0.1883291047714902,1.5729288982267429,Watch,forward_transition,,,0.28002631561677904,,,-0.45874607914497506,-0.19249999999999984,-0.041099960063869984,-0.15140003993612985,0.15140003993612985,strong,1.6615703083942943,0.09111864792675525,0.19430890928221853,current-month,-0.9221523192120711,26,stronger than history,Trusted peer score >= 1.25,history=Higher than own-history expected value; peers=slightly below peer-implied value; parent peers=31; peer model trusted; peer score v2=1.57; history/peer direction disagree; pattern=stronger than history; historical check type=forward_transition; current month name=August; mark month name=September; current transition=-0.19; transition mean=-0.04; transition delta=-0.15; transition magnitude delta=+0.15; transition degree=strong; transition degree score=1.66; component current-month sd=0.09; component historical month sd=0.19; transition degree scale source=current-month; actual-to-date z=0.28; mark z=-0.46; transition z=-0.92; pattern years=26
EP-Keystone,Global_G08,Global_G08_S02,-0.8302,-1.5899,0.7597,Higher than own-history expected value,-1.5899,1.18874868,1.18874868,0.6390753678902088,0.6390753678902088,-3.96739736,0.7875973599999999,-5.15614604,1.9763460400000001,-6.34489472,3.16509472,Parent,5,0.997745315584698,True,True,-0.8879381461712105,0.05773814617121059,1.4069602960087981,1.4037880445564384,1.405373275220053,Higher than peer-implied value,0.0594073456284856,-0.962281185547585,-0.8135951067948359,-1.0366242249239597,-0.7392520674184614,-1.0068870091734097,-0.7689892831690113,1.543856006415995,Watch,forward_transition,,,0.7316358903588074,,,0.653136482923994,-0.09710000000000019,-0.14839518047421868,0.051295180474218494,-0.051295180474218494,very strong,2.230242101907686,0.022999826086298903,1.1598584323564463,current-month,0.05835779781589746,12,very strong weaker than history,Trusted peer score >= 1.25,history=Higher than own-history expected value; peers=slightly above peer-implied value; parent peers=5; peer model trusted; peer score v2=1.41 watch; history/peer direction agree; pattern=very strong weaker than history; historical check type=forward_transition; current month name=August; mark month name=September; current transition=-0.10; transition mean=-0.15; transition delta=+0.05; transition magnitude delta=-0.05; transition degree=very strong; transition degree score=2.23; component current-month sd=0.02; component historical month sd=1.16; transition degree scale source=current-month; actual-to-date z=0.73; mark z=0.65; transition z=0.06; pattern years=12
TETCO-WLA,Global_G10,Global_G10_S01,-0.235,-0.27249999999999996,0.03749999999999998,Higher than own-history expected value,-0.27249999999999996,0.10007549999999983,0.10007549999999983,0.3747170885981088,0.3747170885981088,-0.4726509999999996,-0.0723490000000003,-0.5727264999999995,0.027726499999999543,-0.6728019999999992,0.12780199999999936,Subgroup,4,0.8582487540500772,True,False,-0.1663178741826815,-0.06868212581731846,-1.4143612116979716,1.2138737477165416,1.3102884967321988,Lower than peer-implied value,0.046559229007963894,-0.22913950441874978,-0.10349624394661325,-0.29196113465481804,-0.04067461371054498,-0.26683248256039077,-0.06580326580497227,1.3628165104503864,Watch,forward_transition,,,-2.028039624389053,,,-2.9420152962963293,-0.04000000000000015,0.013175178941710912,-0.05317517894171106,0.026824821058289233,slight,0.34496928110027825,0.07776002829217595,0.05918129376682211,current-month,-1.135376557520108,26,slight stronger than history,Trusted peer score >= 1.25,history=Higher than own-history expected value; peers=slightly below peer-implied value; subgroup peers=4; peer model trusted; peer score v2=1.31 watch; history/peer direction disagree; pattern=slight stronger than history; historical check type=forward_transition; current month name=August; mark month name=September; current transition=-0.04; transition mean=+0.01; transition delta=-0.05; transition magnitude delta=+0.03; transition degree=slight; transition degree score=0.34; component current-month sd=0.08; component historical month sd=0.06; transition degree scale source=current-month; actual-to-date z=-2.03; mark z=-2.94; transition z=-1.14; pattern years=26
NGPL-AM Pool,Global_G01,Global_G01_S01,-0.4223,-0.4049999999999998,-0.017300000000000204,Lower than own-history expected value,-0.4049999999999998,0.1445535000000002,0.1445535000000002,-0.11967887321995095,0.11967887321995095,-0.6941070000000003,-0.11589299999999941,-0.8386605000000004,0.028660500000000755,-0.9832140000000006,0.17321400000000098,Subgroup,8,0.9168356013659811,True,True,-0.33642293852553967,-0.08587706147446034,-1.4013073519144053,1.2847684686910141,1.341773267241724,Lower than peer-implied value,0.06149973555903644,-0.4167085144157471,-0.25613736263533227,-0.49699409030595443,-0.17585178674512492,-0.46487985994987147,-0.20796601710120788,1.3471000457945683,Watch,forward_transition,,,0.29246159826109897,,,-0.10668706201621124,-0.18230000000000024,-0.1014653284130845,-0.08083467158691574,0.08083467158691574,mild,0.9934784466607659,0.08136529972906158,0.30071133140120215,current-month,-0.3713223039984304,26,mild stronger than history,Trusted peer score >= 1.25,history=Lower than own-history expected value; peers=slightly below peer-implied value; subgroup peers=8; peer model trusted; peer score v2=1.34 watch; history/peer direction agree; pattern=mild stronger than history; historical check type=forward_transition; current month name=August; mark month name=September; current transition=-0.18; transition mean=-0.10; transition delta=-0.08; transition magnitude delta=+0.08; transition degree=mild; transition degree score=0.99; component current-month sd=0.08; component historical month sd=0.30; transition degree scale source=current-month; actual-to-date z=0.29; mark z=-0.11; transition z=-0.37; pattern years=26
CG-Onshore,Global_G10,Global_G10_S01,-0.15,-0.2875000000000001,0.1375000000000001,Higher than own-history expected value,-0.2875000000000001,0.08154299999999957,0.08154299999999957,1.6862268986914979,1.6862268986914979,-0.45058599999999926,-0.12441400000000094,-0.5321289999999987,-0.04287100000000138,-0.6136719999999984,0.03867199999999821,Subgroup,4,0.8269290157189225,True,True,-0.20292010183351683,0.05292010183351683,0.8463057124710345,0.699834749810974,0.7695934943531971,Higher than peer-implied value,0.06352718196349762,-0.29024447727876446,-0.11559572638826923,-0.377568852724012,-0.028271350943021634,-0.342639102545913,-0.06320110112112068,1.8535466814789185,In-family,forward_transition,,,-0.4802575464628907,,,-1.5347291130659058,-0.015000000000000208,0.01670158655534365,-0.03170158655534386,-0.0017015865553434428,,,0.10460042064924982,0.05371893467297915,current-month,-0.5734926467122247,26,in-line transition,Below trust-gated watch / outlier / strong-outlier thresholds,history=Higher than own-history expected value; peers=Higher than peer-implied value; subgroup peers=4; peer model trusted; history/peer direction agree; pattern=in-line transition; historical check type=forward_transition; current month name=August; mark month name=September; current transition=-0.02; transition mean=+0.02; transition delta=-0.03; transition magnitude delta=-0.00; component current-month sd=0.10; component historical month sd=0.05; transition degree scale source=current-month; actual-to-date z=-0.48; mark z=-1.53; transition z=-0.57; pattern years=26
Sonat-Z0 South,Global_G09,Global_G09_S01,0.4225,0.7050000000000001,-0.2825000000000001,Lower than own-history expected value,0.7050000000000001,0.17049900000000032,0.17049900000000032,-1.6569012134968508,1.6569012134968508,0.36400199999999944,1.0459980000000006,0.1935029999999991,1.216497000000001,0.023003999999998803,1.3869960000000012,Subgroup,5,0.9665800268969686,True,False,0.4038570309415784,0.0186429690584216,0.3599955777750468,0.3479645352485945,0.35392893907116924,Higher than peer-implied value,0.06914171654003848,0.31594845154033113,0.4917656103428256,0.2280398721390839,0.5796741897440729,0.2632033038995828,0.544510757983574,1.694280769293974,In-family,forward_transition,,,0.49344907368121843,,,2.6447055238251207,-0.1725000000000002,-0.21295627722240046,0.04045627722240025,-0.04045627722240025,mild,0.6413534259466592,0.06307953709405298,0.26596573203883783,current-month,0.07749820738776593,26,mild weaker than history,Below trust-gated watch / outlier / strong-outlier thresholds,history=Lower than own-history expected value; peers=Higher than peer-implied value; subgroup peers=5; peer model trusted; history/peer direction disagree; pattern=mild weaker than history; historical check type=forward_transition; current month name=August; mark month name=September; current transition=-0.17; transition mean=-0.21; transition delta=+0.04; transition magnitude delta=-0.04; transition degree=mild; transition degree score=0.64; component current-month sd=0.06; component historical month sd=0.27; transition degree scale source=current-month; actual-to-date z=0.49; mark z=2.64; transition z=0.08; pattern years=26
Transco-Z5 South,Global_G09,Global_G09_S01,0.4662,0.8325,-0.3663,Lower than own-history expected value,0.8325,0.26316149999999966,0.26316149999999966,-1.3919209306832514,1.3919209306832514,0.3061770000000007,1.3588229999999992,0.043015500000000984,1.621984499999999,-0.22014599999999862,1.8851459999999987,Subgroup,5,0.9467652212143702,True,True,0.5326522890545013,-0.06645228905450132,-0.9704899101287571,0.918826094449367,0.9443047462689802,Lower than peer-implied value,0.06775470727024366,0.44561039390716806,0.6196941842018346,0.3585684987598347,0.7067360793491679,0.393385256818768,0.6719193212902347,1.68200931361876,In-family,forward_transition,,,0.187931004110613,,,1.7514960337295944,-0.19880000000000003,-0.2945119343618462,0.09571193436184616,-0.09571193436184616,very strong,3.5060680889736977,0.027298937708269987,0.4625380028853458,current-month,0.15067906175144316,10,very strong weaker than history,Below trust-gated watch / outlier / strong-outlier thresholds,history=Lower than own-history expected value; peers=Lower than peer-implied value; subgroup peers=5; peer model trusted; history/peer direction agree; pattern=very strong weaker than history; historical check type=forward_transition; current month name=August; mark month name=September; current transition=-0.20; transition mean=-0.29; transition delta=+0.10; transition magnitude delta=-0.10; transition degree=very strong; transition degree score=3.51; component current-month sd=0.03; component historical month sd=0.46; transition degree scale source=current-month; actual-to-date z=0.19; mark z=1.75; transition z=0.15; pattern years=10
TGP-500L,Global_G09,Global_G09_S01,0.4188,0.7050000000000001,-0.28620000000000007,Lower than own-history expected value,0.7050000000000001,0.200151,0.200151,-1.4299204100903822,1.4299204100903822,0.3046980000000001,1.105302,0.10454700000000006,1.305453,-0.09560399999999991,1.505604,Subgroup,5,0.9514051366745147,True,False,0.3726341368104026,0.046165863189597395,0.7165815234647727,0.681759342270434,0.6989536094194585,Higher than peer-implied value,0.07561732005729646,0.27572860961098844,0.4695396640098167,0.17882308241157435,0.5664451912092308,0.21758529329134,0.5276829803294651,1.5916056444086693,In-family,forward_transition,,,2.2182485827541507,,,3.7560301693226834,-0.16120000000000007,-0.059823672330884585,-0.10137632766911547,0.10137632766911547,mild,0.9967618726580691,0.10170566355911546,0.13148334747114127,current-month,-0.7507400076491301,26,mild stronger than history,Below trust-gated watch / outlier / strong-outlier thresholds,history=Lower than own-history expected value; peers=Higher than peer-implied value; subgroup peers=5; peer model trusted; history/peer direction disagree; pattern=mild stronger than history; historical check type=forward_transition; current month name=August; mark month name=September; current transition=-0.16; transition mean=-0.06; transition delta=-0.10; transition magnitude delta=+0.10; transition degree=mild; transition degree score=1.00; component current-month sd=0.10; component historical month sd=0.13; transition degree scale source=current-month; actual-to-date z=2.22; mark z=3.76; transition z=-0.75; pattern years=26
Transco-85,Global_G09,Global_G09_S01,0.4517,0.7324999999999999,-0.28079999999999994,Lower than own-history expected value,0.7324999999999999,0.20385750000000025,0.20385750000000025,-1.3774327655347465,1.3774327655347465,0.32478499999999944,1.1402150000000004,0.12092749999999919,1.3440725000000007,-0.08293000000000106,1.547930000000001,Subgroup,5,0.967772642129121,True,False,0.428630506930797,0.02306949306920298,0.6932880308738687,0.6709451893952995,0.6820251235696249,Higher than peer-implied value,0.06062272711175101,0.35160069957279283,0.5056603142888012,0.2745708922147887,0.5826901216468053,0.3053828151579904,0.5518781987036037,1.5370358788098806,In-family,forward_transition,,,0.30021668674472446,,,2.3827086979663274,-0.1533,-0.2606322696967313,0.10733226969673132,-0.10733226969673132,very strong,2.10062808222726,0.05109532268221833,0.30758686043108296,current-month,0.17775530452582491,26,very strong weaker than history,Below trust-gated watch / outlier / strong-outlier thresholds,history=Lower than own-history expected value; peers=Higher than peer-implied value; subgroup peers=5; peer model trusted; history/peer direction disagree; pattern=very strong weaker than history; historical check type=forward_transition; current month name=August; mark month name=September; current transition=-0.15; transition mean=-0.26; transition delta=+0.11; transition magnitude delta=-0.11; transition degree=very strong; transition degree score=2.10; component current-month sd=0.05; component historical month sd=0.31; transition degree scale source=current-month; actual-to-date z=0.30; mark z=2.38; transition z=0.18; pattern years=26
Transco-Z6 (NY),Global_G07,Global_G07_S03,-0.8123,-0.645,-0.1673,Lower than own-history expected value,-0.645,0.16753379999999965,0.16753379999999965,-0.9986044607118107,0.9986044607118107,-0.9800675999999993,-0.3099324000000007,-1.147601399999999,-0.14239860000000104,-1.3151351999999985,0.02513519999999858,Parent,6,0.9689992650593052,True,True,-0.7577746805233928,-0.05452531947660731,-1.0800277819399604,1.0465461269434533,1.0631551590339925,Lower than peer-implied value,0.04575221689703887,-0.8158725801035482,-0.6996767809432374,-0.8739704796837037,-0.6415788813630819,-0.8507313198516415,-0.6648180411951441,1.458598560651326,In-family,forward_transition,,,-0.3750876835986947,,,0.09212809530666115,-0.07730000000000015,-0.29784269480090103,0.22054269480090088,-0.22054269480090088,very strong,2.2782777025227254,0.09680237600389763,0.7061752765523633,current-month,0.8830148780728065,26,very strong weaker than history,Below trust-gated watch / outlier / strong-outlier thresholds,history=Lower than own-history expected value; peers=Lower than peer-implied value; parent peers=6; peer model trusted; history/peer direction agree; pattern=very strong weaker than history; historical check type=forward_transition; current month name=August; mark month name=September; current transition=-0.08; transition mean=-0.30; transition delta=+0.22; transition magnitude delta=-0.22; transition degree=very strong; transition degree score=2.28; component current-month sd=0.10; component historical month sd=0.71; transition degree scale source=current-month; actual-to-date z=-0.38; mark z=0.09; transition z=0.88; pattern years=26
FGT-Z3,Global_G09,Global_G09_S01,0.5783,0.8799999999999999,-0.30169999999999986,Lower than own-history expected value,0.8799999999999999,0.22238999999999987,0.22238999999999987,-1.3566257475605918,1.3566257475605918,0.43522000000000016,1.3247799999999996,0.2128300000000003,1.5471699999999995,-0.009559999999999569,1.7695599999999994,Subgroup,5,0.9064112079489066,True,False,0.5330567297732286,0.045243270226771354,0.440316664749821,0.399107959975919,0.4192062568852017,Higher than peer-implied value,0.116392944608888,0.3802388974745363,0.6858745620719209,0.22742106517584398,0.8386923943706133,0.2885481980953209,0.7775652614511364,1.4199180626909556,In-family,forward_transition,,,0.10727736830035126,,,1.6412572829963519,-0.03169999999999984,-0.2736659277612961,0.24196592776129627,-0.24196592776129627,very strong,5.263328627461157,0.04597203497779922,0.4932321216437597,current-month,0.40627588175343576,26,very strong weaker than history,Below trust-gated watch / outlier / strong-outlier thresholds,history=Lower than own-history expected value; peers=Higher than peer-implied value; subgroup peers=5; peer model trusted; history/peer direction disagree; pattern=very strong weaker than history; historical check type=forward_transition; current month name=August; mark month name=September; current transition=-0.03; transition mean=-0.27; transition delta=+0.24; transition magnitude delta=-0.24; transition degree=very strong; transition degree score=5.26; component current-month sd=0.05; component historical month sd=0.49; transition degree scale source=current-month; actual-to-date z=0.11; mark z=1.64; transition z=0.41; pattern years=26
TCO,Global_G03,Global_G03_S01,-0.8173,-0.6805500000000001,-0.13674999999999993,Lower than own-history expected value,-0.6805500000000001,0.11779257000000003,0.11779257000000003,-1.1609390982809857,1.1609390982809857,-0.9161351400000002,-0.44496486,-1.0339277100000002,-0.32717229000000003,-1.1517202800000002,-0.20937972,Subgroup,4,0.8748717800519248,True,False,-0.8549288219788244,0.03762882197882436,0.757424623832134,0.6626494289071786,0.708453946578462,Higher than peer-implied value,0.06280988451770912,-0.9388682110236717,-0.770989432933977,-1.0228076000685191,-0.6870500438891296,-0.9892318444505801,-0.7206257995070686,1.3600318321054352,In-family,forward_transition,,,-0.6580104963194421,,,-0.228237058094655,-0.05730000000000002,-0.209983447924209,0.152683447924209,-0.152683447924209,very strong,4.202406736538801,0.036332382250548786,0.3946073377691944,current-month,0.8135844640320857,26,very strong weaker than history,Below trust-gated watch / outlier / strong-outlier thresholds,history=Lower than own-history expected value; peers=Higher than peer-implied value; subgroup peers=4; peer model trusted; history/peer direction disagree; pattern=very strong weaker than history; historical check type=forward_transition; current month name=August; mark month name=September; current transition=-0.06; transition mean=-0.21; transition delta=+0.15; transition magnitude delta=-0.15; transition degree=very strong; transition degree score=4.20; component current-month sd=0.04; component historical month sd=0.39; transition degree scale source=current-month; actual-to-date z=-0.66; mark z=-0.23; transition z=0.81; pattern years=26
CG-Mainline,Global_G01,Global_G01_S10,-0.3233,-0.4049999999999998,0.08169999999999983,Higher than own-history expected value,-0.4049999999999998,0.06671699999999924,0.06671699999999924,1.2245754455386297,1.2245754455386297,-0.5384339999999983,-0.2715660000000013,-0.6051509999999976,-0.2048490000000021,-0.6718679999999968,-0.13813200000000286,Parent,32,0.8601700266157061,True,True,-0.32512124064529047,0.0018212406452905638,0.10069619718796397,0.08661585061527136,0.09339104225330497,Higher than peer-implied value,0.08252418888588132,-0.4363453981813337,-0.2138970831092472,-0.547569555717377,-0.10267292557320398,-0.5030798927029596,-0.1471625885876213,1.2281314704009878,In-family,forward_transition,,,0.16664937982880876,,,-0.044832185257451675,-0.07829999999999987,-0.035224324567729455,-0.043075675432270415,0.043075675432270415,slight,0.46321845788005306,0.09299213945275155,0.1622324031006228,current-month,-0.38435815940958734,26,slight stronger than history,Below trust-gated watch / outlier / strong-outlier thresholds,history=Higher than own-history expected value; peers=Higher than peer-implied value; parent peers=32; peer model trusted; history/peer direction agree; pattern=slight stronger than history; historical check type=forward_transition; current month name=August; mark month name=September; current transition=-0.08; transition mean=-0.04; transition delta=-0.04; transition magnitude delta=+0.04; transition degree=slight; transition degree score=0.46; component current-month sd=0.09; component historical month sd=0.16; transition degree scale source=current-month; actual-to-date z=0.17; mark z=-0.04; transition z=-0.38; pattern years=26
Eastern Gas-South,Global_G03,Global_G03_S03,-0.9343,-0.7875000000000001,-0.14679999999999993,Lower than own-history expected value,-0.7875000000000001,0.12231450000000002,0.12231450000000002,-1.200184769589868,1.200184769589868,-1.032129,-0.5428710000000001,-1.1544435000000002,-0.4205565,-1.276758,-0.298242,Parent,9,0.9394905004727513,True,True,-0.9265422836153309,-0.007757716384668931,-0.23454357553110647,0.22035146115838775,0.22733679766723203,Lower than peer-implied value,0.04296077138691924,-0.9819456159841828,-0.8711389512464789,-1.037348948353035,-0.8157356188776269,-1.015187615405494,-0.8378969518251677,1.2215258903228685,In-family,forward_transition,,,-0.19782174832856222,,,0.1884690385417459,-0.054300000000000126,-0.22154909207242846,0.16724909207242833,-0.16724909207242833,very strong,4.477602486213992,0.0373523760957719,0.6791318424340956,current-month,0.7907419786031452,26,very strong weaker than history,Below trust-gated watch / outlier / strong-outlier thresholds,history=Lower than own-history expected value; peers=Lower than peer-implied value; parent peers=9; peer model trusted; history/peer direction agree; pattern=very strong weaker than history; historical check type=forward_transition; current month name=August; mark month name=September; current transition=-0.05; transition mean=-0.22; transition delta=+0.17; transition magnitude delta=-0.17; transition degree=very strong; transition degree score=4.48; component current-month sd=0.04; component historical month sd=0.68; transition degree scale source=current-month; actual-to-date z=-0.20; mark z=0.19; transition z=0.79; pattern years=26
Leidy-Transco,Global_G03,Global_G03_S04,-0.9002,-0.7175,-0.18269999999999997,Lower than own-history expected value,-0.7175,0.15196649999999973,0.15196649999999973,-1.202238651281699,1.202238651281699,-1.0214329999999996,-0.4135670000000006,-1.1733994999999993,-0.26160050000000085,-1.325365999999999,-0.10963400000000112,Parent,10,0.9202858600814627,True,True,-0.891704121403644,-0.00849587859635596,-0.1751596468828402,0.16119694628313988,0.16803333059112688,Lower than peer-implied value,0.053893972527615686,-0.9619286503991814,-0.8214795924081065,-1.0321531793947187,-0.7512550634125691,-1.0040633677965038,-0.7793448750107841,1.2139246166155397,In-family,forward_transition,,,-0.04736440879285827,,,0.5185023549087687,-0.030200000000000116,-0.2385885997120872,0.2083885997120871,-0.2083885997120871,very strong,2.647744142417046,0.07870420573260353,0.5446063638103983,current-month,1.040190467121841,13,very strong weaker than history,Below trust-gated watch / outlier / strong-outlier thresholds,history=Lower than own-history expected value; peers=Lower than peer-implied value; parent peers=10; peer model trusted; history/peer direction agree; pattern=very strong weaker than history; historical check type=forward_transition; current month name=August; mark month name=September; current transition=-0.03; transition mean=-0.24; transition delta=+0.21; transition magnitude delta=-0.21; transition degree=very strong; transition degree score=2.65; component current-month sd=0.08; component historical month sd=0.54; transition degree scale source=current-month; actual-to-date z=-0.05; mark z=0.52; transition z=1.04; pattern years=13
NGPL-MidAm,Global_G01,Global_G01_S02,-0.2838,-0.40480000000000027,0.12100000000000027,Higher than own-history expected value,-0.40480000000000027,0.18562151999999996,0.18562151999999996,0.6518640726570945,0.6518640726570945,-0.7760430400000002,-0.03355696000000036,-0.9616645600000001,0.15206455999999957,-1.1472860800000002,0.33768607999999956,Subgroup,4,0.9976271317858378,True,False,-0.2789009435339249,-0.004899056466075101,-1.0193351367587655,1.016916388813172,1.0181250445122665,Lower than peer-implied value,0.0065954191030335885,-0.28715501614220745,-0.2706468709256424,-0.29540908875049,-0.26239279831735984,-0.292107459707177,-0.26569442736067284,1.208927365677607,In-family,forward_transition,,,0.16638951069185104,,,-0.008575997271001123,-0.0963,-0.07330245644972945,-0.022997543550270547,0.022997543550270547,slight,0.32277254105642955,0.07124999999999981,0.14876621091001385,current-month,-0.15345392516775055,12,slight stronger than history,Below trust-gated watch / outlier / strong-outlier thresholds,history=Higher than own-history expected value; peers=Lower than peer-implied value; subgroup peers=4; peer model trusted; history/peer direction disagree; pattern=slight stronger than history; historical check type=forward_transition; current month name=August; mark month name=September; current transition=-0.10; transition mean=-0.07; transition delta=-0.02; transition magnitude delta=+0.02; transition degree=slight; transition degree score=0.32; component current-month sd=0.07; component historical month sd=0.15; transition degree scale source=current-month; actual-to-date z=0.17; mark z=-0.01; transition z=-0.15; pattern years=12
GTN-Malin,Global_G15,Global_G15_S01,-0.4,-1.5923000000000003,1.1923000000000004,Higher than own-history expected value,-1.5923000000000003,0.9928972200000002,0.9928972200000002,1.200829225808488,1.200829225808488,-3.578094440000001,0.3934944400000002,-4.570991660000001,1.3863916600000006,-5.563888880000001,2.3792888800000007,OwnHistoryOnly,0,,False,False,,,,,0.0,,,,,,,,,1.200829225808488,In-family,forward_transition,,,-0.10605606982820971,,,-0.8639673479812183,-0.3319000000000002,-0.17501482587088357,-0.15688517412911662,0.15688517412911662,strong,1.5868308306475682,0.09886698134362155,0.4611509204451532,current-month,-0.2329661482454129,12,stronger than history,Below trust-gated watch / outlier / strong-outlier thresholds,history=Higher than own-history expected value; pattern=stronger than history; historical check type=forward_transition; current month name=August; mark month name=September; current transition=-0.33; transition mean=-0.18; transition delta=-0.16; transition magnitude delta=+0.16; transition degree=strong; transition degree score=1.59; component current-month sd=0.10; component historical month sd=0.46; transition degree scale source=current-month; actual-to-date z=-0.11; mark z=-0.86; transition z=-0.23; pattern years=12
HSC-HPL Pool,Global_G13,Global_G13_S01,-0.3672,-0.44750000000000023,0.0803000000000002,Higher than own-history expected value,-0.44750000000000023,0.07783649999999966,0.07783649999999966,1.0316496759232565,1.0316496759232565,-0.6031729999999995,-0.29182700000000095,-0.6810094999999992,-0.21399050000000125,-0.7588459999999988,-0.1361540000000016,Subgroup,3,0.8884811115620828,True,True,-0.3954757697380038,0.0282757697380038,0.6421537574098166,0.5705414841772419,0.6052894826631215,Higher than peer-implied value,0.04577204739477628,-0.45617542886964635,-0.33477611060636125,-0.5168750880012889,-0.2740764514747187,-0.4925952243486319,-0.2983563151273757,1.1961088627943317,In-family,forward_transition,,,-0.9860813864771497,,,-0.5203378958414693,0.012799999999999867,-0.030511250209793346,0.04331125020979321,-0.01771125020979348,,,0.0335313584574202,0.15983874213765983,current-month,0.3649615350902223,26,in-line transition,Below trust-gated watch / outlier / strong-outlier thresholds,history=Higher than own-history expected value; peers=Higher than peer-implied value; subgroup peers=3; peer model trusted; history/peer direction agree; pattern=in-line transition; historical check type=forward_transition; current month name=August; mark month name=September; current transition=+0.01; transition mean=-0.03; transition delta=+0.04; transition magnitude delta=-0.02; component current-month sd=0.03; component historical month sd=0.16; transition degree scale source=current-month; actual-to-date z=-0.99; mark z=-0.52; transition z=0.36; pattern years=26
Pine Prairie,Global_G10,Global_G10_S01,-0.185,-0.25,0.065,Higher than own-history expected value,-0.25,0.10007549999999983,0.10007549999999983,0.6495096202367224,0.6495096202367224,-0.45015099999999963,-0.04984900000000034,-0.5502264999999995,0.05022649999999951,-0.6503019999999993,0.15030199999999933,Subgroup,4,0.8976730099862975,True,False,-0.13568908623399714,-0.049310913766002835,-1.0581313676689712,0.949855969776323,1.0025329901743671,Lower than peer-implied value,0.041192652998680544,-0.19003547518403335,-0.08134269728396093,-0.2443818641340696,-0.026996308333924704,-0.22264330855405506,-0.048734863913939205,1.1945439059189114,In-family,forward_transition,,,-1.1163629795468024,,,-2.517138612573288,-0.05000000000000021,0.022116361652613773,-0.07211636165261398,0.027883638347386438,,,0.10152067769671365,0.059790400591815396,current-month,-2.7725245215655114,12,opposite transition,Below trust-gated watch / outlier / strong-outlier thresholds,history=Higher than own-history expected value; peers=Lower than peer-implied value; subgroup peers=4; peer model trusted; history/peer direction disagree; pattern=opposite transition; historical check type=forward_transition; current month name=August; mark month name=September; current transition=-0.05; transition mean=+0.02; transition delta=-0.07; transition magnitude delta=+0.03; component current-month sd=0.10; component historical month sd=0.06; transition degree scale source=current-month; actual-to-date z=-1.12; mark z=-2.52; transition z=-2.77; pattern years=12
Trunkline-Z1A,Global_G01,Global_G01_S01,-0.375,-0.395,0.020000000000000018,Higher than own-history expected value,-0.395,0.1111949999999996,0.1111949999999996,0.17986420252709284,0.17986420252709284,-0.6173899999999992,-0.17261000000000082,-0.7285849999999988,-0.06141500000000122,-0.8397799999999984,0.04977999999999838,Subgroup,8,0.9257807039120125,True,False,-0.30484933299045447,-0.0701506670095456,-1.2137978317576545,1.1237106110914759,1.1678859119220089,Lower than peer-implied value,0.05670651251583255,-0.37851903098452133,-0.23117963499638758,-0.45218872897858825,-0.1575099370023207,-0.4227208497809615,-0.1869778161999474,1.181655040448188,In-family,forward_transition,,,0.2544466287609169,,,-0.2835305073477929,-0.17499999999999982,-0.08038031491170906,-0.09461968508829076,0.09461968508829076,mild,0.84168530634125,0.1124169382255183,0.1520755315767908,current-month,-0.7130549532654591,18,mild stronger than history,Below trust-gated watch / outlier / strong-outlier thresholds,history=Higher than own-history expected value; peers=Lower than peer-implied value; subgroup peers=8; peer model trusted; history/peer direction disagree; pattern=mild stronger than history; historical check type=forward_transition; current month name=August; mark month name=September; current transition=-0.17; transition mean=-0.08; transition delta=-0.09; transition magnitude delta=+0.09; transition degree=mild; transition degree score=0.84; component current-month sd=0.11; component historical month sd=0.15; transition degree scale source=current-month; actual-to-date z=0.25; mark z=-0.28; transition z=-0.71; pattern years=18
White River Hub,Global_G02,Global_G02_S04,-0.5625,-0.9199999999999999,0.35749999999999993,Higher than own-history expected value,-0.9199999999999999,0.845082,0.845082,0.4230358710752328,0.4230358710752328,-2.610164,0.7701640000000001,-3.455246,1.615246,-4.300328,2.460328,Parent,13,0.9952846961197781,True,False,-0.5209780496550888,-0.0415219503449112,-1.013992460510811,1.0092111779272486,1.0115989944051273,Lower than peer-implied value,0.0523592833626632,-0.5865820079195867,-0.4553740913905908,-0.6521859661840845,-0.38977013312609293,-0.6259443828782855,-0.41601171643189205,1.0964907084411823,In-family,forward_transition,,,-0.03973463146442828,,,-0.5720473809102398,-0.34250000000000025,-0.24548139025032195,-0.0970186097496783,0.0970186097496783,mild,0.7416472706474659,0.13081502971753678,0.25634292020905286,current-month,-0.2043039893567953,15,mild stronger than history,Below trust-gated watch / outlier / strong-outlier thresholds,history=Higher than own-history expected value; peers=Lower than peer-implied value; parent peers=13; peer model trusted; history/peer direction disagree; pattern=mild stronger than history; historical check type=forward_transition; current month name=August; mark month name=September; current transition=-0.34; transition mean=-0.25; transition delta=-0.10; transition magnitude delta=+0.10; transition degree=mild; transition degree score=0.74; component current-month sd=0.13; component historical month sd=0.26; transition degree scale source=current-month; actual-to-date z=-0.04; mark z=-0.57; transition z=-0.20; pattern years=15
TETCO-M2 (receipt),Global_G03,Global_G03_S03,-0.9195,-0.77,-0.14949999999999997,Lower than own-history expected value,-0.77,0.1371404999999997,0.1371404999999997,-1.090122903154067,1.090122903154067,-1.0442809999999993,-0.49571900000000063,-1.181421499999999,-0.3585785000000009,-1.3185619999999987,-0.22143800000000124,Parent,9,0.9356452600391533,True,True,-0.9167528492757312,-0.0027471507242686453,0.012185064255862582,0.011400897614270338,0.011786461301187667,Lower than peer-implied value,0.04349310379197483,-0.9729578300211725,-0.8605478685302899,-1.0291628107666138,-0.8043428877848485,-1.0066808184684373,-0.8268248800830251,1.0901866191854748,In-family,forward_transition,,,0.05236828639832161,,,0.5223207130073351,-0.07450000000000001,-0.24174896116781353,0.16724896116781351,-0.16724896116781351,very strong,2.9061463302103525,0.05755008253686514,0.5319486204303234,current-month,0.7641368463776829,13,very strong weaker than history,Below trust-gated watch / outlier / strong-outlier thresholds,history=Lower than own-history expected value; peers=Lower than peer-implied value; parent peers=9; peer model trusted; history/peer direction agree; pattern=very strong weaker than history; historical check type=forward_transition; current month name=August; mark month name=September; current transition=-0.07; transition mean=-0.24; transition delta=+0.17; transition magnitude delta=-0.17; transition degree=very strong; transition degree score=2.91; component current-month sd=0.06; component historical month sd=0.53; transition degree scale source=current-month; actual-to-date z=0.05; mark z=0.52; transition z=0.76; pattern years=13
Millennium East Pool,Global_G03,Global_G03_S04,-0.905,-0.8000000000000003,-0.10499999999999976,Lower than own-history expected value,-0.8000000000000003,0.14455349999999986,0.14455349999999986,-0.7263746640517169,0.7263746640517169,-1.089107,-0.5108930000000005,-1.2336604999999998,-0.3663395000000007,-1.3782139999999998,-0.22178600000000082,Parent,9,0.9166981609334689,True,False,-0.9464796926650536,0.041479692665053566,0.8375602534822523,0.7677899440381507,0.8019166665868205,Higher than peer-implied value,0.05571688848987801,-1.0192214331588774,-0.8737379521712297,-1.0919631736527013,-0.8009962116774059,-1.0628664774551717,-0.8300929078749354,1.0819845159363244,In-family,forward_transition,,,-0.12151843477179794,,,0.45563926526776827,-0.015000000000000124,-0.2201529278291064,0.20515292782910627,-0.20515292782910627,very strong,3.9838839695506856,0.05149570855906329,0.49868475292310693,current-month,1.0466535044226424,13,very strong weaker than history,Below trust-gated watch / outlier / strong-outlier thresholds,history=Lower than own-history expected value; peers=Higher than peer-implied value; parent peers=9; peer model trusted; history/peer direction disagree; pattern=very strong weaker than history; historical check type=forward_transition; current month name=August; mark month name=September; current transition=-0.02; transition mean=-0.22; transition delta=+0.21; transition magnitude delta=-0.21; transition degree=very strong; transition degree score=3.98; component current-month sd=0.05; component historical month sd=0.50; transition degree scale source=current-month; actual-to-date z=-0.12; mark z=0.46; transition z=1.05; pattern years=13
GTN-Stanfield,Global_OUTLIER,Global_OUTLIER_S04,-0.6325,-1.64,1.0074999999999998,Higher than own-history expected value,-1.64,0.9562769999999996,0.9562769999999996,1.053565023523519,1.053565023523519,-3.552553999999999,0.2725539999999993,-4.508830999999999,1.228830999999999,-5.465107999999998,2.1851079999999987,OwnHistoryOnly,0,,False,False,,,,,0.0,,,,,,,,,1.053565023523519,In-family,forward_transition,,,0.329417153883412,,,-0.8505206468722775,-0.5375000000000002,0.07116279922155676,-0.608662799221557,0.46633720077844343,,,0.11648047046608295,0.5046316260506948,current-month,-0.6410466419693156,26,opposite transition,Below trust-gated watch / outlier / strong-outlier thresholds,history=Higher than own-history expected value; pattern=opposite transition; historical check type=forward_transition; current month name=August; mark month name=September; current transition=-0.54; transition mean=+0.07; transition delta=-0.61; transition magnitude delta=+0.47; component current-month sd=0.12; component historical month sd=0.50; transition degree scale source=current-month; actual-to-date z=0.33; mark z=-0.85; transition z=-0.64; pattern years=26
NWP-Sumas,Global_OUTLIER,Global_OUTLIER_S05,-0.5933,-1.6400000000000001,1.0467,Higher than own-history expected value,-1.6400000000000001,1.0007549999999996,1.0007549999999996,1.0459103376950407,1.0459103376950407,-3.6415099999999994,0.3615099999999991,-4.642264999999998,1.3622649999999985,-5.643019999999998,2.3630199999999983,OwnHistoryOnly,0,,False,False,,,,,0.0,,,,,,,,,1.0459103376950407,In-family,forward_transition,,,0.3520338708955826,,,0.20803056203600775,-0.4033000000000001,-0.16565766797670617,-0.23764233202329393,0.23764233202329393,very strong,3.802277312372703,0.0625,0.5987910872750659,current-month,-0.33220765236964206,26,very stronger than history,Below trust-gated watch / outlier / strong-outlier thresholds,history=Higher than own-history expected value; pattern=very stronger than history; historical check type=forward_transition; current month name=August; mark month name=September; current transition=-0.40; transition mean=-0.17; transition delta=-0.24; transition magnitude delta=+0.24; transition degree=very strong; transition degree score=3.80; component current-month sd=0.06; component historical month sd=0.60; transition degree scale source=current-month; actual-to-date z=0.35; mark z=0.21; transition z=-0.33; pattern years=26
TETCO-STX,Global_G04,Global_G04_S01,-0.515,-0.4500000000000002,-0.06499999999999984,Lower than own-history expected value,-0.4500000000000002,0.09636899999999991,0.09636899999999991,-0.6744907594765941,0.6744907594765941,-0.642738,-0.2572620000000003,-0.739107,-0.16089300000000045,-0.8354759999999999,-0.06452400000000053,Subgroup,5,0.9424559146660669,True,True,-0.48234841784128674,-0.03265158215871331,-0.8066122890335431,0.7601965226419978,0.783060570609708,Lower than peer-implied value,0.027945705995108677,-0.5183311864919637,-0.4463656491906097,-0.5543139551426408,-0.41038288053993266,-0.53992084768237,-0.42477598800020344,1.0334997057875315,In-family,forward_transition,,,-0.35079079228371857,,,-2.0736770718553514,-0.29500000000000026,0.010304483977423876,-0.30530448397742416,0.28469551602257637,very strong,2.2280662269636813,0.12777695410362552,0.14034143776049823,current-month,-3.553524226472806,26,very stronger than history,Below trust-gated watch / outlier / strong-outlier thresholds,history=Lower than own-history expected value; peers=Lower than peer-implied value; subgroup peers=5; peer model trusted; history/peer direction agree; pattern=very stronger than history; historical check type=forward_transition; current month name=August; mark month name=September; current transition=-0.30; transition mean=+0.01; transition delta=-0.31; transition magnitude delta=+0.28; transition degree=very strong; transition degree score=2.23; component current-month sd=0.13; component historical month sd=0.14; transition degree scale source=current-month; actual-to-date z=-0.35; mark z=-2.07; transition z=-3.55; pattern years=26
CIG-Mainline,Global_G02,Global_G02_S04,-0.5837,-0.9699999999999998,0.38629999999999975,Higher than own-history expected value,-0.9699999999999998,0.8821469999999996,0.8821469999999996,0.43790887459799777,0.43790887459799777,-2.734293999999999,0.7942939999999994,-3.6164409999999982,1.6764409999999987,-4.498587999999998,2.5585879999999985,Parent,13,0.9949539116681714,True,False,-0.542309392942165,-0.04139060705783502,-0.8945621730621848,0.8900481333186004,0.8923022987034317,Lower than peer-implied value,0.052950911909768,-0.6086656643712182,-0.4759531215131118,-0.6750219358002713,-0.40959685008405866,-0.64847942722865,-0.43613935865567993,0.9939655802507013,In-family,forward_transition,,,0.5487100428511005,,,-0.11311125061463753,-0.3287000000000001,-0.13371148444806885,-0.19498851555193125,0.19498851555193125,strong,1.6538429236619079,0.11790026293439727,0.8155077876600374,current-month,-0.68265230365916,26,stronger than history,Below trust-gated watch / outlier / strong-outlier thresholds,history=Higher than own-history expected value; peers=Lower than peer-implied value; parent peers=13; peer model trusted; history/peer direction disagree; pattern=stronger than history; historical check type=forward_transition; current month name=August; mark month name=September; current transition=-0.33; transition mean=-0.13; transition delta=-0.19; transition magnitude delta=+0.19; transition degree=strong; transition degree score=1.65; component current-month sd=0.12; component historical month sd=0.82; transition degree scale source=current-month; actual-to-date z=0.55; mark z=-0.11; transition z=-0.68; pattern years=26
Transco-165,Global_G16,Global_G16_S01,-0.8017,-0.6699999999999999,-0.13170000000000004,Lower than own-history expected value,-0.6699999999999999,0.13343399999999978,0.13343399999999978,-0.9870048113674196,0.9870048113674196,-0.9368679999999995,-0.4031320000000004,-1.0703019999999992,-0.2696980000000006,-1.203735999999999,-0.13626400000000083,OwnHistoryOnly,0,,False,False,,,,,0.0,,,,,,,,,0.9870048113674196,In-family,forward_transition,,,,,,,,,,,,,,,,,2,,Below trust-gated watch / outlier / strong-outlier thresholds,history=Lower than own-history expected value
REX E-ANR,Global_G01,Global_G01_S01,-0.3425,-0.29000000000000004,-0.05249999999999999,Lower than own-history expected value,-0.29000000000000004,0.12661403999999987,0.12661403999999987,-0.4146459586946285,0.4146459586946285,-0.5432280799999998,-0.03677192000000029,-0.6698421199999997,0.08984211999999958,-0.7964561599999995,0.21645615999999945,Subgroup,8,0.9689545186501134,True,True,-0.3087967704646667,-0.033703229535333376,-0.9038031962338835,0.8757441909612366,0.8896630816629529,Lower than peer-implied value,0.036120732068812486,-0.35466530452966166,-0.2629282363996717,-0.4005338385946567,-0.2170597023346767,-0.3821864249686587,-0.2354071159606747,0.9815455516356894,In-family,forward_transition,,,0.3996610619770371,,,-0.028173214509888442,-0.12250000000000028,-0.06116367499215192,-0.06133632500784836,0.06133632500784836,mild,0.6522042321832296,0.09404465960382881,0.166248815403023,current-month,-0.36345298066928766,11,mild stronger than history,Below trust-gated watch / outlier / strong-outlier thresholds,history=Lower than own-history expected value; peers=Lower than peer-implied value; subgroup peers=8; peer model trusted; history/peer direction agree; pattern=mild stronger than history; historical check type=forward_transition; current month name=August; mark month name=September; current transition=-0.12; transition mean=-0.06; transition delta=-0.06; transition magnitude delta=+0.06; transition degree=mild; transition degree score=0.65; component current-month sd=0.09; component historical month sd=0.17; transition degree scale source=current-month; actual-to-date z=0.40; mark z=-0.03; transition z=-0.36; pattern years=11
Transco-Z6 Sta-210,Global_G07,Global_G07_S01,-0.8668,-0.7092,-0.15759999999999996,Lower than own-history expected value,-0.7092,0.1694611800000001,0.1694611800000001,-0.9300065065049109,0.9300065065049109,-1.0481223600000003,-0.37027763999999985,-1.2175835400000004,-0.20081645999999975,-1.3870447200000005,-0.03135527999999965,Subgroup,2,0.9998580513327955,False,True,-0.8661999999999996,-0.000600000000000378,-0.26979630379071795,0.26975800656497817,0.0,Lower than peer-implied value,0.0022609646141104165,-0.8690264063770661,-0.8633735936229332,-0.8718528127541325,-0.8605471872458668,-0.870722250203306,-0.8616777497966933,0.9300065065049109,In-family,forward_transition,,,-0.5316545332264137,,,0.08119847964718428,-0.025900000000000034,-0.26845032078099995,0.24255032078099992,-0.24255032078099992,very strong,2.2572176562533546,0.10745544192827083,0.48464949179842,current-month,1.247342739331127,9,very strong weaker than history,Below trust-gated watch / outlier / strong-outlier thresholds,history=Lower than own-history expected value; peers=Lower than peer-implied value; subgroup peers=2; peer model untrusted; pattern=very strong weaker than history; historical check type=forward_transition; current month name=August; mark month name=September; current transition=-0.03; transition mean=-0.27; transition delta=+0.24; transition magnitude delta=-0.24; transition degree=very strong; transition degree score=2.26; component current-month sd=0.11; component historical month sd=0.48; transition degree scale source=current-month; actual-to-date z=-0.53; mark z=0.08; transition z=1.25; pattern years=9
NWP-Rocky Mtn,Global_G02,Global_G02_S01,-0.4625,-0.9983000000000002,0.5358000000000002,Higher than own-history expected value,-0.9983000000000002,0.9324071400000001,0.9324071400000001,0.5746416742368576,0.5746416742368576,-2.8631142800000005,0.8665142800000001,-3.795521420000001,1.7989214200000003,-4.7279285600000005,2.7313285600000006,Subgroup,4,0.9982216602529275,True,True,-0.48887707577393197,0.026377075773931963,0.7291020374692835,0.7278054463363803,0.7284534534238246,Higher than peer-implied value,0.0290265743095795,-0.5251925986985567,-0.4525615528493072,-0.5615081216231814,-0.41624602992468246,-0.5469819124533316,-0.4307722390945324,0.9278240606789818,In-family,forward_transition,,,0.11156827936643386,,,-0.022554469572663695,-0.31310000000000004,-0.2525111450722768,-0.06058885492772326,0.06058885492772326,slight,0.4036098593605356,0.15011738073920686,0.29029616675292297,current-month,-0.11215900236401842,12,slight stronger than history,Below trust-gated watch / outlier / strong-outlier thresholds,history=Higher than own-history expected value; peers=Higher than peer-implied value; subgroup peers=4; peer model trusted; history/peer direction agree; pattern=slight stronger than history; historical check type=forward_transition; current month name=August; mark month name=September; current transition=-0.31; transition mean=-0.25; transition delta=-0.06; transition magnitude delta=+0.06; transition degree=slight; transition degree score=0.40; component current-month sd=0.15; component historical month sd=0.29; transition degree scale source=current-month; actual-to-date z=0.11; mark z=-0.02; transition z=-0.11; pattern years=12
Transco-Z6 (non-NY north),Global_G07,Global_G07_S01,-0.8668,-0.71,-0.15680000000000005,Lower than own-history expected value,-0.71,0.17049900000000032,0.17049900000000032,-0.9196534877037388,0.9196534877037388,-1.0509980000000005,-0.36900199999999933,-1.221497000000001,-0.19850299999999899,-1.3919960000000011,-0.028003999999998697,Subgroup,2,0.9999242856399753,False,False,-0.8674000000000004,0.000600000000000378,0.26979630379071795,0.2697758763362394,0.0,Higher than peer-implied value,0.0016570157276417934,-0.869471348076434,-0.8653286519235668,-0.8715426961528676,-0.8632573038471332,-0.8707141569222941,-0.8640858430777066,0.9196534877037388,In-family,forward_transition,,,-0.5125802294840704,,,0.17808329937295225,-0.026800000000000157,-0.29393349993997586,0.2671334999399757,-0.2671334999399757,very strong,3.0529542850282967,0.08749999999999991,0.49410883523341137,current-month,1.1461504009309909,11,very strong weaker than history,Below trust-gated watch / outlier / strong-outlier thresholds,history=Lower than own-history expected value; peers=Higher than peer-implied value; subgroup peers=2; peer model untrusted; pattern=very strong weaker than history; historical check type=forward_transition; current month name=August; mark month name=September; current transition=-0.03; transition mean=-0.29; transition delta=+0.27; transition magnitude delta=-0.27; transition degree=very strong; transition degree score=3.05; component current-month sd=0.09; component historical month sd=0.49; transition degree scale source=current-month; actual-to-date z=-0.51; mark z=0.18; transition z=1.15; pattern years=11
TGP-Z4 Marcellus,Global_G03,Global_G03_S02,-0.9825,-0.8599999999999999,-0.12250000000000016,Lower than own-history expected value,-0.8599999999999999,0.13343399999999978,0.13343399999999978,-0.9180568670653684,0.9180568670653684,-1.1268679999999995,-0.5931320000000003,-1.2603019999999991,-0.45969800000000055,-1.393735999999999,-0.3262640000000008,Parent,9,0.9167444908015265,True,True,-0.9804075583790522,-0.002092441620947799,-0.04873788132436923,0.0446801841974541,0.04666494953352543,Lower than peer-implied value,0.05401201555936946,-1.0509217031155456,-0.9098934136425589,-1.1214358478520388,-0.8393792689060657,-1.0932301899574415,-0.867584926800663,0.9192420947067459,In-family,forward_transition,,,-0.041690533683523115,,,0.34187558800762147,-0.057499999999999996,-0.21767197054508355,0.16017197054508356,-0.16017197054508356,very strong,2.2499454359203477,0.07118926885423098,0.7456614133373013,current-month,0.6172276424441856,18,very strong weaker than history,Below trust-gated watch / outlier / strong-outlier thresholds,history=Lower than own-history expected value; peers=Lower than peer-implied value; parent peers=9; peer model trusted; history/peer direction agree; pattern=very strong weaker than history; historical check type=forward_transition; current month name=August; mark month name=September; current transition=-0.06; transition mean=-0.22; transition delta=+0.16; transition magnitude delta=-0.16; transition degree=very strong; transition degree score=2.25; component current-month sd=0.07; component historical month sd=0.75; transition degree scale source=current-month; actual-to-date z=-0.04; mark z=0.34; transition z=0.62; pattern years=18
NWP-Wyoming,Global_G02,Global_G02_S01,-0.4625,-1.0150000000000001,0.5525000000000001,Higher than own-history expected value,-1.0150000000000001,0.9414509999999996,0.9414509999999996,0.5868600702532584,0.5868600702532584,-2.8979019999999993,0.8679019999999991,-3.8393529999999987,1.8093529999999984,-4.780803999999998,2.7508039999999983,Subgroup,4,0.9983480409013323,True,True,-0.49100235106744533,0.028502351067445288,0.6592742314778206,0.6581851374126136,0.6587294593669123,Higher than peer-implied value,0.03637956303760479,-0.5365144124343499,-0.4454902897005408,-0.5820264738012545,-0.39997822833363617,-0.5638216492544926,-0.41818305288039803,0.8822296995088547,In-family,forward_transition,,,0.030694583715443712,,,0.08143881515789565,-0.24750000000000016,-0.2656158764347808,0.01811587643478063,-0.01811587643478063,,,0.08551986903638249,0.8069306244553127,current-month,0.0320561252387708,26,in-line transition,Below trust-gated watch / outlier / strong-outlier thresholds,history=Higher than own-history expected value; peers=Higher than peer-implied value; subgroup peers=4; peer model trusted; history/peer direction agree; pattern=in-line transition; historical check type=forward_transition; current month name=August; mark month name=September; current transition=-0.25; transition mean=-0.27; transition delta=+0.02; transition magnitude delta=-0.02; component current-month sd=0.09; component historical month sd=0.81; transition degree scale source=current-month; actual-to-date z=0.03; mark z=0.08; transition z=0.03; pattern years=26
TETCO-M3,Global_G07,Global_G07_S02,-0.8277,-0.685,-0.14269999999999994,Lower than own-history expected value,-0.685,0.16308599999999981,0.16308599999999981,-0.8749984670664563,0.8749984670664563,-1.0111719999999997,-0.3588280000000004,-1.1742579999999996,-0.19574200000000064,-1.3373439999999994,-0.032656000000000796,Subgroup,2,0.9791910612380421,False,True,-0.7739553738551138,-0.05374462614488622,-2.648864212802078,2.5937441596091375,0.0,Lower than peer-implied value,0.02031306859592588,-0.7996150888303278,-0.7482956588798998,-0.8252748038055419,-0.7226359439046858,-0.8150109178154563,-0.7328998298947713,0.8749984670664563,In-family,forward_transition,,,-0.22385282739915796,,,0.23946681839942033,-0.057699999999999974,-0.2701673510757228,0.21246735107572284,-0.21246735107572284,very strong,2.858195625353256,0.07433618230713761,0.7278784571452378,current-month,0.8621636696258561,26,very strong weaker than history,Below trust-gated watch / outlier / strong-outlier thresholds,history=Lower than own-history expected value; peers=moderately below peer-implied value; subgroup peers=2; peer model untrusted; pattern=very strong weaker than history; historical check type=forward_transition; current month name=August; mark month name=September; current transition=-0.06; transition mean=-0.27; transition delta=+0.21; transition magnitude delta=-0.21; transition degree=very strong; transition degree score=2.86; component current-month sd=0.07; component historical month sd=0.73; transition degree scale source=current-month; actual-to-date z=-0.22; mark z=0.24; transition z=0.86; pattern years=26
Socal-Needles,Global_G11,Global_G11_S01,-0.0187,-0.8736999999999999,0.8549999999999999,Higher than own-history expected value,-0.8736999999999999,0.9871150800000001,0.9871150800000001,0.8661604075585592,0.8661604075585592,-2.84793016,1.1005301600000004,-3.8350452400000004,2.0876452400000005,-4.82216032,3.0747603200000007,Subgroup,2,0.9916881227141487,False,True,-0.09238923341569723,0.07368923341569725,0.9657338587383755,0.9577067974137505,0.0,Higher than peer-implied value,0.06818430756400545,-0.17797605365237407,-0.006802413179020375,-0.2635628738890509,0.07878440705765648,-0.2293281457943802,0.04454967896298574,0.8661604075585592,In-family,forward_transition,,,-0.27272583412620477,,,0.8900870423004275,-0.31639999999999985,-0.9504174305798673,0.6340174305798674,-0.6340174305798674,very strong,4.001001775427413,0.15846467114155116,0.8894512695435894,current-month,0.3871809264443234,11,very strong weaker than history,Below trust-gated watch / outlier / strong-outlier thresholds,history=Higher than own-history expected value; peers=Higher than peer-implied value; subgroup peers=2; peer model untrusted; pattern=very strong weaker than history; historical check type=forward_transition; current month name=August; mark month name=September; current transition=-0.32; transition mean=-0.95; transition delta=+0.63; transition magnitude delta=-0.63; transition degree=very strong; transition degree score=4.00; component current-month sd=0.16; component historical month sd=0.89; transition degree scale source=current-month; actual-to-date z=-0.27; mark z=0.89; transition z=0.39; pattern years=11
Socal-Citygate,Global_G11,Global_G11_S01,0.7723,0.1100000000000001,0.6622999999999999,Higher than own-history expected value,0.1100000000000001,0.8080169999999999,0.8080169999999999,0.8196609724795394,0.8196609724795394,-1.5060339999999997,1.7260339999999998,-2.314050999999999,2.534051,-3.1220679999999996,3.3420679999999994,Subgroup,2,0.989547313274615,False,False,0.8852925371583652,-0.11299253715836526,-1.2593225297472992,1.2461592258576313,0.0,Lower than peer-implied value,0.09243922658334228,0.76913482911262,1.0014502452041103,0.6529771210668748,1.1176079532498555,0.6994402042851728,1.0711448700315576,0.8196609724795394,In-family,forward_transition,,,-0.3262041670250988,,,0.33116246032423247,-0.3127,-1.3854069301585934,1.0727069301585934,-1.0727069301585934,very strong,10.737270259140503,0.09990499487012647,2.5051890641494228,current-month,0.4442817686365719,17,very strong weaker than history,Below trust-gated watch / outlier / strong-outlier thresholds,history=Higher than own-history expected value; peers=Lower than peer-implied value; subgroup peers=2; peer model untrusted; pattern=very strong weaker than history; historical check type=forward_transition; current month name=August; mark month name=September; current transition=-0.31; transition mean=-1.39; transition delta=+1.07; transition magnitude delta=-1.07; transition degree=very strong; transition degree score=10.74; component current-month sd=0.10; component historical month sd=2.51; transition degree scale source=current-month; actual-to-date z=-0.33; mark z=0.33; transition z=0.44; pattern years=17
TGT-Mainline,Global_G01,Global_G01_S10,-0.28,-0.3650000000000002,0.08500000000000019,Higher than own-history expected value,-0.3650000000000002,0.1334340000000001,0.1334340000000001,0.6370190506167852,0.6370190506167852,-0.6318680000000004,-0.098132,-0.7653020000000006,0.03530200000000011,-0.8987360000000006,0.16873600000000022,Parent,32,0.9170275065309876,True,True,-0.2933291979336331,0.01332919793363302,0.46853382075517747,0.4296584013725571,0.44867526387649875,Higher than peer-implied value,0.05709096760107204,-0.3678514953900157,-0.21880690047725046,-0.4423737928463984,-0.14428460302086782,-0.4125648738638453,-0.17409352200342088,0.779167994249864,In-family,forward_transition,,,0.006099020060048062,,,-0.05113217906364388,-0.07499999999999996,-0.06239622525536893,-0.012603774744631029,0.012603774744631029,,,0.09195405374424769,0.12613667665693848,current-month,-0.09563705349104522,26,in-line transition,Below trust-gated watch / outlier / strong-outlier thresholds,history=Higher than own-history expected value; peers=Higher than peer-implied value; parent peers=32; peer model trusted; history/peer direction agree; pattern=in-line transition; historical check type=forward_transition; current month name=August; mark month name=September; current transition=-0.07; transition mean=-0.06; transition delta=-0.01; transition magnitude delta=+0.01; component current-month sd=0.09; component historical month sd=0.13; transition degree scale source=current-month; actual-to-date z=0.01; mark z=-0.05; transition z=-0.10; pattern years=26
PGLC,Global_G01,Global_G01_S02,-0.2838,-0.3700000000000001,0.08620000000000011,Higher than own-history expected value,-0.3700000000000001,0.214977,0.214977,0.4009731273578109,0.4009731273578109,-0.799954,0.059953999999999896,-1.0149310000000002,0.2749309999999999,-1.229908,0.4899079999999999,Subgroup,4,0.9967121440784952,True,True,-0.2899251152203345,0.006125115220334517,0.6285783057945266,0.6265116308896905,0.6275441175767704,Higher than peer-implied value,0.011303459337722808,-0.30407772441767494,-0.275772506022994,-0.3182303336150154,-0.26161989682565356,-0.31256928993607924,-0.2672809405045897,0.7447087137722443,In-family,forward_transition,,,0.19618234548086538,,,0.008247490696167948,-0.08379999999999982,-0.05872078390870939,-0.025079216091290428,0.025079216091290428,slight,0.3406636952450916,0.07361869327826995,0.16830293976342667,current-month,-0.15895087027284374,12,slight stronger than history,Below trust-gated watch / outlier / strong-outlier thresholds,history=Higher than own-history expected value; peers=Higher than peer-implied value; subgroup peers=4; peer model trusted; history/peer direction agree; pattern=slight stronger than history; historical check type=forward_transition; current month name=August; mark month name=September; current transition=-0.08; transition mean=-0.06; transition delta=-0.03; transition magnitude delta=+0.03; transition degree=slight; transition degree score=0.34; component current-month sd=0.07; component historical month sd=0.17; transition degree scale source=current-month; actual-to-date z=0.20; mark z=0.01; transition z=-0.16; pattern years=12
APC-ACE,Global_G01,Global_G01_S09,-0.2838,-0.3999999999999999,0.11619999999999991,Higher than own-history expected value,-0.3999999999999999,0.20756399999999953,0.20756399999999953,0.5598273303655749,0.5598273303655749,-0.815127999999999,0.015127999999999142,-1.0226919999999984,0.22269199999999867,-1.230255999999998,0.4302559999999982,Parent,32,0.9132007730602525,True,True,-0.31213700897911223,0.02833700897911227,0.5081620956511663,0.46405401858856304,0.48560751907410726,Higher than peer-implied value,0.06234669512994944,-0.39369007912763204,-0.23058393883059242,-0.47524314927615185,-0.14903086868207263,-0.44262192121674393,-0.18165209674148053,0.7410946649420409,In-family,forward_transition,,,0.17765384624151284,,,0.022263083187019788,-0.08379999999999982,-0.0633980002983835,-0.020401999701616325,0.020401999701616325,slight,0.30348722767614217,0.06722523335772056,0.17717917738385458,current-month,-0.11816178629862403,25,slight stronger than history,Below trust-gated watch / outlier / strong-outlier thresholds,history=Higher than own-history expected value; peers=Higher than peer-implied value; parent peers=32; peer model trusted; history/peer direction agree; pattern=slight stronger than history; historical check type=forward_transition; current month name=August; mark month name=September; current transition=-0.08; transition mean=-0.06; transition delta=-0.02; transition magnitude delta=+0.02; transition degree=slight; transition degree score=0.30; component current-month sd=0.07; component historical month sd=0.18; transition degree scale source=current-month; actual-to-date z=0.18; mark z=0.02; transition z=-0.12; pattern years=25
Chicago,Global_G01,Global_G01_S02,-0.2838,-0.40000000000000036,0.11620000000000036,Higher than own-history expected value,-0.40000000000000036,0.18532499999999932,0.18532499999999932,0.6270066100094471,0.6270066100094471,-0.770649999999999,-0.029350000000001708,-0.9559749999999984,0.15597499999999764,-1.1412999999999975,0.34129999999999694,Subgroup,4,0.9985570915372357,True,False,-0.283501326192484,-0.00029867380751599787,0.324384614791563,0.3239165574856897,0.3241505016571849,Lower than peer-implied value,0.005435311058958747,-0.29030037198725694,-0.2767022803977111,-0.29709941778202986,-0.2699032346029382,-0.29437979946412074,-0.2726228529208473,0.7058405179076528,In-family,forward_transition,,,0.1362202704070374,,,-0.04364340003489816,-0.09380000000000005,-0.06427594467427876,-0.02952405532572129,0.02952405532572129,slight,0.4072283493202936,0.07250000000000001,0.16772408825665783,current-month,-0.171999151136661,26,slight stronger than history,Below trust-gated watch / outlier / strong-outlier thresholds,history=Higher than own-history expected value; peers=Lower than peer-implied value; subgroup peers=4; peer model trusted; history/peer direction disagree; pattern=slight stronger than history; historical check type=forward_transition; current month name=August; mark month name=September; current transition=-0.09; transition mean=-0.06; transition delta=-0.03; transition magnitude delta=+0.03; transition degree=slight; transition degree score=0.41; component current-month sd=0.07; component historical month sd=0.17; transition degree scale source=current-month; actual-to-date z=0.14; mark z=-0.04; transition z=-0.17; pattern years=26
Katy-Oasis,Global_G13,Global_G13_S01,-0.3775,-0.4401999999999999,0.06269999999999992,Higher than own-history expected value,-0.4401999999999999,0.10526460000000025,0.10526460000000025,0.5956418397067939,0.5956418397067939,-0.6507292000000005,-0.22967079999999943,-0.7559938000000006,-0.12440619999999919,-0.861258400000001,-0.019141599999998926,Subgroup,3,0.9553382835414784,True,False,-0.3639890947057875,-0.013510905294212503,-0.38303491674687795,0.3659279199014155,0.3743837207128495,Lower than peer-implied value,0.02452929385341889,-0.39535923551717966,-0.33261895389439533,-0.4267293763285719,-0.3012488130830031,-0.414181320004015,-0.31379686940756,0.7035285150895383,In-family,forward_transition,,,-0.1028171632834338,,,-0.9762494785497111,-0.15709999999999985,0.014942771672039874,-0.1720427716720397,0.14215722832796,moderate,1.1365914156711594,0.12507329051400223,0.17749716429886525,current-month,-3.5989875784779723,11,moderate stronger than history,Below trust-gated watch / outlier / strong-outlier thresholds,history=Higher than own-history expected value; peers=Lower than peer-implied value; subgroup peers=3; peer model trusted; history/peer direction disagree; pattern=moderate stronger than history; historical check type=forward_transition; current month name=August; mark month name=September; current transition=-0.16; transition mean=+0.01; transition delta=-0.17; transition magnitude delta=+0.14; transition degree=moderate; transition degree score=1.14; component current-month sd=0.13; component historical month sd=0.18; transition degree scale source=current-month; actual-to-date z=-0.10; mark z=-0.98; transition z=-3.60; pattern years=11
Rover-ANR,Global_G01,Global_G01_S06,-0.3425,-0.45499999999999985,0.11249999999999982,Higher than own-history expected value,-0.45499999999999985,0.17791199999999982,0.17791199999999982,0.6323350870093076,0.6323350870093076,-0.8108239999999995,-0.09917600000000021,-0.9887359999999993,0.07873599999999958,-1.166647999999999,0.25664799999999943,Parent,31,0.9020077045090088,True,True,-0.354101205210868,0.011601205210868043,0.25486866867855074,0.22989350278600665,0.242059189028052,Higher than peer-implied value,0.04570189186723009,-0.4142516811288786,-0.2939507292928574,-0.47440215704688926,-0.23380025337484678,-0.450341966679685,-0.257860443742051,0.6770822056855333,In-family,forward_transition,,,0.8465444777208166,,,0.190803602512551,-0.13250000000000006,-0.05169096795018008,-0.08080903204981998,0.08080903204981998,mild,0.7168116732323601,0.11273397890609561,0.1561795069395689,current-month,-0.49701345835267496,8,mild stronger than history,Below trust-gated watch / outlier / strong-outlier thresholds,history=Higher than own-history expected value; peers=Higher than peer-implied value; parent peers=31; peer model trusted; history/peer direction agree; pattern=mild stronger than history; historical check type=forward_transition; current month name=August; mark month name=September; current transition=-0.13; transition mean=-0.05; transition delta=-0.08; transition magnitude delta=+0.08; transition degree=mild; transition degree score=0.72; component current-month sd=0.11; component historical month sd=0.16; transition degree scale source=current-month; actual-to-date z=0.85; mark z=0.19; transition z=-0.50; pattern years=8
TGP-800L,Global_G01,Global_G01_S05,-0.26,-0.35250000000000004,0.09250000000000003,Higher than own-history expected value,-0.35250000000000004,0.1371404999999997,0.1371404999999997,0.6744907594765969,0.6744907594765969,-0.6267809999999994,-0.07821900000000065,-0.7639214999999991,0.05892149999999907,-0.9010619999999988,0.19606199999999874,Subgroup,2,0.8415649088985029,False,True,-0.3089577364792176,0.04895773647921753,0.5579228789298099,0.4695283167789559,0.0,Higher than peer-implied value,0.08846873522066342,-0.42950462979220017,-0.18841084316623502,-0.5500515231051828,-0.06786394985325242,-0.5018327657799897,-0.11608270717844543,0.6744907594765969,In-family,forward_transition,,,-0.6986936328815243,,,-0.8181531827074682,-0.050000000000000044,-0.018404410909723532,-0.031595589090276516,0.031595589090276516,slight,0.2890719121497321,0.10930010064039285,0.09185844161981811,current-month,-0.6547311300343744,26,slight stronger than history,Below trust-gated watch / outlier / strong-outlier thresholds,history=Higher than own-history expected value; peers=Higher than peer-implied value; subgroup peers=2; peer model untrusted; pattern=slight stronger than history; historical check type=forward_transition; current month name=August; mark month name=September; current transition=-0.05; transition mean=-0.02; transition delta=-0.03; transition magnitude delta=+0.03; transition degree=slight; transition degree score=0.29; component current-month sd=0.11; component historical month sd=0.09; transition degree scale source=current-month; actual-to-date z=-0.70; mark z=-0.82; transition z=-0.65; pattern years=26
EP-Waha Pool,Global_G08,Global_G08_S01,-0.8302,-1.645,0.8148,Higher than own-history expected value,-1.645,1.2453839999999998,1.2453839999999998,0.6542560366922974,0.6542560366922974,-4.135768,0.8457679999999996,-5.381152,2.0911519999999997,-6.626536,3.3365359999999993,Subgroup,2,0.9973555050052021,False,True,-0.8802,0.04999999999999993,1.3489815189531933,1.3454141440782468,0.0,Higher than peer-implied value,0.0703552912037791,-0.9682606290329286,-0.7921393709670713,-1.0563212580658572,-0.7040787419341427,-1.0210970064526859,-0.7393029935473141,0.6542560366922974,In-family,forward_transition,,,0.7275894946475615,,,0.676431024127706,-0.06520000000000015,-0.14258017207343276,0.07738017207343262,-0.07738017207343262,very strong,2.132139912633202,0.03629225812759528,1.2489712402397284,current-month,0.0898292900508125,12,very strong weaker than history,Below trust-gated watch / outlier / strong-outlier thresholds,history=Higher than own-history expected value; peers=Higher than peer-implied value; subgroup peers=2; peer model untrusted; pattern=very strong weaker than history; historical check type=forward_transition; current month name=August; mark month name=September; current transition=-0.07; transition mean=-0.14; transition delta=+0.08; transition magnitude delta=-0.08; transition degree=very strong; transition degree score=2.13; component current-month sd=0.04; component historical month sd=1.25; transition degree scale source=current-month; actual-to-date z=0.73; mark z=0.68; transition z=0.09; pattern years=12
Waha,Global_G08,Global_G08_S01,-0.8802,-1.6325,0.7523000000000001,Higher than own-history expected value,-1.6325,1.1675475,1.1675475,0.6443420931482446,0.6443420931482446,-3.967595,0.7025949999999999,-5.1351425,1.8701424999999998,-6.30269,3.0376899999999996,Subgroup,2,0.9970072172511093,False,False,-0.8302,-0.04999999999999993,-1.3489815189531933,1.3449443103346979,0.0,Lower than peer-implied value,0.07404123793726822,-0.9228903523965084,-0.7375096476034917,-1.0155807047930168,-0.6448192952069833,-0.9785045638344134,-0.6818954361655867,0.6443420931482446,In-family,forward_transition,,,0.6378490132553432,,,0.5770065812474449,-0.10520000000000007,-0.14847997538122615,0.04327997538122608,-0.04327997538122608,moderate,1.1124406617142784,0.03890542378640794,0.915373775977963,current-month,0.05642688516232462,26,moderate weaker than history,Below trust-gated watch / outlier / strong-outlier thresholds,history=Higher than own-history expected value; peers=Lower than peer-implied value; subgroup peers=2; peer model untrusted; pattern=moderate weaker than history; historical check type=forward_transition; current month name=August; mark month name=September; current transition=-0.11; transition mean=-0.15; transition delta=+0.04; transition magnitude delta=-0.04; transition degree=moderate; transition degree score=1.11; component current-month sd=0.04; component historical month sd=0.92; transition degree scale source=current-month; actual-to-date z=0.64; mark z=0.58; transition z=0.06; pattern years=26
Gulf S. Pool 16,Global_G01,Global_G01_S01,-0.3672,-0.41025,0.04304999999999998,Higher than own-history expected value,-0.41025,0.10986065999999975,0.10986065999999975,0.3918600161331643,0.3918600161331643,-0.6299713199999994,-0.1905286800000005,-0.7398319799999993,-0.08066802000000073,-0.849692639999999,0.029192639999998993,Subgroup,8,0.9082629785579697,True,False,-0.3373008419241461,-0.029899158075853926,-0.5316508474122121,0.48287878222348446,0.5066783138900781,Lower than peer-implied value,0.05679729491777687,-0.4117966540251264,-0.26280502982316584,-0.48629246612610666,-0.1883092177221856,-0.4564941412857145,-0.2181075425625777,0.640528833082771,In-family,forward_transition,,,0.43354487565423594,,,-0.312892497270933,-0.1698,-0.025776171865042743,-0.14402382813495726,0.14402382813495726,moderate,1.2581006120647278,0.1144771942353585,0.2228710253523793,current-month,-1.6273292648075606,10,moderate stronger than history,Below trust-gated watch / outlier / strong-outlier thresholds,history=Higher than own-history expected value; peers=Lower than peer-implied value; subgroup peers=8; peer model trusted; history/peer direction disagree; pattern=moderate stronger than history; historical check type=forward_transition; current month name=August; mark month name=September; current transition=-0.17; transition mean=-0.03; transition delta=-0.14; transition magnitude delta=+0.14; transition degree=moderate; transition degree score=1.26; component current-month sd=0.11; component historical month sd=0.22; transition degree scale source=current-month; actual-to-date z=0.43; mark z=-0.31; transition z=-1.63; pattern years=10
EGT-Flex,Global_G01,Global_G01_S01,-0.33,-0.4142000000000001,0.08420000000000011,Higher than own-history expected value,-0.4142000000000001,0.1438122000000006,0.1438122000000006,0.5854857932776201,0.5854857932776201,-0.7018244000000013,-0.1265755999999989,-0.845636600000002,0.01723660000000171,-0.9894488000000026,0.16104880000000232,Subgroup,8,0.9111514341760125,True,False,-0.3206897448075456,-0.009310255192454438,0.2710635381864107,0.24697993157137246,0.25874167448011504,Lower than peer-implied value,0.06258423765160395,-0.4026455455431104,-0.23873394407198076,-0.48460134627867524,-0.15677814333641593,-0.45181902598444934,-0.18956046363064186,0.6401100438539438,In-family,forward_transition,,,0.4657941629190072,,,0.05357284837393499,-0.14610000000000006,-0.08667587529637157,-0.0594241247036285,0.0594241247036285,mild,0.563796249560043,0.10539999999999994,0.1639894316365234,current-month,-0.469441793365344,12,mild stronger than history,Below trust-gated watch / outlier / strong-outlier thresholds,history=Higher than own-history expected value; peers=Lower than peer-implied value; subgroup peers=8; peer model trusted; history/peer direction disagree; pattern=mild stronger than history; historical check type=forward_transition; current month name=August; mark month name=September; current transition=-0.15; transition mean=-0.09; transition delta=-0.06; transition magnitude delta=+0.06; transition degree=mild; transition degree score=0.56; component current-month sd=0.11; component historical month sd=0.16; transition degree scale source=current-month; actual-to-date z=0.47; mark z=0.05; transition z=-0.47; pattern years=12
Rover-PEPL,Global_G01,Global_G01_S06,-0.3425,-0.45500000000000007,0.11250000000000004,Higher than own-history expected value,-0.45500000000000007,0.19273799999999983,0.19273799999999983,0.5836939264701312,0.5836939264701312,-0.8404759999999998,-0.06952400000000042,-1.0332139999999996,0.12321399999999938,-1.2259519999999995,0.31595199999999923,Parent,31,0.902377142272191,True,True,-0.3532239526291215,0.010723952629121397,0.24950869947149634,0.22515094720113982,0.23701713022676638,Higher than peer-implied value,0.04507427061671171,-0.4125362406821094,-0.29391166457613355,-0.4718485287350974,-0.23459937652314558,-0.44812361351390223,-0.25832429174434074,0.6299807297204025,In-family,forward_transition,,,0.8603990883883992,,,0.1682381470085905,-0.13250000000000006,-0.047126267124230126,-0.08537373287576994,0.08537373287576994,mild,0.813083170245428,0.105,0.16441154645133724,current-month,-0.5364277332332745,8,mild stronger than history,Below trust-gated watch / outlier / strong-outlier thresholds,history=Higher than own-history expected value; peers=Higher than peer-implied value; parent peers=31; peer model trusted; history/peer direction agree; pattern=mild stronger than history; historical check type=forward_transition; current month name=August; mark month name=September; current transition=-0.13; transition mean=-0.05; transition delta=-0.09; transition magnitude delta=+0.09; transition degree=mild; transition degree score=0.81; component current-month sd=0.10; component historical month sd=0.16; transition degree scale source=current-month; actual-to-date z=0.86; mark z=0.17; transition z=-0.54; pattern years=8
NBPL-Ventura,Global_G01,Global_G01_S07,-0.3183,-0.4324999999999999,0.11419999999999986,Higher than own-history expected value,-0.4324999999999999,0.2446289999999997,0.2446289999999997,0.46682936201349795,0.46682936201349795,-0.9217579999999993,0.05675799999999953,-1.166386999999999,0.3013869999999992,-1.4110159999999987,0.546015999999999,Parent,32,0.8840596095570528,True,True,-0.34610572644389387,0.027805726443893793,0.441729799309796,0.39051547390753355,0.4153339883955377,Higher than peer-implied value,0.07448408351230168,-0.44512795969756114,-0.24708349319022657,-0.5441501929512285,-0.14806125993655928,-0.5045412996497616,-0.1876701532380262,0.624845561042466,In-family,forward_transition,,,0.039686858997509476,,,0.12651819658522054,-0.0532999999999999,-0.07616400772596178,0.02286400772596188,-0.02286400772596188,slight,0.3608577010428256,0.06336017676743011,0.18489467701099876,current-month,0.13396367930156028,17,slight weaker than history,Below trust-gated watch / outlier / strong-outlier thresholds,history=Higher than own-history expected value; peers=Higher than peer-implied value; parent peers=32; peer model trusted; history/peer direction agree; pattern=slight weaker than history; historical check type=forward_transition; current month name=August; mark month name=September; current transition=-0.05; transition mean=-0.08; transition delta=+0.02; transition magnitude delta=-0.02; transition degree=slight; transition degree score=0.36; component current-month sd=0.06; component historical month sd=0.18; transition degree scale source=current-month; actual-to-date z=0.04; mark z=0.13; transition z=0.13; pattern years=17
Ruby-Rec Pool,Global_G02,Global_G02_S01,-0.4625,-1.0250000000000001,0.5625000000000001,Higher than own-history expected value,-1.0250000000000001,1.0526460000000002,1.0526460000000002,0.5343676791627955,0.5343676791627955,-3.1302920000000007,1.0802920000000003,-4.182938000000001,2.1329380000000002,-5.235584000000001,3.1855840000000004,Subgroup,4,0.9970239715403426,True,True,-0.47363418930476986,0.011134189304769782,0.286631706008571,0.28577868189404937,0.28620487615023626,Higher than peer-implied value,0.05311331665695098,-0.5401248478931819,-0.4071435307163577,-0.6066155064815941,-0.3406528721279456,-0.5800192430462293,-0.36724913556331046,0.6061864792834004,In-family,forward_transition,,,-0.12260166370574148,,,-0.935283779717684,-0.32750000000000024,-0.1686961574775607,-0.15880384252243954,0.15880384252243954,strong,1.6124592607340273,0.09848549131724946,0.5101550167863035,current-month,-0.22480729555367396,9,stronger than history,Below trust-gated watch / outlier / strong-outlier thresholds,history=Higher than own-history expected value; peers=Higher than peer-implied value; subgroup peers=4; peer model trusted; history/peer direction agree; pattern=stronger than history; historical check type=forward_transition; current month name=August; mark month name=September; current transition=-0.33; transition mean=-0.17; transition delta=-0.16; transition magnitude delta=+0.16; transition degree=strong; transition degree score=1.61; component current-month sd=0.10; component historical month sd=0.51; transition degree scale source=current-month; actual-to-date z=-0.12; mark z=-0.94; transition z=-0.22; pattern years=9
NNG-Demarc,Global_G01,Global_G01_S01,-0.3383,-0.4774999999999998,0.13919999999999982,Higher than own-history expected value,-0.4774999999999998,0.23721599999999987,0.23721599999999987,0.5868069607446373,0.5868069607446373,-0.9519319999999996,-0.0030680000000000707,-1.1891479999999994,0.2341479999999998,-1.4263639999999993,0.47136399999999967,Subgroup,8,0.8009459833501906,True,True,-0.3505473973186222,0.012247397318622249,-0.053189247941019126,0.04260171449577667,0.04760202889613398,Higher than peer-implied value,0.10979492961176704,-0.5038998349460578,-0.19719495969118658,-0.6572522725734935,-0.043842522063750944,-0.5959112975225193,-0.10518349711472519,0.5887345431800199,In-family,forward_transition,,,0.21839777798682733,,,0.04116609447032932,-0.10830000000000001,-0.08193078585123632,-0.026369214148763684,0.026369214148763684,slight,0.3698779939559257,0.07129165449055024,0.273220056064478,current-month,-0.1241404447012833,26,slight stronger than history,Below trust-gated watch / outlier / strong-outlier thresholds,history=Higher than own-history expected value; peers=Higher than peer-implied value; subgroup peers=8; peer model trusted; history/peer direction agree; pattern=slight stronger than history; historical check type=forward_transition; current month name=August; mark month name=September; current transition=-0.11; transition mean=-0.08; transition delta=-0.03; transition magnitude delta=+0.03; transition degree=slight; transition degree score=0.37; component current-month sd=0.07; component historical month sd=0.27; transition degree scale source=current-month; actual-to-date z=0.22; mark z=0.04; transition z=-0.12; pattern years=26
NNG-Ventura,Global_G01,Global_G01_S07,-0.3184,-0.4324999999999999,0.11409999999999987,Higher than own-history expected value,-0.4324999999999999,0.22609650000000012,0.22609650000000012,0.5046517747952747,0.5046517747952747,-0.8846930000000002,0.01969300000000035,-1.1107895,0.24578950000000044,-1.3368860000000002,0.4718860000000006,Parent,32,0.8778809127347358,True,True,-0.34074010091878826,0.02234010091878816,0.31107219048266654,0.2730843385073169,0.29146002018455475,Higher than peer-implied value,0.07755615553055972,-0.44420867943527353,-0.23727152240230298,-0.5476772579517588,-0.13380294388581773,-0.5062898265451646,-0.17519037529241185,0.5827712734598384,In-family,forward_transition,,,0.06832063065302948,,,0.15266284789285817,-0.05339999999999989,-0.0803077534016119,0.026907753401612014,-0.026907753401612014,slight,0.410063788702268,0.06561845776913681,0.24168121700229497,current-month,0.14463273451197012,26,slight weaker than history,Below trust-gated watch / outlier / strong-outlier thresholds,history=Higher than own-history expected value; peers=Higher than peer-implied value; parent peers=32; peer model trusted; history/peer direction agree; pattern=slight weaker than history; historical check type=forward_transition; current month name=August; mark month name=September; current transition=-0.05; transition mean=-0.08; transition delta=+0.03; transition magnitude delta=-0.03; transition degree=slight; transition degree score=0.41; component current-month sd=0.07; component historical month sd=0.24; transition degree scale source=current-month; actual-to-date z=0.07; mark z=0.15; transition z=0.14; pattern years=26
TGP-Z0 South,Global_G04,Global_G04_S02,-0.5175,-0.4626000000000001,-0.05489999999999984,Lower than own-history expected value,-0.4626000000000001,0.0950346600000004,0.0950346600000004,-0.5776839734050673,0.5776839734050673,-0.6526693200000009,-0.27253067999999936,-0.7477039800000014,-0.17749601999999892,-0.8427386400000016,-0.08246135999999854,Subgroup,2,0.9785951239666426,False,True,-0.4996999999999998,-0.01780000000000015,-1.0914486835166692,1.0680863597492238,0.0,Lower than peer-implied value,0.00905357951087655,-0.5111400733573956,-0.488259926642604,-0.5225801467147915,-0.4768198532852082,-0.5180041173718332,-0.4813958826281665,0.5776839734050673,In-family,forward_transition,,,0.1345630897602972,,,-1.1025071509033766,-0.2732,-0.019649593505739995,-0.25355040649426,0.25355040649426,very strong,2.172032735142664,0.11673415524172856,0.17043646226584086,current-month,-2.5740909230893996,12,very stronger than history,Below trust-gated watch / outlier / strong-outlier thresholds,history=Lower than own-history expected value; peers=Lower than peer-implied value; subgroup peers=2; peer model untrusted; pattern=very stronger than history; historical check type=forward_transition; current month name=August; mark month name=September; current transition=-0.27; transition mean=-0.02; transition delta=-0.25; transition magnitude delta=+0.25; transition degree=very strong; transition degree score=2.17; component current-month sd=0.12; component historical month sd=0.17; transition degree scale source=current-month; actual-to-date z=0.13; mark z=-1.10; transition z=-2.57; pattern years=12
NGPL-Nicor,Global_G01,Global_G01_S02,-0.2838,-0.39249999999999985,0.10869999999999985,Higher than own-history expected value,-0.39249999999999985,0.200151,0.200151,0.5430899670748578,0.5430899670748578,-0.7928019999999998,0.007802000000000142,-0.9929529999999999,0.20795300000000017,-1.193104,0.40810400000000013,Subgroup,4,0.9975123959094906,True,False,-0.2831764358261085,-0.0006235641738914776,-0.02725558975720879,0.02718778864063951,0.027221668089868624,Lower than peer-implied value,0.010152673927789034,-0.29588309264270146,-0.2704697790095156,-0.3085897494592944,-0.25776312219292263,-0.3035070867326572,-0.26284578491955984,0.5437717642089971,In-family,forward_transition,,,0.32970926047839955,,,0.09457163457698499,-0.09380000000000005,-0.0703845115798479,-0.023415488420152147,0.023415488420152147,slight,0.29520903227906103,0.07931833331582311,0.14989447257121133,current-month,-0.14152786754815383,10,slight stronger than history,Below trust-gated watch / outlier / strong-outlier thresholds,history=Higher than own-history expected value; peers=Lower than peer-implied value; subgroup peers=4; peer model trusted; history/peer direction disagree; pattern=slight stronger than history; historical check type=forward_transition; current month name=August; mark month name=September; current transition=-0.09; transition mean=-0.07; transition delta=-0.02; transition magnitude delta=+0.02; transition degree=slight; transition degree score=0.30; component current-month sd=0.08; component historical month sd=0.15; transition degree scale source=current-month; actual-to-date z=0.33; mark z=0.09; transition z=-0.14; pattern years=10
NGPL-Nipsco,Global_G01,Global_G01_S02,-0.2838,-0.3899999999999999,0.1061999999999999,Higher than own-history expected value,-0.3899999999999999,0.20015100000000066,0.20015100000000066,0.5305993974549194,0.5305993974549194,-0.7903020000000012,0.010302000000001421,-0.9904530000000019,0.2104530000000021,-1.1906040000000027,0.41060400000000274,Subgroup,4,0.998100357916346,True,False,-0.28350214495038617,-0.0002978550496138133,0.09385427861582075,0.09367598907843115,0.09376509147107819,Lower than peer-implied value,0.008137576993231387,-0.29368379153119295,-0.2733204983695794,-0.30386543811199973,-0.2631388517887726,-0.29979277947967703,-0.2672115104210953,0.5388205758488656,In-family,forward_transition,,,0.3786491980571102,,,0.08186693043886531,-0.09879999999999994,-0.06617559169715796,-0.03262440830284198,0.03262440830284198,slight,0.40585307893950734,0.08038477467779583,0.15469853221712412,current-month,-0.2014260861553451,10,slight stronger than history,Below trust-gated watch / outlier / strong-outlier thresholds,history=Higher than own-history expected value; peers=Lower than peer-implied value; subgroup peers=4; peer model trusted; history/peer direction disagree; pattern=slight stronger than history; historical check type=forward_transition; current month name=August; mark month name=September; current transition=-0.10; transition mean=-0.07; transition delta=-0.03; transition magnitude delta=+0.03; transition degree=slight; transition degree score=0.41; component current-month sd=0.08; component historical month sd=0.15; transition degree scale source=current-month; actual-to-date z=0.38; mark z=0.08; transition z=-0.20; pattern years=10
TGP-Z1 Sta-87,Global_G01,Global_G01_S08,-0.345,-0.4077000000000002,0.0627000000000002,Higher than own-history expected value,-0.4077000000000002,0.1470739199999996,0.1470739199999996,0.4263162360804714,0.4263162360804714,-0.7018478399999994,-0.11355216000000096,-0.848921759999999,0.033521759999998624,-0.9959956799999986,0.18059567999999826,Parent,31,0.9336629797876438,True,False,-0.3239027550845527,-0.021097244915447285,-0.332529483271856,0.3104704682188465,0.3213107286848421,Lower than peer-implied value,0.05085345960491215,-0.38968905295508727,-0.2581164572140181,-0.45547535082562185,-0.1923301593434835,-0.42916083167740804,-0.21864467849169733,0.5338409103036263,In-family,forward_transition,,,0.36242630907458345,,,-0.45571548365084263,-0.14479999999999982,-0.02511055674911387,-0.11968944325088594,0.11968944325088594,moderate,1.0680335293789174,0.11206524885083684,0.17132643460644617,current-month,-1.7097638587878061,9,moderate stronger than history,Below trust-gated watch / outlier / strong-outlier thresholds,history=Higher than own-history expected value; peers=Lower than peer-implied value; parent peers=31; peer model trusted; history/peer direction disagree; pattern=moderate stronger than history; historical check type=forward_transition; current month name=August; mark month name=September; current transition=-0.14; transition mean=-0.03; transition delta=-0.12; transition magnitude delta=+0.12; transition degree=moderate; transition degree score=1.07; component current-month sd=0.11; component historical month sd=0.17; transition degree scale source=current-month; actual-to-date z=0.36; mark z=-0.46; transition z=-1.71; pattern years=9
NGPL-TXOK East,Global_G01,Global_G01_S03,-0.3358,-0.40200000000000014,0.06620000000000015,Higher than own-history expected value,-0.40200000000000014,0.14381220000000028,0.14381220000000028,0.4603225595603156,0.4603225595603156,-0.6896244000000007,-0.11437559999999958,-0.833436600000001,0.0294366000000007,-0.9772488000000012,0.17324880000000098,Parent,32,0.9196820585973984,True,True,-0.34354036967286805,0.007740369672868101,0.27203610990833194,0.25018672957332283,0.2608827795463215,Higher than peer-implied value,0.04988017601538107,-0.4085562029733842,-0.2785245363723519,-0.4735720362739003,-0.2135087030718358,-0.44756570295369386,-0.23951503639204225,0.5291093303883185,In-family,forward_transition,,,0.03795369269573805,,,-0.1734647407005193,-0.09079999999999988,-0.04392999700212043,-0.046870002997879454,0.046870002997879454,mild,0.5048490021472254,0.09283964670333467,0.16639297535026318,current-month,-0.32595473697427724,26,mild stronger than history,Below trust-gated watch / outlier / strong-outlier thresholds,history=Higher than own-history expected value; peers=Higher than peer-implied value; parent peers=32; peer model trusted; history/peer direction agree; pattern=mild stronger than history; historical check type=forward_transition; current month name=August; mark month name=September; current transition=-0.09; transition mean=-0.04; transition delta=-0.05; transition magnitude delta=+0.05; transition degree=mild; transition degree score=0.50; component current-month sd=0.09; component historical month sd=0.17; transition degree scale source=current-month; actual-to-date z=0.04; mark z=-0.17; transition z=-0.33; pattern years=26
EP-Plains Pool,Global_OUTLIER,Global_OUTLIER_S01,-0.8302,-1.4194,0.5892,Higher than own-history expected value,-1.4194,1.13700594,1.13700594,0.5182030975141606,0.5182030975141606,-3.69341188,0.8546118800000002,-4.830417820000001,1.9916178200000005,-5.967423760000001,3.1286237600000004,OwnHistoryOnly,0,,False,False,,,,,0.0,,,,,,,,,0.5182030975141606,In-family,forward_transition,,,0.40587198182845347,,,0.5575293328382128,-0.1785000000000001,-0.5720629681691376,0.3935629681691375,-0.3935629681691375,very strong,23.11400161416957,0.017027037323034178,0.8183259480340803,current-month,0.315619608514274,10,very strong weaker than history,Below trust-gated watch / outlier / strong-outlier thresholds,history=Higher than own-history expected value; pattern=very strong weaker than history; historical check type=forward_transition; current month name=August; mark month name=September; current transition=-0.18; transition mean=-0.57; transition delta=+0.39; transition magnitude delta=-0.39; transition degree=very strong; transition degree score=23.11; component current-month sd=0.02; component historical month sd=0.82; transition degree scale source=current-month; actual-to-date z=0.41; mark z=0.56; transition z=0.32; pattern years=10
Socal-Border,Global_G11,Global_G11_S01,-0.0187,-0.6149999999999998,0.5962999999999997,Higher than own-history expected value,-0.6149999999999998,1.1860799999999996,1.1860799999999996,0.502748549844867,0.502748549844867,-2.987159999999999,1.7571599999999994,-4.173239999999998,2.943239999999999,-5.3593199999999985,4.129319999999998,Subgroup,2,0.9851003603804596,False,True,-0.05802058658462481,0.03932058658462481,0.29281527044866457,0.2884524284438812,0.0,Higher than peer-implied value,0.07934022858904262,-0.1579430705123808,0.04190189734313118,-0.2578655544401368,0.14182438127088717,-0.2178965608690344,0.10185538769978478,0.502748549844867,In-family,forward_transition,,,-0.46022907486095493,,,0.0530422145632798,-0.22370000000000007,-0.7834623654365724,0.5597623654365724,-0.5597623654365724,very strong,4.975665470547309,0.11250000000000004,0.8487214158376295,current-month,0.5105980427848452,26,very strong weaker than history,Below trust-gated watch / outlier / strong-outlier thresholds,history=Higher than own-history expected value; peers=Higher than peer-implied value; subgroup peers=2; peer model untrusted; pattern=very strong weaker than history; historical check type=forward_transition; current month name=August; mark month name=September; current transition=-0.22; transition mean=-0.78; transition delta=+0.56; transition magnitude delta=-0.56; transition degree=very strong; transition degree score=4.98; component current-month sd=0.11; component historical month sd=0.85; transition degree scale source=current-month; actual-to-date z=-0.46; mark z=0.05; transition z=0.51; pattern years=26
ANR-SW,Global_G06,Global_G06_S01,-0.4798,-0.5449999999999999,0.06519999999999992,Higher than own-history expected value,-0.5449999999999999,0.2372160000000002,0.2372160000000002,0.274854984486712,0.274854984486712,-1.0194320000000003,-0.07056799999999952,-1.2566480000000007,0.16664800000000068,-1.4938640000000007,0.4038640000000009,Subgroup,4,0.9492565753702378,True,False,-0.46139270049053577,-0.018407299509464264,-0.4101347918554782,0.3893231479569165,0.3995935037658014,Lower than peer-implied value,0.049322131674825465,-0.5246717641442423,-0.3981136368368292,-0.5879508277979489,-0.3348345731831226,-0.5626392023364664,-0.36014619864460523,0.4849950832214902,In-family,forward_transition,,,0.37439830570736204,,,-0.10602577082219118,-0.18480000000000008,-0.09719645857706298,-0.0876035414229371,0.0876035414229371,moderate,1.172670714597894,0.07470429706516218,0.314620485871419,current-month,-0.4104584759911073,26,moderate stronger than history,Below trust-gated watch / outlier / strong-outlier thresholds,history=Higher than own-history expected value; peers=Lower than peer-implied value; subgroup peers=4; peer model trusted; history/peer direction disagree; pattern=moderate stronger than history; historical check type=forward_transition; current month name=August; mark month name=September; current transition=-0.18; transition mean=-0.10; transition delta=-0.09; transition magnitude delta=+0.09; transition degree=moderate; transition degree score=1.17; component current-month sd=0.07; component historical month sd=0.31; transition degree scale source=current-month; actual-to-date z=0.37; mark z=-0.11; transition z=-0.41; pattern years=26
Transco-Z5,Global_OUTLIER,Global_OUTLIER_S08,0.3375,0.45500000000000007,-0.11750000000000005,Lower than own-history expected value,0.45500000000000007,0.24462900000000004,0.24462900000000004,-0.48031917720303,0.48031917720303,-0.03425800000000001,0.9442580000000002,-0.2788870000000001,1.1888870000000002,-0.5235160000000001,1.4335160000000002,OwnHistoryOnly,0,,False,False,,,,,0.0,,,,,,,,,0.48031917720303,In-family,forward_transition,,,0.22923812324414602,,,1.2267639240395263,-0.12749999999999984,-0.24991546561701963,0.1224154656170198,-0.1224154656170198,mild,0.7096548731421443,0.17249999999999988,0.3521121370266818,current-month,0.20091045880163172,26,mild weaker than history,Below trust-gated watch / outlier / strong-outlier thresholds,history=Lower than own-history expected value; pattern=mild weaker than history; historical check type=forward_transition; current month name=August; mark month name=September; current transition=-0.13; transition mean=-0.25; transition delta=+0.12; transition magnitude delta=-0.12; transition degree=mild; transition degree score=0.71; component current-month sd=0.17; component historical month sd=0.35; transition degree scale source=current-month; actual-to-date z=0.23; mark z=1.23; transition z=0.20; pattern years=26
Union-Dawn,Global_G01,Global_G01_S05,-0.3,-0.38500000000000023,0.08500000000000024,Higher than own-history expected value,-0.38500000000000023,0.17791200000000082,0.17791200000000082,0.4777642879625874,0.4777642879625874,-0.7408240000000019,-0.029175999999998592,-0.9187360000000027,0.1487360000000022,-1.0966480000000036,0.32664800000000305,Subgroup,2,0.8969313840029998,False,False,-0.2795797006980667,-0.020420299301933287,-0.08753860380010126,0.07851612106011507,0.0,Lower than peer-implied value,0.06328605667065271,-0.36310892312775855,-0.19605047826837488,-0.44663814555745035,-0.11252125583868305,-0.4132264565855736,-0.1459329448105598,0.4777642879625874,In-family,forward_transition,,,0.5011262906938502,,,-0.2044245785708183,-0.18500000000000022,-0.03922982742706808,-0.14577017257293215,0.14577017257293215,very strong,2.0106230699714778,0.07250000000000001,0.23816729049449173,current-month,-0.9153386756679756,26,very stronger than history,Below trust-gated watch / outlier / strong-outlier thresholds,history=Higher than own-history expected value; peers=Lower than peer-implied value; subgroup peers=2; peer model untrusted; pattern=very stronger than history; historical check type=forward_transition; current month name=August; mark month name=September; current transition=-0.19; transition mean=-0.04; transition delta=-0.15; transition magnitude delta=+0.15; transition degree=very strong; transition degree score=2.01; component current-month sd=0.07; component historical month sd=0.24; transition degree scale source=current-month; actual-to-date z=0.50; mark z=-0.20; transition z=-0.92; pattern years=26
Southern Star,Global_G06,Global_G06_S01,-0.4558,-0.5350000000000001,0.07920000000000016,Higher than own-history expected value,-0.5350000000000001,0.17049900000000032,0.17049900000000032,0.4645188534830117,0.4645188534830117,-0.8759980000000007,-0.1940019999999995,-1.0464970000000011,-0.023502999999999163,-1.2169960000000013,0.14699600000000113,Subgroup,4,0.9430216476674743,True,True,-0.4608985142985057,0.005098514298505684,0.09808347675959408,0.09249484186278684,0.09524817936438985,Higher than peer-implied value,0.053111779346299695,-0.5292644926554775,-0.3925325359415339,-0.5976304710124493,-0.32416655758456214,-0.5702840796696605,-0.35151294892735085,0.4741834886553966,In-family,forward_transition,,,0.3623198908481006,,,0.11085779243970122,-0.16080000000000005,-0.1292544384949088,-0.031545561505091246,0.031545561505091246,slight,0.38983813863796235,0.08091963914897306,0.3148789208881573,current-month,-0.14584008824940173,26,slight stronger than history,Below trust-gated watch / outlier / strong-outlier thresholds,history=Higher than own-history expected value; peers=Higher than peer-implied value; subgroup peers=4; peer model trusted; history/peer direction agree; pattern=slight stronger than history; historical check type=forward_transition; current month name=August; mark month name=September; current transition=-0.16; transition mean=-0.13; transition delta=-0.03; transition magnitude delta=+0.03; transition degree=slight; transition degree score=0.39; component current-month sd=0.08; component historical month sd=0.31; transition degree scale source=current-month; actual-to-date z=0.36; mark z=0.11; transition z=-0.15; pattern years=26
EP-SJ Bondad Stn,Global_G02,Global_G02_S02,-0.55,-0.9950000000000001,0.44500000000000006,Higher than own-history expected value,-0.9950000000000001,0.9414509999999999,0.9414509999999999,0.47267462671981875,0.47267462671981875,-2.8779019999999997,0.8879019999999997,-3.819353,1.8293529999999998,-4.760804,2.7708039999999996,Subgroup,2,0.9986760709671507,False,True,-0.5649953110142014,0.014995311014201334,0.44951994286917896,0.4489248103659697,0.0,Higher than peer-implied value,0.025943182703218205,-0.5974457775651816,-0.5325448444632213,-0.6298962441161617,-0.5000943779122411,-0.6169160574957697,-0.5130745645326331,0.47267462671981875,In-family,forward_transition,,,0.1225421907768323,,,-0.21207369178253532,-0.3800000000000001,-0.2605592335693646,-0.1194407664306355,0.1194407664306355,mild,0.6903854107912419,0.17300592475403842,0.4981067064821021,current-month,-0.24078176080608205,26,mild stronger than history,Below trust-gated watch / outlier / strong-outlier thresholds,history=Higher than own-history expected value; peers=Higher than peer-implied value; subgroup peers=2; peer model untrusted; pattern=mild stronger than history; historical check type=forward_transition; current month name=August; mark month name=September; current transition=-0.38; transition mean=-0.26; transition delta=-0.12; transition magnitude delta=+0.12; transition degree=mild; transition degree score=0.69; component current-month sd=0.17; component historical month sd=0.50; transition degree scale source=current-month; actual-to-date z=0.12; mark z=-0.21; transition z=-0.24; pattern years=26
Katy-Enstor Pool,Global_G13,Global_G13_S01,-0.3775,-0.4196,0.04209999999999997,Higher than own-history expected value,-0.4196,0.10422678000000003,0.10422678000000003,0.40392689863392073,0.40392689863392073,-0.62805356,-0.2111464399999999,-0.7322803400000001,-0.10691965999999986,-0.83650712,-0.002692879999999842,Subgroup,3,0.9473959842795443,True,False,-0.36403653492506743,-0.013463465074932596,-0.22845471864602077,0.2164370830349532,0.22236472946336536,Lower than peer-implied value,0.027784512333017666,-0.39971835687517465,-0.3283547129749602,-0.4354001788252818,-0.29267289102485305,-0.42112745004523894,-0.30694561980489593,0.46108894190745164,In-family,forward_transition,,,-0.12343710722161812,,,-0.9358505897885931,-0.1524999999999999,0.00460832314934475,-0.15710832314934467,0.14789167685065516,moderate,1.1632258537483995,0.1271392622284713,0.18876640757397276,current-month,-2.7253332280351468,12,moderate stronger than history,Below trust-gated watch / outlier / strong-outlier thresholds,history=Higher than own-history expected value; peers=Lower than peer-implied value; subgroup peers=3; peer model trusted; history/peer direction disagree; pattern=moderate stronger than history; historical check type=forward_transition; current month name=August; mark month name=September; current transition=-0.15; transition mean=+0.00; transition delta=-0.16; transition magnitude delta=+0.15; transition degree=moderate; transition degree score=1.16; component current-month sd=0.13; component historical month sd=0.19; transition degree scale source=current-month; actual-to-date z=-0.12; mark z=-0.94; transition z=-2.73; pattern years=12
CIG-Mainline South,Global_G02,Global_G02_S03,-0.5837,-0.9880999999999998,0.40439999999999976,Higher than own-history expected value,-0.9880999999999998,0.8907460799999993,0.8907460799999993,0.45400143663837406,0.45400143663837406,-2.7695921599999984,0.7933921599999989,-3.6603382399999975,1.684138239999998,-4.5510843199999975,2.5748843199999976,Subgroup,2,0.996219462122663,False,True,-0.6173500807992855,0.03365008079928557,0.9749358698405733,0.9712500878566666,0.0,Higher than peer-implied value,0.03454457214471945,-0.6606126513109829,-0.5740875102875882,-0.7038752218226803,-0.5308249397758908,-0.6865701936180013,-0.5481299679805698,0.45400143663837406,In-family,forward_transition,,,0.7891815301979944,,,0.06756882613145852,-0.3030999999999998,-0.16748141117340157,-0.13561858882659825,0.13561858882659825,moderate,1.0238792063608662,0.13245565295599868,0.31476058555363484,current-month,-0.5867914510788331,12,moderate stronger than history,Below trust-gated watch / outlier / strong-outlier thresholds,history=Higher than own-history expected value; peers=Higher than peer-implied value; subgroup peers=2; peer model untrusted; pattern=moderate stronger than history; historical check type=forward_transition; current month name=August; mark month name=September; current transition=-0.30; transition mean=-0.17; transition delta=-0.14; transition magnitude delta=+0.14; transition degree=moderate; transition degree score=1.02; component current-month sd=0.13; component historical month sd=0.31; transition degree scale source=current-month; actual-to-date z=0.79; mark z=0.07; transition z=-0.59; pattern years=12
Iroquois (into),Global_G05,Global_G05_S01,-0.2325,-0.32000000000000006,0.08750000000000005,Higher than own-history expected value,-0.32000000000000006,0.19273800000000016,0.19273800000000016,0.4539841650323236,0.4539841650323236,-0.7054760000000004,0.06547600000000026,-0.8982140000000005,0.2582140000000004,-1.0909520000000006,0.4509520000000006,Subgroup,3,0.522778273628636,False,True,-0.5155256924350812,0.2830256924350812,2.6102268183096715,1.3645698698550974,0.0,Higher than peer-implied value,0.1650110541665957,-0.800801068571104,-0.2302503162990584,-1.0860764447071267,0.055025059836964374,-0.9719662942527176,-0.05908509061744477,0.4539841650323236,In-family,forward_transition,,,0.40452128637271273,,,0.3144564252976167,-0.15249999999999994,-0.1646585340705847,0.012158534070584759,-0.012158534070584759,,,0.015508965149229031,0.308960307106571,current-month,0.05501355649786811,26,in-line transition,Below trust-gated watch / outlier / strong-outlier thresholds,history=Higher than own-history expected value; peers=moderately above peer-implied value; subgroup peers=3; peer model untrusted; pattern=in-line transition; historical check type=forward_transition; current month name=August; mark month name=September; current transition=-0.15; transition mean=-0.16; transition delta=+0.01; transition magnitude delta=-0.01; component current-month sd=0.02; component historical month sd=0.31; transition degree scale source=current-month; actual-to-date z=0.40; mark z=0.31; transition z=0.06; pattern years=26
EP-SJ Blanco Pool,Global_G02,Global_G02_S02,-0.55,-0.9700000000000002,0.42000000000000015,Higher than own-history expected value,-0.9700000000000002,0.9451575000000005,0.9451575000000005,0.44437038271399204,0.44437038271399204,-2.8603150000000013,0.9203150000000009,-3.805472500000002,1.8654725000000014,-4.750630000000003,2.810630000000002,Subgroup,2,0.9988223867478025,False,True,-0.5624979241878258,0.012497924187825733,0.421486718866374,0.4209903705206117,0.0,Higher than peer-implied value,0.02409132672026121,-0.592629829680105,-0.5323660186955467,-0.6227617351723841,-0.5022341132032676,-0.6107089729754724,-0.5142868754001793,0.44437038271399204,In-family,forward_transition,,,-0.0040913950042348254,,,-0.2702601709623634,-0.3600000000000001,-0.28610938374658373,-0.07389061625341636,0.07389061625341636,slight,0.49056433102974534,0.15062370331392075,0.4569972239712935,current-month,-0.13777662721253514,26,slight stronger than history,Below trust-gated watch / outlier / strong-outlier thresholds,history=Higher than own-history expected value; peers=Higher than peer-implied value; subgroup peers=2; peer model untrusted; pattern=slight stronger than history; historical check type=forward_transition; current month name=August; mark month name=September; current transition=-0.36; transition mean=-0.29; transition delta=-0.07; transition magnitude delta=+0.07; transition degree=slight; transition degree score=0.49; component current-month sd=0.15; component historical month sd=0.46; transition degree scale source=current-month; actual-to-date z=-0.00; mark z=-0.27; transition z=-0.14; pattern years=26
TETCO-ELA,Global_G14,Global_G14_S01,-0.2542,-0.2950000000000004,0.04080000000000039,Higher than own-history expected value,-0.2950000000000004,0.09636900000000025,0.09636900000000025,0.4233726613330043,0.4233726613330043,-0.4877380000000009,-0.10226199999999988,-0.584107000000001,-0.0058929999999996485,-0.6804760000000014,0.09047600000000061,Subgroup,2,0.9121206295886317,False,True,-0.2839500000000003,0.02975000000000033,1.0033050047214456,0.91513519257595,0.0,Higher than peer-implied value,0.04010743894231308,-0.3364438958014836,-0.23145610419851706,-0.3889377916029668,-0.1789622083970338,-0.3679402332823735,-0.1999597667176271,0.4233726613330043,In-family,forward_transition,,,-0.13507716307392792,,,-0.23094030917258315,-0.08420000000000005,-0.056768980624268064,-0.027431019375731988,0.027431019375731988,slight,0.33856767179174524,0.08102078745605976,0.10199316639746131,current-month,-0.20072127727002453,26,slight stronger than history,Below trust-gated watch / outlier / strong-outlier thresholds,history=Higher than own-history expected value; peers=Higher than peer-implied value; subgroup peers=2; peer model untrusted; pattern=slight stronger than history; historical check type=forward_transition; current month name=August; mark month name=September; current transition=-0.08; transition mean=-0.06; transition delta=-0.03; transition magnitude delta=+0.03; transition degree=slight; transition degree score=0.34; component current-month sd=0.08; component historical month sd=0.10; transition degree scale source=current-month; actual-to-date z=-0.14; mark z=-0.23; transition z=-0.20; pattern years=26
Cheyenne,Global_G02,Global_G02_S03,-0.5837,-0.9400000000000002,0.35630000000000017,Higher than own-history expected value,-0.9400000000000002,0.8524950000000006,0.8524950000000006,0.41794966539393186,0.41794966539393186,-2.6449900000000013,0.764990000000001,-3.497485000000002,1.6174850000000014,-4.349980000000002,2.4699800000000023,Subgroup,2,0.9974974792536395,False,False,-0.579083934323158,-0.004616065676842126,-0.02038088600297281,0.020329882412921163,0.0,Lower than peer-implied value,0.030164802881053384,-0.6168372066894355,-0.5413306619568804,-0.6545904790557131,-0.5035773895906028,-0.639489170109202,-0.5186786985371139,0.41794966539393186,In-family,forward_transition,,,0.4564191738197585,,,-0.15111980574197906,-0.3037000000000002,-0.1335859130679325,-0.1701140869320677,0.1701140869320677,strong,1.6471122696884306,0.10328020139407172,0.6952041092450734,current-month,-0.5608101543394766,26,stronger than history,Below trust-gated watch / outlier / strong-outlier thresholds,history=Higher than own-history expected value; peers=Lower than peer-implied value; subgroup peers=2; peer model untrusted; pattern=stronger than history; historical check type=forward_transition; current month name=August; mark month name=September; current transition=-0.30; transition mean=-0.13; transition delta=-0.17; transition magnitude delta=+0.17; transition degree=strong; transition degree score=1.65; component current-month sd=0.10; component historical month sd=0.70; transition degree scale source=current-month; actual-to-date z=0.46; mark z=-0.15; transition z=-0.56; pattern years=26
TW-Blanco,Global_G02,Global_G02_S02,-0.55,-0.96,0.4099999999999999,Higher than own-history expected value,-0.96,0.9933419999999998,0.9933419999999998,0.41274807669463287,0.41274807669463287,-2.9466839999999994,1.0266839999999997,-3.9400259999999996,2.0200259999999997,-4.933368,3.0133679999999994,Subgroup,2,0.9985102015535268,False,False,-0.5225003663352175,-0.027499633664782593,-0.8712131128286206,0.8699151808865814,0.0,Lower than peer-implied value,0.03150497843570326,-0.5619109572405244,-0.4830897754299105,-0.6013215481458314,-0.4436791845246036,-0.5855573117837086,-0.45944342088672635,0.41274807669463287,In-family,forward_transition,,,-0.02578694904350417,,,-0.47144684197165926,-0.3800000000000001,-0.2952691879312532,-0.08473081206874694,0.08473081206874694,mild,0.5678687690063455,0.1492084380991907,0.30990115253121586,current-month,-0.15007852305236935,16,mild stronger than history,Below trust-gated watch / outlier / strong-outlier thresholds,history=Higher than own-history expected value; peers=Lower than peer-implied value; subgroup peers=2; peer model untrusted; pattern=mild stronger than history; historical check type=forward_transition; current month name=August; mark month name=September; current transition=-0.38; transition mean=-0.30; transition delta=-0.08; transition magnitude delta=+0.08; transition degree=mild; transition degree score=0.57; component current-month sd=0.15; component historical month sd=0.31; transition degree scale source=current-month; actual-to-date z=-0.03; mark z=-0.47; transition z=-0.15; pattern years=16
REX E-MidW,Global_G01,Global_G01_S04,-0.3425,-0.4175,0.07499999999999996,Higher than own-history expected value,-0.4175,0.18339762000000054,0.18339762000000054,0.40894750978774824,0.40894750978774824,-0.7842952400000011,-0.050704759999998905,-0.9676928600000017,0.1326928600000017,-1.1510904800000021,0.31609048000000217,Subgroup,2,0.9923456387863823,False,False,-0.32830000000000026,-0.014199999999999768,-0.7424626964781184,0.7367796188116382,0.0,Lower than peer-implied value,0.01838386176849254,-0.3513682832909134,-0.3052317167090871,-0.3744365665818265,-0.282163433418174,-0.3652092532654613,-0.29139074673453924,0.40894750978774824,In-family,forward_transition,,,0.5983569585800537,,,-0.2881758563284939,-0.1675000000000002,-0.04785264563605293,-0.11964735436394727,0.11964735436394727,moderate,1.11028960097948,0.10776229396222055,0.16892743086022016,current-month,-0.9550046486320518,12,moderate stronger than history,Below trust-gated watch / outlier / strong-outlier thresholds,history=Higher than own-history expected value; peers=Lower than peer-implied value; subgroup peers=2; peer model untrusted; pattern=moderate stronger than history; historical check type=forward_transition; current month name=August; mark month name=September; current transition=-0.17; transition mean=-0.05; transition delta=-0.12; transition magnitude delta=+0.12; transition degree=moderate; transition degree score=1.11; component current-month sd=0.11; component historical month sd=0.17; transition degree scale source=current-month; actual-to-date z=0.60; mark z=-0.29; transition z=-0.96; pattern years=12
REX Cheyenne Comp Pool,Global_G02,Global_G02_S03,-0.5925,-0.9197000000000002,0.32720000000000016,Higher than own-history expected value,-0.9197000000000002,0.84834372,0.84834372,0.3856927236993045,0.3856927236993045,-2.6163874400000005,0.7769874399999999,-3.4647311600000004,1.62533116,-4.31307488,2.47367488,Subgroup,2,0.9975238706702558,False,False,-0.5635098651593186,-0.028990134840681397,-0.9532806516247109,0.9509202054437453,0.0,Lower than peer-implied value,0.029868786499823465,-0.6008921586661726,-0.5261275716524645,-0.6382744521730267,-0.4887452781456104,-0.6233215347702851,-0.503698195548352,0.3856927236993045,In-family,forward_transition,,,0.7511454522109288,,,-1.4336966348382636,-0.3266000000000002,-0.04864239982485189,-0.2779576001751483,0.2779576001751483,very strong,2.7172090190362828,0.10229525893217152,0.19262173409091146,current-month,-1.4527129082391896,5,very stronger than history,Below trust-gated watch / outlier / strong-outlier thresholds,history=Higher than own-history expected value; peers=Lower than peer-implied value; subgroup peers=2; peer model untrusted; pattern=very stronger than history; historical check type=forward_transition; current month name=August; mark month name=September; current transition=-0.33; transition mean=-0.05; transition delta=-0.28; transition magnitude delta=+0.28; transition degree=very strong; transition degree score=2.72; component current-month sd=0.10; component historical month sd=0.19; transition degree scale source=current-month; actual-to-date z=0.75; mark z=-1.43; transition z=-1.45; pattern years=5
Socal-Ehrenberg,Global_G11,Global_G11_S02,-0.0187,-0.4384999999999999,0.4197999999999999,Higher than own-history expected value,-0.4384999999999999,1.1678440199999993,1.1678440199999993,0.35946581290881646,0.35946581290881646,-2.7741880399999985,1.8971880399999987,-3.9420320599999976,3.065032059999998,-5.109876079999998,4.232876079999997,Parent,4,0.9693326100134565,True,True,-0.021542463680742252,0.002842463680742256,-0.14087083403708905,0.136550693231944,0.13869394378965016,Higher than peer-implied value,0.09769708226052777,-0.14558058932795656,0.10249566196647206,-0.26961871497517087,0.22653378761368637,-0.22000346471628512,0.17691853735480062,0.38529427804487687,In-family,forward_transition,,,-0.35884269651220446,,,-0.19294890012594754,-0.4228999999999999,-0.6965187804753199,0.27361878047532,-0.27361878047532,moderate,1.340954886285036,0.20404771500803426,1.21669890447833,current-month,0.2924689953628222,12,moderate weaker than history,Below trust-gated watch / outlier / strong-outlier thresholds,history=Higher than own-history expected value; peers=Higher than peer-implied value; parent peers=4; peer model trusted; history/peer direction agree; pattern=moderate weaker than history; historical check type=forward_transition; current month name=August; mark month name=September; current transition=-0.42; transition mean=-0.70; transition delta=+0.27; transition magnitude delta=-0.27; transition degree=moderate; transition degree score=1.34; component current-month sd=0.20; component historical month sd=1.22; transition degree scale source=current-month; actual-to-date z=-0.36; mark z=-0.19; transition z=0.29; pattern years=12
REX E-NGPL,Global_G01,Global_G01_S04,-0.3425,-0.41720000000000024,0.07470000000000021,Higher than own-history expected value,-0.41720000000000024,0.19436885999999998,0.19436885999999998,0.38432082176126475,0.38432082176126475,-0.8059377200000002,-0.028462280000000284,-1.0003065800000002,0.1659065799999997,-1.1946754400000001,0.36027543999999967,Subgroup,2,0.9958760526356432,False,True,-0.3566999999999998,0.014199999999999768,0.7424626964781184,0.7394008193978442,0.0,Higher than peer-implied value,0.01037995831906795,-0.3697017849344063,-0.3436982150655933,-0.3827035698688128,-0.33069643013118677,-0.3775028558950502,-0.33589714410494936,0.38432082176126475,In-family,forward_transition,,,0.504976380482926,,,-0.2416947728697925,-0.14240000000000008,-0.041657125570216606,-0.10074287442978347,0.10074287442978347,moderate,1.0134668255735784,0.09940421520237465,0.16242416736499696,current-month,-0.7538626601591555,11,moderate stronger than history,Below trust-gated watch / outlier / strong-outlier thresholds,history=Higher than own-history expected value; peers=Higher than peer-implied value; subgroup peers=2; peer model untrusted; pattern=moderate stronger than history; historical check type=forward_transition; current month name=August; mark month name=September; current transition=-0.14; transition mean=-0.04; transition delta=-0.10; transition magnitude delta=+0.10; transition degree=moderate; transition degree score=1.01; component current-month sd=0.10; component historical month sd=0.16; transition degree scale source=current-month; actual-to-date z=0.50; mark z=-0.24; transition z=-0.75; pattern years=11
TGP-Z6 200L North,Global_G05,Global_G05_S01,-0.445,-0.34750000000000014,-0.09749999999999986,Lower than own-history expected value,-0.34750000000000014,0.34099799999999963,0.34099799999999963,-0.285925430647687,0.285925430647687,-1.0294959999999995,0.3344959999999991,-1.370493999999999,0.6754939999999987,-1.7114919999999987,1.0164919999999984,Subgroup,3,0.8011338693320433,True,False,-0.49557501547738464,0.050575015477384605,0.26226857780680635,0.21011224054257885,0.23474632799450507,Higher than peer-implied value,0.18651157876563382,-0.7560483470799877,-0.23510168387478153,-1.0165216786825908,0.025371647727821578,-0.9123323460415497,-0.07881768491321961,0.36994484777865067,In-family,forward_transition,,,-0.05382932736435325,,,0.49018797611626613,-0.34,-0.4684605036308161,0.12846050363081607,-0.12846050363081607,mild,0.6406931003275107,0.20050239898814173,0.6400514315601137,current-month,0.26722144678278925,7,mild weaker than history,Below trust-gated watch / outlier / strong-outlier thresholds,history=Lower than own-history expected value; peers=Higher than peer-implied value; subgroup peers=3; peer model trusted; history/peer direction disagree; pattern=mild weaker than history; historical check type=forward_transition; current month name=August; mark month name=September; current transition=-0.34; transition mean=-0.47; transition delta=+0.13; transition magnitude delta=-0.13; transition degree=mild; transition degree score=0.64; component current-month sd=0.20; component historical month sd=0.64; transition degree scale source=current-month; actual-to-date z=-0.05; mark z=0.49; transition z=0.27; pattern years=7
TGP-Mahwah,Global_G07,Global_G07_S02,-0.8277,-0.7531000000000003,-0.07459999999999967,Lower than own-history expected value,-0.7531000000000003,0.2032644600000003,0.2032644600000003,-0.3670095598610773,0.3670095598610773,-1.159628920000001,-0.3465710799999997,-1.3628933800000014,-0.14330661999999939,-1.5661578400000016,0.05995784000000093,Subgroup,2,0.9863085965948188,False,False,-0.852341066098423,0.024641066098422905,1.0353211108785474,1.0211461118956089,0.0,Higher than peer-implied value,0.013388299588948507,-0.8691921959720451,-0.8354899362248008,-0.8860433258456674,-0.8186388063511786,-0.8793028738962184,-0.8253792583006275,0.3670095598610773,In-family,forward_transition,,,-0.2851669663661255,,,0.49468860334610903,-0.010200000000000098,-0.2600028026515236,0.2498028026515235,-0.2498028026515235,very strong,89.43228633489748,0.0027932060432413167,0.4367086317339895,current-month,1.0721230660971122,8,very strong weaker than history,Below trust-gated watch / outlier / strong-outlier thresholds,history=Lower than own-history expected value; peers=Higher than peer-implied value; subgroup peers=2; peer model untrusted; pattern=very strong weaker than history; historical check type=forward_transition; current month name=August; mark month name=September; current transition=-0.01; transition mean=-0.26; transition delta=+0.25; transition magnitude delta=-0.25; transition degree=very strong; transition degree score=89.43; component current-month sd=0.00; component historical month sd=0.44; transition degree scale source=current-month; actual-to-date z=-0.29; mark z=0.49; transition z=1.07; pattern years=8
Michcon,Global_G01,Global_G01_S05,-0.3183,-0.38749999999999996,0.06919999999999993,Higher than own-history expected value,-0.38749999999999996,0.19273800000000016,0.19273800000000016,0.35903661965984845,0.35903661965984845,-0.7729760000000003,-0.002023999999999637,-0.9657140000000004,0.1907140000000005,-1.1584520000000005,0.3834520000000007,Subgroup,2,0.9245898852596873,False,False,-0.2935479384749669,-0.024752061525033123,-0.42290338879168915,0.3910121957188408,0.0,Lower than peer-implied value,0.05055927978601283,-0.35927380534303405,-0.22782207160689977,-0.4249996722111012,-0.16209620473883263,-0.39870932546387433,-0.18838655148605948,0.35903661965984845,In-family,forward_transition,,,0.359983170222175,,,-0.2981802381127113,-0.1433000000000002,-0.015717749881124912,-0.1275822501188753,0.1275822501188753,moderate,1.318213851706712,0.09678418259199187,0.2044089874017023,current-month,-0.7937586942045584,26,moderate stronger than history,Below trust-gated watch / outlier / strong-outlier thresholds,history=Higher than own-history expected value; peers=Lower than peer-implied value; subgroup peers=2; peer model untrusted; pattern=moderate stronger than history; historical check type=forward_transition; current month name=August; mark month name=September; current transition=-0.14; transition mean=-0.02; transition delta=-0.13; transition magnitude delta=+0.13; transition degree=moderate; transition degree score=1.32; component current-month sd=0.10; component historical month sd=0.20; transition degree scale source=current-month; actual-to-date z=0.36; mark z=-0.30; transition z=-0.79; pattern years=26
NGPL-STX,Global_G04,Global_G04_S02,-0.5,-0.4674999999999998,-0.032500000000000195,Lower than own-history expected value,-0.4674999999999998,0.10007549999999983,0.10007549999999983,-0.32475481011836316,0.32475481011836316,-0.6676509999999994,-0.26734900000000017,-0.7677264999999993,-0.1672735000000003,-0.8678019999999991,-0.06719800000000048,Subgroup,2,0.9827598164381665,False,False,-0.5178000000000001,0.01780000000000015,1.0914486835166692,1.0726319078645203,0.0,Higher than peer-implied value,0.015565146138249266,-0.5374263491353924,-0.4981736508646078,-0.5570526982707849,-0.47854730172921545,-0.5492021586166279,-0.4863978413833724,0.32475481011836316,In-family,forward_transition,,,-0.27117563460670996,,,-0.601060705516946,-0.18000000000000016,-0.0649978629514474,-0.11500213704855276,0.11500213704855276,moderate,1.4560251752565125,0.07898361855473582,0.16703906096557397,current-month,-0.8096384191660806,24,moderate stronger than history,Below trust-gated watch / outlier / strong-outlier thresholds,history=Lower than own-history expected value; peers=Higher than peer-implied value; subgroup peers=2; peer model untrusted; pattern=moderate stronger than history; historical check type=forward_transition; current month name=August; mark month name=September; current transition=-0.18; transition mean=-0.06; transition delta=-0.12; transition magnitude delta=+0.12; transition degree=moderate; transition degree score=1.46; component current-month sd=0.08; component historical month sd=0.17; transition degree scale source=current-month; actual-to-date z=-0.27; mark z=-0.60; transition z=-0.81; pattern years=24
Carthage,Global_G01,Global_G01_S01,-0.3672,-0.375,0.007799999999999974,Higher than own-history expected value,-0.375,0.13343399999999978,0.13343399999999978,0.05845586582130482,0.05845586582130482,-0.6418679999999996,-0.10813200000000045,-0.7753019999999993,0.025301999999999325,-0.9087359999999991,0.1587359999999991,Subgroup,8,0.9145939147976336,True,False,-0.3383063338961602,-0.028893666103839838,-0.33083517548620617,0.3025798383006914,0.31639224690690054,Lower than peer-implied value,0.06294854554875581,-0.4205839233314983,-0.25602874446082213,-0.5028615127668364,-0.173751155025484,-0.4699504769927012,-0.20666219079961926,0.32174701576194226,In-family,forward_transition,,,-0.08021457206747315,,,-0.3108047973473604,-0.11220000000000013,-0.03919834481231967,-0.07300165518768045,0.07300165518768045,moderate,1.2695940032640105,0.057499999999999885,0.17584594496206152,current-month,-0.5502488952393007,26,moderate stronger than history,Below trust-gated watch / outlier / strong-outlier thresholds,history=Higher than own-history expected value; peers=Lower than peer-implied value; subgroup peers=8; peer model trusted; history/peer direction disagree; pattern=moderate stronger than history; historical check type=forward_transition; current month name=August; mark month name=September; current transition=-0.11; transition mean=-0.04; transition delta=-0.07; transition magnitude delta=+0.07; transition degree=moderate; transition degree score=1.27; component current-month sd=0.06; component historical month sd=0.18; transition degree scale source=current-month; actual-to-date z=-0.08; mark z=-0.31; transition z=-0.55; pattern years=26
Panhandle,Global_G06,Global_G06_S01,-0.4637,-0.52,0.05630000000000002,Higher than own-history expected value,-0.52,0.2298029999999997,0.2298029999999997,0.24499245005504755,0.24499245005504755,-0.9796059999999994,-0.060394000000000614,-1.209408999999999,0.16940899999999903,-1.4392119999999988,0.3992119999999988,Subgroup,4,0.9621670438398171,True,True,-0.4701601279558985,0.006460127955898593,0.17519966649351618,0.16857134519178832,0.17185355235771155,Higher than peer-implied value,0.0423486589981949,-0.524126650840801,-0.41619360507099595,-0.5780931737257036,-0.36222708218609345,-0.5565065645717425,-0.38381369134005444,0.2992573207825327,In-family,forward_transition,,,0.48545089718565043,,,0.1214182713475998,-0.15869999999999984,-0.09525851278971206,-0.06344148721028778,0.06344148721028778,mild,0.5804330577053356,0.10930026532447205,0.3268714292262313,current-month,-0.27338831082245735,26,mild stronger than history,Below trust-gated watch / outlier / strong-outlier thresholds,history=Higher than own-history expected value; peers=Higher than peer-implied value; subgroup peers=4; peer model trusted; history/peer direction agree; pattern=mild stronger than history; historical check type=forward_transition; current month name=August; mark month name=September; current transition=-0.16; transition mean=-0.10; transition delta=-0.06; transition magnitude delta=+0.06; transition degree=mild; transition degree score=0.58; component current-month sd=0.11; component historical month sd=0.33; transition degree scale source=current-month; actual-to-date z=0.49; mark z=0.12; transition z=-0.27; pattern years=26
Millennium-Ramapo,Global_G07,Global_G07_S02,-0.8277,-0.7755999999999998,-0.052100000000000146,Lower than own-history expected value,-0.7755999999999998,0.17820852000000012,0.17820852000000012,-0.2923541478263784,0.2923541478263784,-1.13201704,-0.4191829599999996,-1.3102255600000001,-0.24097443999999946,-1.4884340800000002,-0.06276591999999936,Subgroup,2,0.9831194869633129,False,False,-0.8565088707060429,0.028808870706042895,1.5996001183650765,1.5725980477135286,0.0,Higher than peer-implied value,0.012922838539614534,-0.872800509734486,-0.8402172316775998,-0.8890921487629291,-0.8239255926491567,-0.8825754931515518,-0.8304422482605339,0.2923541478263784,In-family,forward_transition,,,-0.3220846826716493,,,0.5146099593345268,-0.005299999999999971,-0.2762420346423027,0.2709420346423027,-0.2709420346423027,very strong,23.587123551424096,0.011486862060632413,0.43823683732395535,current-month,1.107910643920236,8,very strong weaker than history,Below trust-gated watch / outlier / strong-outlier thresholds,history=Lower than own-history expected value; peers=Higher than peer-implied value; subgroup peers=2; peer model untrusted; pattern=very strong weaker than history; historical check type=forward_transition; current month name=August; mark month name=September; current transition=-0.01; transition mean=-0.28; transition delta=+0.27; transition magnitude delta=-0.27; transition degree=very strong; transition degree score=23.59; component current-month sd=0.01; component historical month sd=0.44; transition degree scale source=current-month; actual-to-date z=-0.32; mark z=0.51; transition z=1.11; pattern years=8
AGT-CG (non-G),Global_G05,Global_G05_S02,-0.5525,-0.46750000000000025,-0.08499999999999974,Lower than own-history expected value,-0.46750000000000025,0.3076394999999997,0.3076394999999997,-0.2762974195446288,0.2762974195446288,-1.0827789999999995,0.1477789999999991,-1.3904184999999993,0.45541849999999884,-1.698057999999999,0.7630579999999985,Subgroup,2,0.9509153920181732,False,True,-0.5150000000000002,-0.037499999999999756,-0.3891292843134181,0.3700290259386451,0.0,Lower than peer-implied value,0.0963689999999999,-0.6385311336141578,-0.39146886638584266,-0.7620622672283154,-0.2679377327716851,-0.7126498137826524,-0.3173501862173481,0.2762974195446288,In-family,forward_transition,,,0.5456663269637415,,,0.2381340733830016,-0.41249999999999987,-0.29231900702476926,-0.1201809929752306,0.1201809929752306,mild,0.5917676049749458,0.20308815819737008,0.6297265143173469,current-month,-0.34656015593889,26,mild stronger than history,Below trust-gated watch / outlier / strong-outlier thresholds,history=Lower than own-history expected value; peers=Lower than peer-implied value; subgroup peers=2; peer model untrusted; pattern=mild stronger than history; historical check type=forward_transition; current month name=August; mark month name=September; current transition=-0.41; transition mean=-0.29; transition delta=-0.12; transition magnitude delta=+0.12; transition degree=mild; transition degree score=0.59; component current-month sd=0.20; component historical month sd=0.63; transition degree scale source=current-month; actual-to-date z=0.55; mark z=0.24; transition z=-0.35; pattern years=26
NGPL-Midcont Pool,Global_G06,Global_G06_S01,-0.4219,-0.45999999999999996,0.03809999999999997,Higher than own-history expected value,-0.45999999999999996,0.185325,0.185325,0.20558478348846604,0.20558478348846604,-0.8306499999999999,-0.08934999999999998,-1.015975,0.09597500000000003,-1.2012999999999998,0.2813,Subgroup,4,0.9353918279686078,True,True,-0.4287135520475223,0.0068135520475223095,0.13563825163751653,0.1268749121416826,0.13118342600939092,Higher than peer-implied value,0.04413973117064083,-0.4857618788242136,-0.371665225270831,-0.542810205600905,-0.31461689849413965,-0.5199908748902284,-0.3374362292048162,0.24387331641973625,In-family,forward_transition,,,0.4382001087577303,,,0.1334395676920286,-0.1619000000000002,-0.12226959473919598,-0.03963040526080423,0.03963040526080423,slight,0.40782279337724175,0.0971755524810639,0.3358331687239461,current-month,-0.1732205350961516,26,slight stronger than history,Below trust-gated watch / outlier / strong-outlier thresholds,history=Higher than own-history expected value; peers=Higher than peer-implied value; subgroup peers=4; peer model trusted; history/peer direction agree; pattern=slight stronger than history; historical check type=forward_transition; current month name=August; mark month name=September; current transition=-0.16; transition mean=-0.12; transition delta=-0.04; transition magnitude delta=+0.04; transition degree=slight; transition degree score=0.41; component current-month sd=0.10; component historical month sd=0.34; transition degree scale source=current-month; actual-to-date z=0.44; mark z=0.13; transition z=-0.17; pattern years=26
GTN-Kingsgate,Global_OUTLIER,Global_OUTLIER_S03,-1.6277,-1.7125000000000001,0.08480000000000021,Higher than own-history expected value,-1.7125000000000001,0.34841099999999997,0.34841099999999997,0.24339070810049113,0.24339070810049113,-2.409322,-1.0156780000000003,-2.757733,-0.6672670000000003,-3.106144,-0.31885600000000025,OwnHistoryOnly,0,,False,False,,,,,0.0,,,,,,,,,0.24339070810049113,In-family,forward_transition,,,-0.15989027730119743,,,0.02940755492179749,-0.20269999999999988,-0.4236765353686207,0.22097653536862083,-0.22097653536862083,very strong,2.237009356239143,0.09878212388888988,1.1897924573610952,current-month,0.5515042851682788,26,very strong weaker than history,Below trust-gated watch / outlier / strong-outlier thresholds,history=Higher than own-history expected value; pattern=very strong weaker than history; historical check type=forward_transition; current month name=August; mark month name=September; current transition=-0.20; transition mean=-0.42; transition delta=+0.22; transition magnitude delta=-0.22; transition degree=very strong; transition degree score=2.24; component current-month sd=0.10; component historical month sd=1.19; transition degree scale source=current-month; actual-to-date z=-0.16; mark z=0.03; transition z=0.55; pattern years=26
TGP-Z6 200L South,Global_G05,Global_G05_S02,-0.545,-0.5050000000000001,-0.039999999999999925,Lower than own-history expected value,-0.5050000000000001,0.2446289999999997,0.2446289999999997,-0.16351291138826538,0.16351291138826538,-0.9942579999999995,-0.0157420000000007,-1.2388869999999992,0.22888699999999895,-1.483515999999999,0.4735159999999987,Subgroup,2,0.9732345536027296,False,False,-0.5824999999999998,0.037499999999999756,0.3891292843134181,0.3787140653125191,0.0,Higher than peer-implied value,0.073657840525205,-0.6758297785575174,-0.4891702214424823,-0.7691595571150348,-0.3958404428849648,-0.7318276456920279,-0.43317235430797174,0.16351291138826538,In-family,forward_transition,,,0.6565203183115152,,,0.7269742479683869,-0.29999999999999993,-0.2840023238069396,-0.015997676193060306,0.015997676193060306,,,0.14991764405832958,0.5160810772279322,current-month,-0.06016596835799531,7,in-line transition,Below trust-gated watch / outlier / strong-outlier thresholds,history=Lower than own-history expected value; peers=Higher than peer-implied value; subgroup peers=2; peer model untrusted; pattern=in-line transition; historical check type=forward_transition; current month name=August; mark month name=September; current transition=-0.30; transition mean=-0.28; transition delta=-0.02; transition magnitude delta=+0.02; component current-month sd=0.15; component historical month sd=0.52; transition degree scale source=current-month; actual-to-date z=0.66; mark z=0.73; transition z=-0.06; pattern years=7
TETCO-M1 30,Global_G14,Global_G14_S01,-0.2575,-0.2650000000000001,0.007500000000000118,Higher than own-history expected value,-0.2650000000000001,0.1186080000000001,0.1186080000000001,0.06323350870093174,0.06323350870093174,-0.5022160000000003,-0.02778399999999992,-0.6208240000000005,0.09082400000000018,-0.7394320000000005,0.20943200000000028,Subgroup,2,0.9341107071219796,False,False,-0.22774999999999967,-0.02975000000000033,-1.0033050047214456,0.9371979474193707,0.0,Lower than peer-implied value,0.040384837990736194,-0.27998110127941456,-0.17551889872058482,-0.3322122025588294,-0.12328779744116995,-0.31131976204706346,-0.1441802379529359,0.06323350870093174,In-family,forward_transition,,,0.4218912024660949,,,-1.0666529827419742,-0.14750000000000013,-0.014118261972579007,-0.13338173802742112,0.13338173802742112,moderate,1.265199999505372,0.10542344141603423,0.13463601000785017,current-month,-1.3191433991289103,24,moderate stronger than history,Below trust-gated watch / outlier / strong-outlier thresholds,history=Higher than own-history expected value; peers=Lower than peer-implied value; subgroup peers=2; peer model untrusted; pattern=moderate stronger than history; historical check type=forward_transition; current month name=August; mark month name=September; current transition=-0.15; transition mean=-0.01; transition delta=-0.13; transition magnitude delta=+0.13; transition degree=moderate; transition degree score=1.27; component current-month sd=0.11; component historical month sd=0.13; transition degree scale source=current-month; actual-to-date z=0.42; mark z=-1.07; transition z=-1.32; pattern years=24
Lebanon,Global_G01,Global_G01_S01,,-0.4399999999999997,,,-0.4399999999999997,0.1890314999999999,0.1890314999999999,,,-0.8180629999999995,-0.06193699999999991,-1.0070944999999996,0.1270945,-1.1961259999999994,0.3161259999999999,OwnHistoryOnly,0,,False,False,,,,,0.0,,,,,,,,,0.0,No forward mark,forward_transition,,,,,,,,,,,,,,,,,18,,No forward mark available.,No forward mark
Bennington,Global_G01,Global_G01_S03,,-0.36270000000000024,,,-0.36270000000000024,0.12364883999999954,0.12364883999999954,,,-0.6099976799999993,-0.11540232000000117,-0.7336465199999989,0.00824651999999837,-0.8572953599999984,0.1318953599999979,OwnHistoryOnly,0,,False,False,,,,,0.0,,,,,,,,,0.0,No forward mark,forward_transition,,,,,,,,,,,,,,,,,7,,No forward mark available.,No forward mark
MEP-Lamar,Global_G01,Global_G01_S03,,-0.35870000000000024,,,-0.35870000000000024,0.11475323999999987,0.11475323999999987,,,-0.58820648,-0.1291935200000005,-0.7029597199999998,-0.014440280000000638,-0.8177129599999997,0.10031295999999923,OwnHistoryOnly,0,,False,False,,,,,0.0,,,,,,,,,0.0,No forward mark,forward_transition,,,,,,,,,,,,,,,,,5,,No forward mark available.,No forward mark
REX-Z3 Del Pool,Global_G01,Global_G01_S04,,-0.4299999999999997,,,-0.4299999999999997,0.18532500000000066,0.18532500000000066,,,-0.800650000000001,-0.059349999999998404,-0.9859750000000017,0.12597500000000228,-1.1713000000000022,0.3113000000000029,OwnHistoryOnly,0,,False,False,,,,,0.0,,,,,,,,,0.0,No forward mark,forward_transition,,,,,,,,,,,,,,,,,10,,No forward mark available.,No forward mark
MountainWest-North,Global_G02,Global_G02_S01,,-1.0750000000000002,,,-1.0750000000000002,0.9785160000000002,0.9785160000000002,,,-3.0320320000000005,0.8820320000000001,-4.010548000000001,1.8605480000000005,-4.989064000000001,2.8390640000000005,OwnHistoryOnly,0,,False,False,,,,,0.0,,,,,,,,,0.0,No forward mark,forward_transition,,,,,,,,,,,,,,,,,26,,No forward mark available.,No forward mark
Rover (receipt),Global_G03,Global_G03_S01,,-0.7326000000000001,,,-0.7326000000000001,0.16560641999999987,0.16560641999999987,,,-1.0638128399999998,-0.4013871600000004,-1.2294192599999998,-0.23578074000000054,-1.3950256799999996,-0.07017432000000068,OwnHistoryOnly,0,,False,False,,,,,0.0,,,,,,,,,0.0,No forward mark,forward_transition,,,,,,,,,,,,,,,,,6,,No forward mark available.,No forward mark
TGP-Z4 Sta-313,Global_G03,Global_G03_S01,,-0.7050000000000001,,,-0.7050000000000001,0.10378199999999976,0.10378199999999976,,,-0.9125639999999996,-0.49743600000000054,-1.0163459999999993,-0.3936540000000008,-1.1201279999999991,-0.289872000000001,OwnHistoryOnly,0,,False,False,,,,,0.0,,,,,,,,,0.0,No forward mark,forward_transition,,,,,,,,,,,,,,,,,12,,No forward mark available.,No forward mark
TGP-Z4 300L,Global_G03,Global_G03_S02,,-0.8599999999999999,,,-0.8599999999999999,0.13343399999999978,0.13343399999999978,,,-1.1268679999999995,-0.5931320000000003,-1.2603019999999991,-0.45969800000000055,-1.393735999999999,-0.3262640000000008,OwnHistoryOnly,0,,False,False,,,,,0.0,,,,,,,,,0.0,No forward mark,forward_transition,,,,,,,,,,,,,,,,,18,,No forward mark available.,No forward mark
Agua Dulce Hub,Global_G04,Global_G04_S01,,-0.43000000000000016,,,-0.43000000000000016,0.09636899999999991,0.09636899999999991,,,-0.622738,-0.23726200000000033,-0.7191069999999999,-0.14089300000000043,-0.8154759999999999,-0.04452400000000051,OwnHistoryOnly,0,,False,False,,,,,0.0,,,,,,,,,0.0,No forward mark,forward_transition,,,,,,,,,,,,,,,,,24,,No forward mark available.,No forward mark
ENT-STX Map,Global_G04,Global_G04_S01,,-0.4455,,,-0.4455,0.08302560000000007,0.08302560000000007,,,-0.6115512000000002,-0.27944879999999983,-0.6945768000000002,-0.1964231999999998,-0.7776024000000004,-0.11339759999999971,OwnHistoryOnly,0,,False,False,,,,,0.0,,,,,,,,,0.0,No forward mark,forward_transition,,,,,,,,,,,,,,,,,7,,No forward mark available.,No forward mark
Tres Palacios (inj),Global_G04,Global_G04_S01,,-0.45920000000000005,,,-0.45920000000000005,0.08539776000000014,0.08539776000000014,,,-0.6299955200000004,-0.28840447999999974,-0.7153932800000005,-0.20300671999999964,-0.8007910400000007,-0.11760895999999949,OwnHistoryOnly,0,,False,False,,,,,0.0,,,,,,,,,0.0,No forward mark,forward_transition,,,,,,,,,,,,,,,,,9,,No forward mark available.,No forward mark
TGP-Z0 Border Pool,Global_G04,Global_G04_S02,,-0.46499999999999986,,,-0.46499999999999986,0.08895600000000073,0.08895600000000073,,,-0.6429120000000013,-0.2870879999999984,-0.7318680000000021,-0.19813199999999764,-0.8208240000000028,-0.10917599999999694,OwnHistoryOnly,0,,False,False,,,,,0.0,,,,,,,,,0.0,No forward mark,forward_transition,,,,,,,,,,,,,,,,,26,,No forward mark available.,No forward mark
PNGTS,Global_G05,Global_G05_S01,,-0.03000000000000025,,,-0.03000000000000025,0.37806299999999915,0.37806299999999915,,,-0.7861259999999985,0.726125999999998,-1.1641889999999977,1.1041889999999972,-1.5422519999999968,1.4822519999999964,OwnHistoryOnly,0,,False,False,,,,,0.0,,,,,,,,,0.0,No forward mark,forward_transition,,,,,,,,,,,,,,,,,9,,No forward mark available.,No forward mark
TGP-Z6 300L,Global_G05,Global_G05_S02,,-0.4249999999999998,,,-0.4249999999999998,0.2372160000000002,0.2372160000000002,,,-0.8994320000000002,0.04943200000000059,-1.1366480000000005,0.2866480000000008,-1.3738640000000006,0.523864000000001,OwnHistoryOnly,0,,False,False,,,,,0.0,,,,,,,,,0.0,No forward mark,forward_transition,,,,,,,,,,,,,,,,,26,,No forward mark available.,No forward mark
Enable West Pool ,Global_G06,Global_G06_S01,,-0.4495999999999998,,,-0.4495999999999998,0.22446563999999963,0.22446563999999963,,,-0.898531279999999,-0.0006687200000005111,-1.1229969199999987,0.22379691999999918,-1.3474625599999983,0.44826255999999876,OwnHistoryOnly,0,,False,False,,,,,0.0,,,,,,,,,0.0,No forward mark,forward_transition,,,,,,,,,,,,,,,,,12,,No forward mark available.,No forward mark
Transco-Z6 (non-NY south),Global_G07,Global_G07_S01,,-0.71,,,-0.71,0.17049900000000032,0.17049900000000032,,,-1.0509980000000005,-0.36900199999999933,-1.221497000000001,-0.19850299999999899,-1.3919960000000011,-0.028003999999998697,OwnHistoryOnly,0,,False,False,,,,,0.0,,,,,,,,,0.0,No forward mark,forward_transition,,,,,,,,,,,,,,,,,26,,No forward mark available.,No forward mark
TW-Panhandle,Global_G08,Global_G08_S01,,-1.705,,,-1.705,1.171254,1.171254,,,-4.0475080000000005,0.637508,-5.218762,1.8087619999999998,-6.390016,2.980016,OwnHistoryOnly,0,,False,False,,,,,0.0,,,,,,,,,0.0,No forward mark,forward_transition,,,,,,,,,,,,,,,,,26,,No forward mark available.,No forward mark
TW-WTX,Global_G08,Global_G08_S02,,-1.665,,,-1.665,1.1934930000000001,1.1934930000000001,,,-4.051986,0.7219860000000002,-5.2454790000000004,1.9154790000000004,-6.438972000000001,3.1089720000000005,OwnHistoryOnly,0,,False,False,,,,,0.0,,,,,,,,,0.0,No forward mark,forward_transition,,,,,,,,,,,,,,,,,12,,No forward mark available.,No forward mark
Transco-45,Global_G10,Global_G10_S01,,-0.33499999999999996,,,-0.33499999999999996,0.15567299999999998,0.15567299999999998,,,-0.6463459999999999,-0.02365400000000001,-0.8020189999999999,0.132019,-0.9576919999999999,0.28769199999999995,OwnHistoryOnly,0,,False,False,,,,,0.0,,,,,,,,,0.0,No forward mark,forward_transition,,,,,,,,,,,,,,,,,26,,No forward mark available.,No forward mark
EP-S.Mainline,Global_G11,Global_G11_S02,,-0.3999999999999999,,,-0.3999999999999999,1.3009814999999998,1.3009814999999998,,,-3.0019629999999995,2.2019629999999997,-4.302944499999999,3.5029444999999995,-5.6039259999999995,4.803925999999999,OwnHistoryOnly,0,,False,False,,,,,0.0,,,,,,,,,0.0,No forward mark,forward_transition,,,,,,,,,,,,,,,,,18,,No forward mark available.,No forward mark
Nortex-Tolar Hub,Global_G12,Global_G12_S01,,-0.45710000000000006,,,-0.45710000000000006,0.10882284000000052,0.10882284000000052,,,-0.6747456800000011,-0.23945431999999903,-0.7835685200000015,-0.13063147999999852,-0.8923913600000022,-0.021808639999997992,OwnHistoryOnly,0,,False,False,,,,,0.0,,,,,,,,,0.0,No forward mark,forward_transition,,,,,,,,,,,,,,,,,12,,No forward mark available.,No forward mark
TETCO-ETX,Global_G12,Global_G12_S02,,-0.4474999999999998,,,-0.4474999999999998,0.16308599999999981,0.16308599999999981,,,-0.7736719999999995,-0.12132800000000016,-0.9367579999999992,0.04175799999999963,-1.0998439999999992,0.20484399999999947,OwnHistoryOnly,0,,False,False,,,,,0.0,,,,,,,,,0.0,No forward mark,forward_transition,,,,,,,,,,,,,,,,,26,,No forward mark available.,No forward mark
Tres Palacios (w/d),Global_G12,Global_G12_S02,,-0.36960000000000015,,,-0.36960000000000015,0.09696203999999985,0.09696203999999985,,,-0.5635240799999999,-0.17567592000000046,-0.6604861199999996,-0.07871388000000062,-0.7574481599999996,0.018248159999999236,OwnHistoryOnly,0,,False,False,,,,,0.0,,,,,,,,,0.0,No forward mark,forward_transition,,,,,,,,,,,,,,,,,12,,No forward mark available.,No forward mark
Katy-Lonestar Inter,Global_G13,Global_G13_S01,,-0.45500000000000007,,,-0.45500000000000007,0.09547944000000001,0.09547944000000001,,,-0.6459588800000001,-0.26404112,-0.7414383200000001,-0.16856168000000005,-0.8369177600000002,-0.07308224000000002,OwnHistoryOnly,0,,False,False,,,,,0.0,,,,,,,,,0.0,No forward mark,forward_transition,,,,,,,,,,,,,,,,,12,,No forward mark available.,No forward mark
TETCO-M1 24,Global_G14,Global_G14_S01,,-0.3200000000000003,,,-0.3200000000000003,0.08895600000000073,0.08895600000000073,,,-0.49791200000000174,-0.14208799999999883,-0.5868680000000025,-0.05313199999999807,-0.6758240000000032,0.03582400000000263,OwnHistoryOnly,0,,False,False,,,,,0.0,,,,,,,,,0.0,No forward mark,forward_transition,,,,,,,,,,,,,,,,,16,,No forward mark available.,No forward mark
FGT-CG,Global_OUTLIER,Global_OUTLIER_S02,,1.6550000000000002,,,1.6550000000000002,0.3558240000000003,0.3558240000000003,,,0.9433519999999996,2.366648000000001,0.5875279999999994,2.722472000000001,0.23170399999999902,3.0782960000000017,OwnHistoryOnly,0,,False,False,,,,,0.0,,,,,,,,,0.0,No forward mark,forward_transition,,,,,,,,,,,,,,,,,23,,No forward mark available.,No forward mark
REX-Z3 (receipt) ,Global_OUTLIER,Global_OUTLIER_S06,,-0.6782000000000004,,,-0.6782000000000004,0.21512526000000098,0.21512526000000098,,,-1.1084505200000023,-0.2479494799999984,-1.3235757800000032,-0.032824219999997406,-1.5387010400000043,0.18230104000000358,OwnHistoryOnly,0,,False,False,,,,,0.0,,,,,,,,,0.0,No forward mark,forward_transition,,,,,,,,,,,,,,,,,7,,No forward mark available.,No forward mark
Transco Zn3,Global_OUTLIER,Global_OUTLIER_S07,,0.2799999999999998,,,0.2799999999999998,0.1186080000000001,0.1186080000000001,,,0.0427839999999996,0.517216,-0.0758240000000005,0.6358240000000002,-0.1944320000000006,0.7544320000000002,OwnHistoryOnly,0,,False,False,,,,,0.0,,,,,,,,,0.0,No forward mark,forward_transition,,,,,,,,,,,,,,,,,26,,No forward mark available.,No forward mark
