Component,Parent_Group_Label,Parent_Group_Number,Parent_Group_Type,Subgroup_Label,Subgroup_Number,Subgroup_Type,REGION,PriceRegionLabel,Tree_Depth,Tree_Level_1,Tree_Level_2,Tree_Level_3,Scope,Season,Fin Basis Name,Platts Market,Platt Market w/ ICE in the name,Platts Forward Settle,GasDaily,ICE Market,Hist_Count,Hist_Mean,Hist_SD,Hist_Daily_Change_SD,Hist_Median,Hist_Robust_SD,Hist_Min,Hist_Max,History_Last_Date,History_Last_Basis,Final Mark,Hist_Effective_Scale,Own_History_Expected_Value,Own_History_Delta,Forward_Z,Forward_Robust_Z,Forward_Abs_Z,Has_Forward_Final_Mark,HistCal_Check_Type,HistCal_Window_Label,HistCal_Actual_Label,HistCal_Current_Month,HistCal_Mark_Month,HistCal_CurrentMTD_Basis,HistCal_CurrentMTD_Z,HistCal_Mark_Mean,HistCal_Mark_Delta,HistCal_Mark_Z,HistCal_Transition,HistCal_Transition_Mean,HistCal_Transition_Delta,HistCal_Transition_Magnitude_Delta,HistCal_Transition_Z,HistCal_Sample_Years,HistCal_Pattern,HistCal_Transition_Degree,HistCal_Transition_Degree_Score,HistCal_Component_CurrentMonth_SD,HistCal_Component_HistoricalMonth_SD,HistCal_Transition_Degree_Scale_Source,Parent_Model_Label,Parent_Group_Size,Parent_Peers_With_Final_Mark,Parent_Selected_Peer_Count,Parent_Selected_Peers,Parent_Avg_Selected_Corr,Parent_Min_Selected_Corr,Parent_Max_Selected_Corr,Parent_Mean_Pair_Scale,Parent_Reliability,Parent_Peer_Implied_Final_Mark,Parent_Peer_Residual,Parent_Peer_Residual_Z,Subgroup_Model_Label,Subgroup_Group_Size,Subgroup_Peers_With_Final_Mark,Subgroup_Selected_Peer_Count,Subgroup_Selected_Peers,Subgroup_Avg_Selected_Corr,Subgroup_Min_Selected_Corr,Subgroup_Max_Selected_Corr,Subgroup_Mean_Pair_Scale,Subgroup_Reliability,Subgroup_Peer_Implied_Final_Mark,Subgroup_Peer_Residual,Subgroup_Peer_Residual_Z,Chosen_Group_Level,Chosen_Group_Label,Chosen_Group_Selected_Peer_Count,Chosen_Group_Selected_Peers,Chosen_Group_Reliability,Chosen_Group_Peer_Implied_Final_Mark,Chosen_Group_Peer_Residual,Chosen_Group_Mean_Pair_Scale,Chosen_Group_Peer_Residual_Z,Chosen_Group_Peer_Signal,Own_History_Direction,Chosen_Group_Peer_Direction,Chosen_Group_Peer_Trusted,Chosen_Group_Direction_Agree,Chosen_Group_Peer_Score_v2,Own_History_Range_Watch_Low,Own_History_Range_Watch_High,Own_History_Range_Outlier_Low,Own_History_Range_Outlier_High,Own_History_Range_Strong_Low,Own_History_Range_Strong_High,Chosen_Group_Peer_Watch_Threshold_Z,Chosen_Group_Peer_Outlier_Threshold_Z,Chosen_Group_Peer_Strong_Threshold_Z,Chosen_Group_Peer_Range_Watch_Low,Chosen_Group_Peer_Range_Watch_High,Chosen_Group_Peer_Range_Outlier_Low,Chosen_Group_Peer_Range_Outlier_High,Chosen_Group_Peer_Range_Strong_Low,Chosen_Group_Peer_Range_Strong_High,Overall_Combined_Score,Group_Outlier_Flag,Outlier_Reasons,Plot_Flag_Label,Plot_Flag_Short,Plot_Annotate,Plot_Label_Text,Plot_Flag_Priority
Carthage,Global_G01,1,regular,Global_G01_S01,1,regular,South Central,SouthCentral - Perryville,3,Global_G01,Global_G01_S01,Carthage,GLOBAL,Summer,HSC-HPL POOL,Carthage Hub FDt Com,ICE Carthage Hub Tailgate FDt Com,,,Carthage,62,-0.41043709677419354,0.1319391666005071,0.08206331288952678,-0.375,0.12602099999999994,-0.6799999999999997,-0.13500000000000023,2026-08-06,-0.2970999999999999,-0.3433,0.12602099999999994,-0.375,0.031700000000000006,0.5088488771304358,0.25154537735774213,0.25154537735774213,True,forward_transition,,,August,September,-0.2760499999999999,-0.2979211020785379,,,-0.22681750395577768,-0.06725000000000009,-0.05323644261649269,-0.014013557383507395,0.014013557383507395,-0.09399727403129379,26,in-line transition,,,0.05761945562626102,0.17584594496206152,current-month,Global_G01,34,28,32,EGT-Flex | Gulf S. Pool 16 | Lebanon | Michcon | NGPL-AM Pool | NGPL-MidAm | NNG-Demarc | REX E-ANR | TETCO-M1 24 | TGP-800L | Trunkline-Z1A | Union-Dawn | Chicago | NGPL-Nicor | NGPL-Nipsco | PGLC | Bennington | MEP-Lamar | NGPL-TXOK East | REX E-MidW | REX E-NGPL | REX-Z3 Del Pool | Rover-ANR | Rover-PEPL | TGP-Z1 100L | TGP-Z1 Sta-87 | NBPL-Ventura | NNG-Ventura | APC-ACE | Consumers | CG-Mainline | TGT-Mainline,0.9012918861969905,0.7902307021717608,0.9699018629461865,0.06818356547546402,0.9012918861969905,-0.33069013661098884,-0.01260986338901119,-0.1533179709746663,Global_G01 | Global_G01_S01,14,11,13,EGT-Flex | Gulf S. Pool 16 | Lebanon | Michcon | Moss Bluff Inter | NGPL-AM Pool | NGPL-MidAm | NNG-Demarc | REX E-ANR | TETCO-M1 24 | TGP-800L | Trunkline-Z1A | Union-Dawn,0.9027527668358145,0.7922958924311202,0.9699018629461865,0.06516403292170757,0.9027527668358145,-0.33662412966879895,-0.006675870331201058,-0.04094933711265468,Subgroup,Global_G01 | Global_G01_S01,13,EGT-Flex | Gulf S. Pool 16 | Lebanon | Michcon | Moss Bluff Inter | NGPL-AM Pool | NGPL-MidAm | NNG-Demarc | REX E-ANR | TETCO-M1 24 | TGP-800L | Trunkline-Z1A | Union-Dawn,0.9027527668358145,-0.33662412966879895,-0.006675870331201058,0.06516403292170757,-0.04094933711265468,0.03696712737854151,Higher than own-history expected value,Lower than peer-implied value,True,False,0.03890731757793568,-0.6270419999999999,-0.12295800000000012,-0.7530629999999998,0.003062999999999816,-0.8790839999999998,0.12908399999999975,1.3156052531322868,2.6312105062645736,2.104968405011659,-0.42235427369588274,-0.25089398564171517,-0.5080844177229664,-0.16516384161463143,-0.473792360112133,-0.19945589922546494,0.2545365518568192,In-family,history=Higher than own-history expected value; peers=Lower than peer-implied value; subgroup peers=13; peer model trusted; history/peer direction disagree; pattern=in-line transition; historical check type=forward_transition; current month name=August; mark month name=September; current transition=-0.07; transition mean=-0.05; transition delta=-0.01; transition magnitude delta=+0.01; component current-month sd=0.06; component historical month sd=0.18; transition degree scale source=current-month; actual-to-date z=-0.30; mark z=-0.23; transition z=-0.09; pattern years=26,,,False,,0
EGT-Flex,Global_G01,1,regular,Global_G01_S01,1,regular,South Central,SouthCentral - Midcon,3,Global_G01,Global_G01_S01,EGT-Flex,GLOBAL,Summer,Enable Gas,,ICE Enable Gas Flex Pool only FDt Com,,Enable East Pool,EGT-Flex,59,-0.3951576271186441,0.1434088659349732,0.08794839019315843,-0.4142000000000001,0.1438122000000006,-0.6587999999999998,-0.1232000000000002,2026-08-06,-0.22639999999999993,-0.3325,0.1438122000000006,-0.4142000000000001,0.0817000000000001,0.43691599337418463,0.5681020108168832,0.5681020108168832,True,forward_transition,,,August,September,-0.18389999999999995,0.5326806223421349,,,0.041231000160641705,-0.14860000000000007,-0.08017010650460059,-0.06842989349539948,0.06842989349539948,-0.5352979776992937,12,mild stronger than history,mild,0.748743377799174,0.09139298660181748,0.1639894316365234,current-month,Global_G01,34,28,32,Carthage | Gulf S. Pool 16 | Lebanon | Michcon | NGPL-AM Pool | NGPL-MidAm | NNG-Demarc | REX E-ANR | TETCO-M1 24 | TGP-800L | Trunkline-Z1A | Union-Dawn | Chicago | NGPL-Nicor | NGPL-Nipsco | PGLC | Bennington | MEP-Lamar | NGPL-TXOK East | REX E-MidW | REX E-NGPL | REX-Z3 Del Pool | Rover-ANR | Rover-PEPL | TGP-Z1 100L | TGP-Z1 Sta-87 | NBPL-Ventura | NNG-Ventura | APC-ACE | Consumers | CG-Mainline | TGT-Mainline,0.912924007439695,0.8150120253791326,0.9665912121462878,0.06165856470620385,0.912924007439695,-0.3094342710319497,-0.023065728968050307,-0.29309187865307523,Global_G01 | Global_G01_S01,14,11,13,Carthage | Gulf S. Pool 16 | Lebanon | Michcon | Moss Bluff Inter | NGPL-AM Pool | NGPL-MidAm | NNG-Demarc | REX E-ANR | TETCO-M1 24 | TGP-800L | Trunkline-Z1A | Union-Dawn,0.9080604062844915,0.8150120253791326,0.9665912121462878,0.06091981838088168,0.9080604062844915,-0.31544142275284603,-0.01705857724715395,-0.21012813406873554,Subgroup,Global_G01 | Global_G01_S01,13,Carthage | Gulf S. Pool 16 | Lebanon | Michcon | Moss Bluff Inter | NGPL-AM Pool | NGPL-MidAm | NNG-Demarc | REX E-ANR | TETCO-M1 24 | TGP-800L | Trunkline-Z1A | Union-Dawn,0.9080604062844915,-0.31544142275284603,-0.01705857724715395,0.06091981838088168,-0.21012813406873554,0.1908090387942581,Higher than own-history expected value,Lower than peer-implied value,True,False,0.20023572929246775,-0.7018244000000013,-0.1265755999999989,-0.845636600000002,0.01723660000000171,-0.9894488000000026,0.16104880000000232,1.3117547428424898,2.6235094856849797,2.0988075885479835,-0.39535328344707066,-0.2355295620586214,-0.4752651441412953,-0.15561770136439676,-0.4433003998636055,-0.18758244564208662,0.6023572378410277,In-family,history=Higher than own-history expected value; peers=Lower than peer-implied value; subgroup peers=13; peer model trusted; history/peer direction disagree; pattern=mild stronger than history; historical check type=forward_transition; current month name=August; mark month name=September; current transition=-0.15; transition mean=-0.08; transition delta=-0.07; transition magnitude delta=+0.07; transition degree=mild; transition degree score=0.75; component current-month sd=0.09; component historical month sd=0.16; transition degree scale source=current-month; actual-to-date z=0.53; mark z=0.04; transition z=-0.54; pattern years=12,,,False,,0
Gulf S. Pool 16,Global_G01,1,regular,Global_G01_S01,1,regular,South Central,SouthCentral - TexCoast,3,Global_G01,Global_G01_S01,Gulf S. Pool 16,GLOBAL,Summer,,,ICE Gulf South Pool Area #16 FDt Com,,,Gulf S. Pool 16,60,-0.4098916666666666,0.12703908018983853,0.07692965845175195,-0.4093,0.10986065999999975,-0.6499999999999999,-0.18500000000000005,2026-08-06,-0.24400000000000022,-0.3433,0.10986065999999975,-0.4093,0.066,0.5241825316048933,0.6007610003435274,0.6007610003435274,True,forward_transition,,,August,September,-0.22070000000000012,0.2761173875697571,,,-0.20956176117508454,-0.12259999999999988,-0.02699657789091985,-0.09560342210908003,0.09560342210908003,-1.1284729441264567,10,mild stronger than history,mild,0.931837256821615,0.10259669422874529,0.2228710253523793,current-month,Global_G01,34,28,32,Carthage | EGT-Flex | Lebanon | Michcon | NGPL-AM Pool | NGPL-MidAm | NNG-Demarc | REX E-ANR | TETCO-M1 24 | TGP-800L | Trunkline-Z1A | Union-Dawn | Chicago | NGPL-Nicor | NGPL-Nipsco | PGLC | Bennington | MEP-Lamar | NGPL-TXOK East | REX E-MidW | REX E-NGPL | REX-Z3 Del Pool | Rover-ANR | Rover-PEPL | TGP-Z1 100L | TGP-Z1 Sta-87 | NBPL-Ventura | NNG-Ventura | APC-ACE | Consumers | CG-Mainline | TGT-Mainline,0.8924753603189783,0.7684062960606786,0.9765267573412516,0.059623991040583545,0.8924753603189783,-0.33295636203115797,-0.010343637968842065,-0.13325049961508134,Global_G01 | Global_G01_S01,14,11,13,Carthage | EGT-Flex | Lebanon | Michcon | Moss Bluff Inter | NGPL-AM Pool | NGPL-MidAm | NNG-Demarc | REX E-ANR | TETCO-M1 24 | TGP-800L | Trunkline-Z1A | Union-Dawn,0.8953862826567421,0.7756731298419635,0.9765267573412516,0.05797093546057984,0.8953862826567421,-0.340786932510504,-0.0025130674894960217,-0.011568617805884737,Subgroup,Global_G01 | Global_G01_S01,13,Carthage | EGT-Flex | Lebanon | Michcon | Moss Bluff Inter | NGPL-AM Pool | NGPL-MidAm | NNG-Demarc | REX E-ANR | TETCO-M1 24 | TGP-800L | Trunkline-Z1A | Union-Dawn,0.8953862826567421,-0.340786932510504,-0.0025130674894960217,0.05797093546057984,-0.011568617805884737,0.010358381692687732,Higher than own-history expected value,Lower than peer-implied value,True,False,0.010946787605968145,-0.6290213199999994,-0.1895786800000005,-0.7388819799999993,-0.07971802000000072,-0.848742639999999,0.030142639999999,1.32100601362467,2.64201202724934,2.1136096217994718,-0.4173668868693776,-0.2642069781516304,-0.49394684122825117,-0.18762702379275684,-0.46331485948470175,-0.21825900553630628,0.6008607257032581,In-family,history=Higher than own-history expected value; peers=Lower than peer-implied value; subgroup peers=13; peer model trusted; history/peer direction disagree; pattern=mild stronger than history; historical check type=forward_transition; current month name=August; mark month name=September; current transition=-0.12; transition mean=-0.03; transition delta=-0.10; transition magnitude delta=+0.10; transition degree=mild; transition degree score=0.93; component current-month sd=0.10; component historical month sd=0.22; transition degree scale source=current-month; actual-to-date z=0.28; mark z=-0.21; transition z=-1.13; pattern years=10,,,False,,0
Lebanon,Global_G01,1,regular,Global_G01_S01,1,regular,Northeast,Northeast - Appalachia,3,Global_G01,Global_G01_S01,Lebanon,GLOBAL,Summer,,Lebanon Hub-Ohio FDt Com,,Lebanon Hub,,Lebanon,62,-0.4170274193548386,0.1446366075799881,0.07407190311178108,-0.4399999999999997,0.1890314999999999,-0.7199999999999998,-0.15500000000000025,2026-08-06,-0.22570000000000023,,0.1890314999999999,-0.4399999999999997,,,,,False,forward_transition,,,August,September,-0.22035000000000005,,,,,,,,,,18,,,,,,,Global_G01,34,29,33,Carthage | EGT-Flex | Gulf S. Pool 16 | Michcon | Moss Bluff Inter | NGPL-AM Pool | NGPL-MidAm | NNG-Demarc | REX E-ANR | TETCO-M1 24 | TGP-800L | Trunkline-Z1A | Union-Dawn | Chicago | NGPL-Nicor | NGPL-Nipsco | PGLC | Bennington | MEP-Lamar | NGPL-TXOK East | REX E-MidW | REX E-NGPL | REX-Z3 Del Pool | Rover-ANR | Rover-PEPL | TGP-Z1 100L | TGP-Z1 Sta-87 | NBPL-Ventura | NNG-Ventura | APC-ACE | Consumers | CG-Mainline | TGT-Mainline,0.9463224268175219,0.7080249515402492,0.9955371920130124,0.04564904605262403,0.9463224268175219,-0.32766443868142986,,,Global_G01 | Global_G01_S01,14,12,13,Carthage | EGT-Flex | Gulf S. Pool 16 | Michcon | Moss Bluff Inter | NGPL-AM Pool | NGPL-MidAm | NNG-Demarc | REX E-ANR | TETCO-M1 24 | TGP-800L | Trunkline-Z1A | Union-Dawn,0.9261143858343639,0.7080249515402492,0.990583565086526,0.05273296784073937,0.9261143858343639,-0.33729248114579025,,,OwnHistoryOnly,,0,,,,,,,,,,False,False,0.0,-0.8180629999999995,-0.06193699999999991,-1.0070944999999996,0.1270945,-1.1961259999999994,0.3161259999999999,,,,,,,,,,0.0,No forward mark,No forward mark,,,False,,-1
Michcon,Global_G01,1,regular,Global_G01_S01,1,regular,Midwest,Midwest - Demand,3,Global_G01,Global_G01_S01,Michcon,GLOBAL,Summer,MICHCON,Mich Con CG FDt Com,,Mich Con city-gate,,Michcon,62,-0.3746403225806451,0.14971422335671405,0.07410583444947873,-0.38749999999999996,0.2038574999999999,-0.71,-0.11500000000000021,2026-08-06,-0.19269999999999987,-0.2767,0.2038574999999999,-0.38749999999999996,0.11079999999999995,0.6541818164282845,0.5435169174545945,0.5435169174545945,True,forward_transition,,,August,September,-0.18384999999999985,0.27962514830599194,,,-0.11182665142992507,-0.09285000000000015,-0.02269424781385898,-0.07015575218614117,0.07015575218614117,-0.4571473252277512,26,mild stronger than history,mild,0.793550002960158,0.08840747517414288,0.2044089874017023,current-month,Global_G01,34,28,33,Carthage | EGT-Flex | Gulf S. Pool 16 | Lebanon | Moss Bluff Inter | NGPL-AM Pool | NGPL-MidAm | NNG-Demarc | REX E-ANR | TETCO-M1 24 | TGP-800L | Trunkline-Z1A | Union-Dawn | Chicago | NGPL-Nicor | NGPL-Nipsco | PGLC | Bennington | MEP-Lamar | NGPL-TXOK East | REX E-MidW | REX E-NGPL | REX-Z3 Del Pool | Rover-ANR | Rover-PEPL | TGP-Z1 100L | TGP-Z1 Sta-87 | NBPL-Ventura | NNG-Ventura | APC-ACE | Consumers | CG-Mainline | TGT-Mainline,0.926375527913635,0.6664545832579766,0.9926620291915002,0.045589536680816674,0.926375527913635,-0.2825539741636384,0.005853974163638393,0.1889111825296158,Global_G01 | Global_G01_S01,14,11,13,Carthage | EGT-Flex | Gulf S. Pool 16 | Lebanon | Moss Bluff Inter | NGPL-AM Pool | NGPL-MidAm | NNG-Demarc | REX E-ANR | TETCO-M1 24 | TGP-800L | Trunkline-Z1A | Union-Dawn,0.9018264092582212,0.6664545832579766,0.9790923349712511,0.054089401087034764,0.9018264092582212,-0.2890488238042933,0.012348823804293262,0.2658277293729605,Subgroup,Global_G01 | Global_G01_S01,13,Carthage | EGT-Flex | Gulf S. Pool 16 | Lebanon | Moss Bluff Inter | NGPL-AM Pool | NGPL-MidAm | NNG-Demarc | REX E-ANR | TETCO-M1 24 | TGP-800L | Trunkline-Z1A | Union-Dawn,0.9018264092582212,-0.2890488238042933,0.012348823804293262,0.054089401087034764,0.2658277293729605,0.23973046666168316,Higher than own-history expected value,Higher than peer-implied value,True,True,0.25244208368296167,-0.7952149999999998,0.020214999999999872,-0.9990724999999997,0.22407249999999979,-1.2029299999999996,0.4279299999999997,1.316280775647186,2.632561551294372,2.1060492410354974,-0.36024566262142715,-0.21785198498715946,-0.431442501438561,-0.1466551461700256,-0.40296376591170746,-0.17513388169687916,0.5992809401053398,In-family,history=Higher than own-history expected value; peers=Higher than peer-implied value; subgroup peers=13; peer model trusted; history/peer direction agree; pattern=mild stronger than history; historical check type=forward_transition; current month name=August; mark month name=September; current transition=-0.09; transition mean=-0.02; transition delta=-0.07; transition magnitude delta=+0.07; transition degree=mild; transition degree score=0.79; component current-month sd=0.09; component historical month sd=0.20; transition degree scale source=current-month; actual-to-date z=0.28; mark z=-0.11; transition z=-0.46; pattern years=26,,,False,,0
Moss Bluff Inter,Global_G01,1,regular,Global_G01_S01,1,regular,South Central,Unassigned,3,Global_G01,Global_G01_S01,Moss Bluff Inter,GLOBAL,Summer,,,ICE Moss Bluff Interconnect (buyers' choice dlvd) FDt Com,,,Moss Bluff Inter,61,-0.2894278688524591,0.12137283349408344,0.07797875735653943,-0.2621000000000002,0.07398173999999942,-0.5747999999999998,-0.1200000000000001,2026-08-06,-0.2221000000000002,0.4475,0.07398173999999942,-0.2621000000000002,0.7096000000000002,6.071604721071146,9.591555970432783,9.591555970432783,True,forward_transition,,,August,September,-0.1825000000000001,-0.9624083781964206,,,3.5466109929623237,0.6300000000000001,0.04211430186948632,0.5878856981305138,0.5878856981305138,8.854277258706585,12,very stronger than history,very strong,6.700004377336319,0.08774407672316119,0.10348586202650514,current-month,Global_G01,34,28,33,Carthage | EGT-Flex | Gulf S. Pool 16 | Lebanon | Michcon | NGPL-AM Pool | NGPL-MidAm | NNG-Demarc | REX E-ANR | TETCO-M1 24 | TGP-800L | Trunkline-Z1A | Union-Dawn | Chicago | NGPL-Nicor | NGPL-Nipsco | PGLC | Bennington | MEP-Lamar | NGPL-TXOK East | REX E-MidW | REX E-NGPL | REX-Z3 Del Pool | Rover-ANR | Rover-PEPL | TGP-Z1 100L | TGP-Z1 Sta-87 | NBPL-Ventura | NNG-Ventura | APC-ACE | Consumers | CG-Mainline | TGT-Mainline,0.7219973750635543,0.48890071860148615,0.953909209181363,0.09644065263863369,0.7219973750635543,-0.2394781463888181,0.6869781463888179,7.377819722961226,Global_G01 | Global_G01_S01,14,11,13,Carthage | EGT-Flex | Gulf S. Pool 16 | Lebanon | Michcon | NGPL-AM Pool | NGPL-MidAm | NNG-Demarc | REX E-ANR | TETCO-M1 24 | TGP-800L | Trunkline-Z1A | Union-Dawn,0.7566246633198112,0.48890071860148615,0.953909209181363,0.08663181781613254,0.7566246633198112,-0.24340704085306855,0.6909070408530685,8.684923624748217,Subgroup,Global_G01 | Global_G01_S01,13,Carthage | EGT-Flex | Gulf S. Pool 16 | Lebanon | Michcon | NGPL-AM Pool | NGPL-MidAm | NNG-Demarc | REX E-ANR | TETCO-M1 24 | TGP-800L | Trunkline-Z1A | Union-Dawn,0.7566246633198112,-0.24340704085306855,0.6909070408530685,0.08663181781613254,8.684923624748217,6.571227413533394,Higher than own-history expected value,Higher than peer-implied value,True,True,7.554509130803225,-0.41006347999999904,-0.11413652000000138,-0.4840452199999985,-0.040154780000001944,-0.5580269599999979,0.033826959999997464,1.4370430087468837,2.8740860174937675,2.299268813995014,-0.36790068898077555,-0.11891339272536157,-0.4923943371084825,0.005580255402345413,-0.44259687785739976,-0.04421720384873737,12.20936337985458,Strong outlier,Strong: own-history |z| alone clears the strong tier (≥4); history=very far above own-history expected value; own z=9.59 (very high); peers=very far above peer-implied value; subgroup peers=13; peer model trusted; peer score v2=7.55 (high); history/peer direction agree; pattern=very stronger than history; historical check type=forward_transition; current month name=August; mark month name=September; current transition=+0.63; transition mean=+0.04; transition delta=+0.59; transition magnitude delta=+0.59; transition degree=very strong; transition degree score=6.70; component current-month sd=0.09; component historical month sd=0.10; transition degree scale source=current-month; actual-to-date z=-0.96; mark z=3.55; transition z=8.85; pattern years=12,Strong outlier,SO,True,Moss Bluff Inter [Strong outlier],3
NGPL-AM Pool,Global_G01,1,regular,Global_G01_S01,1,regular,South Central,SouthCentral - Midcon,3,Global_G01,Global_G01_S01,NGPL-AM Pool,GLOBAL,Summer,NGPL-MIDCONT POOL,NGPL Amarillo Rcpt FDt Com,ICE NGPL Amarillo Pooling PIN FDt Com,,,NGPL-AM Pool,62,-0.41482096774193533,0.1486711203030463,0.08713871016226468,-0.4049999999999998,0.1445535000000002,-0.7249999999999996,-0.13500000000000023,2026-08-06,-0.2139000000000002,-0.394,0.1445535000000002,-0.4049999999999998,0.010999999999999788,0.14004715710418097,0.07609639337684507,0.07609639337684507,True,forward_transition,,,August,September,-0.23999999999999977,0.3091348879063733,,,-0.007341743266579287,-0.15400000000000025,-0.09947631178505212,-0.05452368821494813,0.05452368821494813,-0.25113221434546185,26,mild stronger than history,mild,0.6788466022791017,0.08031812788322863,0.30071133140120215,current-month,Global_G01,34,28,32,Carthage | EGT-Flex | Gulf S. Pool 16 | Lebanon | Michcon | NGPL-MidAm | NNG-Demarc | REX E-ANR | TETCO-M1 24 | TGP-800L | Trunkline-Z1A | Union-Dawn | Chicago | NGPL-Nicor | NGPL-Nipsco | PGLC | Bennington | MEP-Lamar | NGPL-TXOK East | REX E-MidW | REX E-NGPL | REX-Z3 Del Pool | Rover-ANR | Rover-PEPL | TGP-Z1 100L | TGP-Z1 Sta-87 | NBPL-Ventura | NNG-Ventura | APC-ACE | Consumers | CG-Mainline | TGT-Mainline,0.9199282993810238,0.821540394852929,0.9809869534544835,0.06320772664732816,0.9199282993810238,-0.326084140650227,-0.06791585934977307,-1.0633553528956619,Global_G01 | Global_G01_S01,14,11,13,Carthage | EGT-Flex | Gulf S. Pool 16 | Lebanon | Michcon | Moss Bluff Inter | NGPL-MidAm | NNG-Demarc | REX E-ANR | TETCO-M1 24 | TGP-800L | Trunkline-Z1A | Union-Dawn,0.91475169848259,0.8273744917206051,0.9809869534544835,0.06447216162906684,0.91475169848259,-0.3304479666115708,-0.06355203338842925,-1.0109724093913937,Subgroup,Global_G01 | Global_G01_S01,13,Carthage | EGT-Flex | Gulf S. Pool 16 | Lebanon | Michcon | Moss Bluff Inter | NGPL-MidAm | NNG-Demarc | REX E-ANR | TETCO-M1 24 | TGP-800L | Trunkline-Z1A | Union-Dawn,0.91475169848259,-0.3304479666115708,-0.06355203338842925,0.06447216162906684,-1.0109724093913937,0.9247887286098136,Higher than own-history expected value,Lower than peer-implied value,True,False,0.9669208287862388,-0.6941070000000003,-0.11589299999999941,-0.8386605000000004,0.028660500000000755,-0.9832140000000006,0.17321400000000098,1.30694827758087,2.61389655516174,2.091117244129392,-0.41470974720459514,-0.24618618601854642,-0.49897152779761955,-0.16192440542552203,-0.4652668155604097,-0.1956291176627318,0.969910588779002,In-family,history=Higher than own-history expected value; peers=Lower than peer-implied value; subgroup peers=13; peer model trusted; history/peer direction disagree; pattern=mild stronger than history; historical check type=forward_transition; current month name=August; mark month name=September; current transition=-0.15; transition mean=-0.10; transition delta=-0.05; transition magnitude delta=+0.05; transition degree=mild; transition degree score=0.68; component current-month sd=0.08; component historical month sd=0.30; transition degree scale source=current-month; actual-to-date z=0.31; mark z=-0.01; transition z=-0.25; pattern years=26,,,False,,0
NGPL-MidAm,Global_G01,1,regular,Global_G01_S01,1,regular,Midwest,Midwest - Chicago,3,Global_G01,Global_G01_S01,NGPL-MidAm,GLOBAL,Summer,,,ICE NGPL Mid-American Citygate FDt Com,,Chicago,NGPL-MidAm,56,-0.37980178571428563,0.15497536636050072,0.07246940220460119,-0.4074,0.17502092999999996,-0.6924999999999999,-0.10000000000000009,2026-08-04,-0.3299999999999996,-0.2658,0.17502092999999996,-0.4074,0.1416,0.7356123001451527,0.8090460952298678,0.8090460952298678,True,forward_transition,,,August,September,-0.1875,0.11196047125563996,,,0.08316582919200688,-0.07829999999999998,-0.08137084574619842,0.003070845746198439,-0.003070845746198439,0.02042078969926719,12,in-line transition,,,0.07124999999999981,0.14876621091001385,current-month,Global_G01,34,28,33,Carthage | EGT-Flex | Gulf S. Pool 16 | Lebanon | Michcon | Moss Bluff Inter | NGPL-AM Pool | NNG-Demarc | REX E-ANR | TETCO-M1 24 | TGP-800L | Trunkline-Z1A | Union-Dawn | Chicago | NGPL-Nicor | NGPL-Nipsco | PGLC | Bennington | MEP-Lamar | NGPL-TXOK East | REX E-MidW | REX E-NGPL | REX-Z3 Del Pool | Rover-ANR | Rover-PEPL | TGP-Z1 100L | TGP-Z1 Sta-87 | NBPL-Ventura | NNG-Ventura | APC-ACE | Consumers | CG-Mainline | TGT-Mainline,0.9399839009844458,0.6645989197061176,0.9984105018559899,0.046800544541657246,0.9399839009844458,-0.279858829266441,0.014058829266441033,0.13426799151340146,Global_G01 | Global_G01_S01,14,11,13,Carthage | EGT-Flex | Gulf S. Pool 16 | Lebanon | Michcon | Moss Bluff Inter | NGPL-AM Pool | NNG-Demarc | REX E-ANR | TETCO-M1 24 | TGP-800L | Trunkline-Z1A | Union-Dawn,0.9128289808809912,0.6645989197061176,0.9856218946382982,0.06071733084607337,0.9128289808809912,-0.29211736845368536,0.02631736845368537,0.3489498790301515,Subgroup,Global_G01 | Global_G01_S01,13,Carthage | EGT-Flex | Gulf S. Pool 16 | Lebanon | Michcon | Moss Bluff Inter | NGPL-AM Pool | NNG-Demarc | REX E-ANR | TETCO-M1 24 | TGP-800L | Trunkline-Z1A | Union-Dawn,0.9128289808809912,-0.29211736845368536,0.02631736845368537,0.06071733084607337,0.3489498790301515,0.31853156245363834,Higher than own-history expected value,Higher than peer-implied value,True,True,0.33339398642669343,-0.7574418599999999,-0.05735814000000006,-0.9324627899999999,0.1176627899999999,-1.1074837199999998,0.29268371999999987,1.3083239846727053,2.6166479693454106,2.0933183754763283,-0.37155530868491105,-0.21267942822245967,-0.4509932489161367,-0.133241487991234,-0.4192180728236464,-0.16501666408372428,0.8750469326797156,In-family,history=Higher than own-history expected value; peers=Higher than peer-implied value; subgroup peers=13; peer model trusted; history/peer direction agree; pattern=in-line transition; historical check type=forward_transition; current month name=August; mark month name=September; current transition=-0.08; transition mean=-0.08; transition delta=+0.00; transition magnitude delta=-0.00; component current-month sd=0.07; component historical month sd=0.15; transition degree scale source=current-month; actual-to-date z=0.11; mark z=0.08; transition z=0.02; pattern years=12,,,False,,0
NNG-Demarc,Global_G01,1,regular,Global_G01_S01,1,regular,Midwest,Midwest - Chicago,3,Global_G01,Global_G01_S01,NNG-Demarc,GLOBAL,Summer,NNG-DEMARC,Northern Demarc FDt Com,,"Northern, demarc",,NNG-Demarc,62,-0.4355370967741936,0.19232158027796425,0.09114811761228148,-0.4774999999999998,0.2483355000000003,-0.7999999999999998,-0.09499999999999975,2026-08-06,-0.1882999999999999,-0.3142,0.2483355000000003,-0.4774999999999998,0.16329999999999983,0.6309073407093678,0.6575781553583746,0.6575781553583746,True,forward_transition,,,August,September,-0.22999999999999998,0.22117597432148822,,,0.12508495350724075,-0.0842,-0.08143539734902398,-0.002764602650976014,0.002764602650976014,-0.013030651245390728,26,in-line transition,,,0.0731861667256866,0.273220056064478,current-month,Global_G01,34,28,33,Carthage | EGT-Flex | Gulf S. Pool 16 | Lebanon | Michcon | Moss Bluff Inter | NGPL-AM Pool | NGPL-MidAm | REX E-ANR | TETCO-M1 24 | TGP-800L | Trunkline-Z1A | Union-Dawn | Chicago | NGPL-Nicor | NGPL-Nipsco | PGLC | Bennington | MEP-Lamar | NGPL-TXOK East | REX E-MidW | REX E-NGPL | REX-Z3 Del Pool | Rover-ANR | Rover-PEPL | TGP-Z1 100L | TGP-Z1 Sta-87 | NBPL-Ventura | NNG-Ventura | APC-ACE | Consumers | CG-Mainline | TGT-Mainline,0.8773100508049847,0.48890071860148615,0.9900999542637995,0.08239872091905501,0.8773100508049847,-0.32477858634715606,0.010578586347156112,0.07798920058373232,Global_G01 | Global_G01_S01,14,11,13,Carthage | EGT-Flex | Gulf S. Pool 16 | Lebanon | Michcon | Moss Bluff Inter | NGPL-AM Pool | NGPL-MidAm | REX E-ANR | TETCO-M1 24 | TGP-800L | Trunkline-Z1A | Union-Dawn,0.8375905794002428,0.48890071860148615,0.9571128820456233,0.09939039254094252,0.8375905794002428,-0.3306470407852169,0.01644704078521692,0.11088419049244859,Subgroup,Global_G01 | Global_G01_S01,13,Carthage | EGT-Flex | Gulf S. Pool 16 | Lebanon | Michcon | Moss Bluff Inter | NGPL-AM Pool | NGPL-MidAm | REX E-ANR | TETCO-M1 24 | TGP-800L | Trunkline-Z1A | Union-Dawn,0.8375905794002428,-0.3306470407852169,0.01644704078521692,0.09939039254094252,0.11088419049244859,0.09287555336089691,Higher than own-history expected value,Higher than peer-implied value,True,True,0.10148118323591457,-0.9741710000000003,0.01917100000000077,-1.2225065000000006,0.2675065000000011,-1.470842000000001,0.5158420000000014,1.3658220538613886,2.731644107722777,2.1853152861782217,-0.4663966308595766,-0.19489745071085715,-0.6021462209339363,-0.05914786063649741,-0.5478463849041925,-0.1134476966662413,0.665362653712608,In-family,history=Higher than own-history expected value; peers=Higher than peer-implied value; subgroup peers=13; peer model trusted; history/peer direction agree; pattern=in-line transition; historical check type=forward_transition; current month name=August; mark month name=September; current transition=-0.08; transition mean=-0.08; transition delta=-0.00; transition magnitude delta=+0.00; component current-month sd=0.07; component historical month sd=0.27; transition degree scale source=current-month; actual-to-date z=0.22; mark z=0.13; transition z=-0.01; pattern years=26,,,False,,0
REX E-ANR,Global_G01,1,regular,Global_G01_S01,1,regular,Midwest,Midwest - Chicago,3,Global_G01,Global_G01_S01,REX E-ANR,GLOBAL,Summer,,,ICE REX (East) delivered into ANR FDt Com,,REX-Z3 Del Pool,REX E-ANR,38,-0.3646184210526315,0.15251689823127207,0.07954056985119141,-0.30000000000000004,0.12602100000000027,-0.645,-0.15169999999999995,2026-08-05,-0.3921999999999999,-0.3167,0.12602100000000027,-0.30000000000000004,-0.016699999999999937,0.3141843402818843,-0.13251759627363616,0.13251759627363616,True,forward_transition,,,August,September,-0.21999999999999975,0.3492239176792655,,,0.11281158022343513,-0.09670000000000023,-0.07257010657986453,-0.024129893420135703,0.024129893420135703,-0.1604845688547625,11,slight stronger than history,slight,0.2538331039860794,0.09506204289830937,0.166248815403023,current-month,Global_G01,34,28,32,Carthage | EGT-Flex | Gulf S. Pool 16 | Lebanon | Michcon | Moss Bluff Inter | NGPL-AM Pool | NGPL-MidAm | NNG-Demarc | TETCO-M1 24 | TGP-800L | Trunkline-Z1A | Union-Dawn | Chicago | NGPL-Nicor | NGPL-Nipsco | PGLC | Bennington | MEP-Lamar | NGPL-TXOK East | REX E-MidW | REX E-NGPL | REX-Z3 Del Pool | Rover-ANR | Rover-PEPL | TGP-Z1 Sta-87 | NBPL-Ventura | NNG-Ventura | APC-ACE | Consumers | CG-Mainline | TGT-Mainline,0.9734423497145079,0.9432228475171325,0.994405383803539,0.030754806356628587,0.9734423497145079,-0.32309862422847857,0.006398624228478574,0.24400377914501473,Global_G01 | Global_G01_S01,14,11,13,Carthage | EGT-Flex | Gulf S. Pool 16 | Lebanon | Michcon | Moss Bluff Inter | NGPL-AM Pool | NGPL-MidAm | NNG-Demarc | TETCO-M1 24 | TGP-800L | Trunkline-Z1A | Union-Dawn,0.9684969609863552,0.9518473757182697,0.990583565086526,0.036856059110137646,0.9684969609863552,-0.3264992627915883,0.009799262791588312,0.3426589817539117,Subgroup,Global_G01 | Global_G01_S01,13,Carthage | EGT-Flex | Gulf S. Pool 16 | Lebanon | Michcon | Moss Bluff Inter | NGPL-AM Pool | NGPL-MidAm | NNG-Demarc | TETCO-M1 24 | TGP-800L | Trunkline-Z1A | Union-Dawn,0.9684969609863552,-0.3264992627915883,0.009799262791588312,0.036856059110137646,0.3426589817539117,0.3318641824833424,Lower than own-history expected value,Higher than peer-implied value,True,False,0.33721839043909874,-0.5520420000000006,-0.0479579999999995,-0.6780630000000009,0.07806300000000077,-0.8040840000000011,0.20408400000000104,1.2701671656597993,2.5403343313195985,2.032267465055679,-0.3733126189289019,-0.27968590665427473,-0.4201259750662154,-0.2328725505169612,-0.40140063261129,-0.2515978929718866,0.3623218957949945,In-family,history=Lower than own-history expected value; peers=Higher than peer-implied value; subgroup peers=13; peer model trusted; history/peer direction disagree; pattern=slight stronger than history; historical check type=forward_transition; current month name=August; mark month name=September; current transition=-0.10; transition mean=-0.07; transition delta=-0.02; transition magnitude delta=+0.02; transition degree=slight; transition degree score=0.25; component current-month sd=0.10; component historical month sd=0.17; transition degree scale source=current-month; actual-to-date z=0.35; mark z=0.11; transition z=-0.16; pattern years=11,,,False,,0
TETCO-M1 24,Global_G01,1,regular,Global_G01_S01,1,regular,South Central,SouthCentral - Perryville,3,Global_G01,Global_G01_S01,TETCO-M1 24,GLOBAL,Summer,,TX Eastern M-1 24-in FDt Com,,,,TETCO-M1 24,62,-0.32785645161290317,0.11155727283162119,0.0776488691820164,-0.31750000000000034,0.08524950000000081,-0.6149999999999998,-0.10000000000000009,2026-08-06,-0.14210000000000012,,0.08524950000000081,-0.31750000000000034,,,,,False,forward_transition,,,August,September,-0.16500000000000004,,,,,,,,,,16,,,,,,,Global_G01,34,29,33,Carthage | EGT-Flex | Gulf S. Pool 16 | Lebanon | Michcon | Moss Bluff Inter | NGPL-AM Pool | NGPL-MidAm | NNG-Demarc | REX E-ANR | TGP-800L | Trunkline-Z1A | Union-Dawn | Chicago | NGPL-Nicor | NGPL-Nipsco | PGLC | Bennington | MEP-Lamar | NGPL-TXOK East | REX E-MidW | REX E-NGPL | REX-Z3 Del Pool | Rover-ANR | Rover-PEPL | TGP-Z1 100L | TGP-Z1 Sta-87 | NBPL-Ventura | NNG-Ventura | APC-ACE | Consumers | CG-Mainline | TGT-Mainline,0.9086195580396222,0.7680830335870689,0.9738389556435745,0.06226036674905233,0.9086195580396222,-0.24187696273145,,,Global_G01 | Global_G01_S01,14,12,13,Carthage | EGT-Flex | Gulf S. Pool 16 | Lebanon | Michcon | Moss Bluff Inter | NGPL-AM Pool | NGPL-MidAm | NNG-Demarc | REX E-ANR | TGP-800L | Trunkline-Z1A | Union-Dawn,0.9011430316106911,0.7680830335870689,0.9738389556435745,0.06417151752484737,0.9011430316106911,-0.2529688518794359,,,OwnHistoryOnly,,0,,,,,,,,,,False,False,0.0,-0.48799900000000196,-0.14700099999999872,-0.5732485000000027,-0.061751499999997905,-0.6584980000000036,0.023498000000002905,,,,,,,,,,0.0,No forward mark,No forward mark,,,False,,-1
TGP-800L,Global_G01,1,regular,Global_G01_S01,1,regular,South Central,SouthCentral - Henry,3,Global_G01,Global_G01_S01,TGP-800L,GLOBAL,Summer,TGP-800L,Tenn LA 800 Leg FDt Com,,"Tennessee, Louisiana, 800 Leg",,TGP-800L,62,-0.35619354838709677,0.11371719865161004,0.0786184498431361,-0.35250000000000004,0.1371404999999997,-0.605,-0.16000000000000014,2026-08-06,-0.2589999999999999,-0.2475,0.1371404999999997,-0.35250000000000004,0.10500000000000004,0.9558233026834931,0.7656381594058668,0.7656381594058668,True,forward_transition,,,August,September,-0.23449999999999993,-1.1131212122870786,,,-0.7096855025993623,-0.013000000000000067,-0.022659476946961153,0.009659476946961086,-0.009659476946961086,0.17815893400856522,26,in-line transition,,,0.0889053804146108,0.09185844161981811,current-month,Global_G01,34,28,33,Carthage | EGT-Flex | Gulf S. Pool 16 | Lebanon | Michcon | Moss Bluff Inter | NGPL-AM Pool | NGPL-MidAm | NNG-Demarc | REX E-ANR | TETCO-M1 24 | Trunkline-Z1A | Union-Dawn | Chicago | NGPL-Nicor | NGPL-Nipsco | PGLC | Bennington | MEP-Lamar | NGPL-TXOK East | REX E-MidW | REX E-NGPL | REX-Z3 Del Pool | Rover-ANR | Rover-PEPL | TGP-Z1 100L | TGP-Z1 Sta-87 | NBPL-Ventura | NNG-Ventura | APC-ACE | Consumers | CG-Mainline | TGT-Mainline,0.8809789721423656,0.7431815073142564,0.9532114947175907,0.07565163280399273,0.8809789721423656,-0.27132621511745514,0.023826215117455064,0.3829364867672381,Global_G01 | Global_G01_S01,14,11,13,Carthage | EGT-Flex | Gulf S. Pool 16 | Lebanon | Michcon | Moss Bluff Inter | NGPL-AM Pool | NGPL-MidAm | NNG-Demarc | REX E-ANR | TETCO-M1 24 | Trunkline-Z1A | Union-Dawn,0.8844737785412453,0.7431815073142564,0.9532114947175907,0.07377680403807763,0.8844737785412453,-0.2844771356789911,0.036977135678991045,0.5722013195823835,Subgroup,Global_G01 | Global_G01_S01,13,Carthage | EGT-Flex | Gulf S. Pool 16 | Lebanon | Michcon | Moss Bluff Inter | NGPL-AM Pool | NGPL-MidAm | NNG-Demarc | REX E-ANR | TETCO-M1 24 | Trunkline-Z1A | Union-Dawn,0.8844737785412453,-0.2844771356789911,0.036977135678991045,0.07377680403807763,0.5722013195823835,0.5060970632173174,Higher than own-history expected value,Higher than peer-implied value,True,True,0.5381351200300144,-0.6267809999999994,-0.07821900000000065,-0.7639214999999991,0.05892149999999907,-0.9010619999999988,0.19606199999999874,1.3291302181468594,2.6582604362937188,2.126608349034975,-0.3825361153242993,-0.18641815603368286,-0.4805950949696075,-0.08835917638837465,-0.4413715031114842,-0.12758276824649792,0.9358371645474022,In-family,history=Higher than own-history expected value; peers=Higher than peer-implied value; subgroup peers=13; peer model trusted; history/peer direction agree; pattern=in-line transition; historical check type=forward_transition; current month name=August; mark month name=September; current transition=-0.01; transition mean=-0.02; transition delta=+0.01; transition magnitude delta=-0.01; component current-month sd=0.09; component historical month sd=0.09; transition degree scale source=current-month; actual-to-date z=-1.11; mark z=-0.71; transition z=0.18; pattern years=26,,,False,,0
Trunkline-Z1A,Global_G01,1,regular,Global_G01_S01,1,regular,South Central,SouthCentral - Perryville,3,Global_G01,Global_G01_S01,Trunkline-Z1A,GLOBAL,Summer,TRUNKLINE-Z1A,Trunkline Zn 1A FDt Com,,"Trunkline, zone 1A",,Trunkline-Z1A,62,-0.3849629032258064,0.12167513887783851,0.07478733492029836,-0.395,0.1111949999999996,-0.665,-0.16000000000000014,2026-08-06,-0.2326999999999999,-0.3625,0.1111949999999996,-0.395,0.03250000000000003,0.18461374634927763,0.2922793291065259,0.2922793291065259,True,forward_transition,,,August,September,-0.21635000000000004,0.12472138247700162,,,-0.22585678438373785,-0.14614999999999995,-0.08021081149067502,-0.06593918850932493,0.06593918850932493,-0.509126238497244,18,mild stronger than history,mild,0.6512114643836352,0.10125618499627563,0.1520755315767908,current-month,Global_G01,34,28,32,Carthage | EGT-Flex | Gulf S. Pool 16 | Lebanon | Michcon | NGPL-AM Pool | NGPL-MidAm | NNG-Demarc | REX E-ANR | TETCO-M1 24 | TGP-800L | Union-Dawn | Chicago | NGPL-Nicor | NGPL-Nipsco | PGLC | Bennington | MEP-Lamar | NGPL-TXOK East | REX E-MidW | REX E-NGPL | REX-Z3 Del Pool | Rover-ANR | Rover-PEPL | TGP-Z1 100L | TGP-Z1 Sta-87 | NBPL-Ventura | NNG-Ventura | APC-ACE | Consumers | CG-Mainline | TGT-Mainline,0.944691943771693,0.8782809280198616,0.9816352803821576,0.04988088338211224,0.944691943771693,-0.2981661953580717,-0.06433380464192823,-1.3047803908263262,Global_G01 | Global_G01_S01,14,11,13,Carthage | EGT-Flex | Gulf S. Pool 16 | Lebanon | Michcon | Moss Bluff Inter | NGPL-AM Pool | NGPL-MidAm | NNG-Demarc | REX E-ANR | TETCO-M1 24 | TGP-800L | Union-Dawn,0.9306789943878798,0.7865875388272816,0.9816352803821576,0.051796820678410495,0.9306789943878798,-0.3028381310137911,-0.05966186898620893,-1.2223940696167404,Subgroup,Global_G01 | Global_G01_S01,13,Carthage | EGT-Flex | Gulf S. Pool 16 | Lebanon | Michcon | Moss Bluff Inter | NGPL-AM Pool | NGPL-MidAm | NNG-Demarc | REX E-ANR | TETCO-M1 24 | TGP-800L | Union-Dawn,0.9306789943878798,-0.3028381310137911,-0.05966186898620893,0.051796820678410495,-1.2223940696167404,1.1376564834566159,Higher than own-history expected value,Lower than peer-implied value,True,False,1.1792644057370691,-0.6173899999999992,-0.17261000000000082,-0.7285849999999988,-0.06141500000000122,-0.8397799999999984,0.04977999999999838,1.2957167023674327,2.5914334047348655,2.0731467237878927,-0.3699521366963384,-0.2357241253312438,-0.4370661423788857,-0.1686101196486965,-0.4102205401058668,-0.1954557219217154,1.2149451612568214,In-family,history=Higher than own-history expected value; peers=Lower than peer-implied value; subgroup peers=13; peer model trusted; history/peer direction disagree; pattern=mild stronger than history; historical check type=forward_transition; current month name=August; mark month name=September; current transition=-0.15; transition mean=-0.08; transition delta=-0.07; transition magnitude delta=+0.07; transition degree=mild; transition degree score=0.65; component current-month sd=0.10; component historical month sd=0.15; transition degree scale source=current-month; actual-to-date z=0.12; mark z=-0.23; transition z=-0.51; pattern years=18,,,False,,0
Union-Dawn,Global_G01,1,regular,Global_G01_S01,1,regular,Northeast,Northeast - Appalachia,3,Global_G01,Global_G01_S01,Union-Dawn,GLOBAL,Summer,,Dawn Ontario FDt Com,,"Dawn, Ontario",,Union-Dawn,61,-0.3636065573770491,0.16362846927195815,0.07455569904364796,-0.38500000000000023,0.17791200000000082,-0.7250000000000001,-0.08499999999999996,2026-08-05,-0.27,-0.2675,0.17791200000000082,-0.38500000000000023,0.11750000000000022,0.5873461861781247,0.6604388686541642,0.6604388686541642,True,forward_transition,,,August,September,-0.11499999999999977,0.4757848514066528,,,-0.08066320486501241,-0.15250000000000025,-0.045954249001444625,-0.10654575099855562,0.10654575099855562,-0.6692990167859401,26,moderate stronger than history,moderate,1.2956344761829024,0.08223442101699271,0.23816729049449173,current-month,Global_G01,34,28,32,Carthage | EGT-Flex | Gulf S. Pool 16 | Lebanon | Michcon | NGPL-AM Pool | NGPL-MidAm | NNG-Demarc | REX E-ANR | TETCO-M1 24 | TGP-800L | Trunkline-Z1A | Chicago | NGPL-Nicor | NGPL-Nipsco | PGLC | Bennington | MEP-Lamar | NGPL-TXOK East | REX E-MidW | REX E-NGPL | REX-Z3 Del Pool | Rover-ANR | Rover-PEPL | TGP-Z1 100L | TGP-Z1 Sta-87 | NBPL-Ventura | NNG-Ventura | APC-ACE | Consumers | CG-Mainline | TGT-Mainline,0.9028855317512763,0.7589444637052357,0.9855867638181527,0.05831169200005912,0.9028855317512763,-0.2614106716200782,-0.0060890815831802485,-0.1260857484314396,Global_G01 | Global_G01_S01,14,11,13,Carthage | EGT-Flex | Gulf S. Pool 16 | Lebanon | Michcon | Moss Bluff Inter | NGPL-AM Pool | NGPL-MidAm | NNG-Demarc | REX E-ANR | TETCO-M1 24 | TGP-800L | Trunkline-Z1A,0.8602635573114832,0.560115186591737,0.9790923349712513,0.0672101277995726,0.8602635573114832,-0.26528217657415576,-0.0022178234258443054,-0.06228184347563249,Subgroup,Global_G01 | Global_G01_S01,13,Carthage | EGT-Flex | Gulf S. Pool 16 | Lebanon | Michcon | Moss Bluff Inter | NGPL-AM Pool | NGPL-MidAm | NNG-Demarc | REX E-ANR | TETCO-M1 24 | TGP-800L | Trunkline-Z1A,0.8602635573114832,-0.26528217657415576,-0.0022178234258443054,0.0672101277995726,-0.06228184347563249,0.053578800224264596,Higher than own-history expected value,Lower than peer-implied value,True,False,0.057766655166971805,-0.7408240000000019,-0.029175999999998592,-0.9187360000000027,0.1487360000000022,-1.0966480000000036,0.32664800000000305,1.347703170964498,2.695406341928996,2.1563250735431967,-0.3558614789305689,-0.1747028742177426,-0.44644078128698206,-0.08412357186132946,-0.4102090603444168,-0.12035529280389473,0.662960395256287,In-family,history=Higher than own-history expected value; peers=Lower than peer-implied value; subgroup peers=13; peer model trusted; history/peer direction disagree; pattern=moderate stronger than history; historical check type=forward_transition; current month name=August; mark month name=September; current transition=-0.15; transition mean=-0.05; transition delta=-0.11; transition magnitude delta=+0.11; transition degree=moderate; transition degree score=1.30; component current-month sd=0.08; component historical month sd=0.24; transition degree scale source=current-month; actual-to-date z=0.48; mark z=-0.08; transition z=-0.67; pattern years=26,,,False,,0
Chicago,Global_G01,1,regular,Global_G01_S02,2,supergroup,Midwest,Midwest - Chicago,3,Global_G01,Global_G01_S02,Chicago,GLOBAL,Summer,Chicago,Chicago CG FDt Com,,Chicago city-gates,,,61,-0.3761475409836067,0.15285448811048735,0.07190089499140445,-0.40000000000000036,0.18532499999999932,-0.6999999999999997,-0.10000000000000009,2026-08-05,-0.3250000000000002,-0.2658,0.18532499999999932,-0.40000000000000036,0.13420000000000037,0.7219123386409467,0.7241332793740772,0.7241332793740772,True,forward_transition,,,August,September,-0.18999999999999995,0.07548847083673814,,,0.0368388911470587,-0.07580000000000003,-0.07347130183345499,-0.0023286981665450457,0.0023286981665450457,-0.013057058202707078,26,in-line transition,,,0.07676262111210123,0.16772408825665783,current-month,Global_G01,34,28,33,Carthage | EGT-Flex | Gulf S. Pool 16 | Lebanon | Michcon | Moss Bluff Inter | NGPL-AM Pool | NGPL-MidAm | NNG-Demarc | REX E-ANR | TETCO-M1 24 | TGP-800L | Trunkline-Z1A | Union-Dawn | NGPL-Nicor | NGPL-Nipsco | PGLC | Bennington | MEP-Lamar | NGPL-TXOK East | REX E-MidW | REX E-NGPL | REX-Z3 Del Pool | Rover-ANR | Rover-PEPL | TGP-Z1 100L | TGP-Z1 Sta-87 | NBPL-Ventura | NNG-Ventura | APC-ACE | Consumers | CG-Mainline | TGT-Mainline,0.9396128266286107,0.6540432071770013,0.9995132337108227,0.04806428130980279,0.9396128266286107,-0.28232694252320684,0.01652694252320682,0.34989441796387416,Global_G01 | Global_G01_S02,4,3,3,NGPL-Nicor | NGPL-Nipsco | PGLC,0.9986277436762387,0.997342114342408,0.9995132337108227,0.00654287522502161,0.9986277436762387,-0.2636019319590732,-0.0021980680409267863,-0.2965153164611744,Subgroup,Global_G01 | Global_G01_S02,3,NGPL-Nicor | NGPL-Nipsco | PGLC,0.9986277436762387,-0.2636019319590732,-0.0021980680409267863,0.00654287522502161,-0.2965153164611744,0.2961084214430685,Higher than own-history expected value,Lower than peer-implied value,True,False,0.29631179910865896,-0.770649999999999,-0.029350000000001708,-0.9559749999999984,0.15597499999999764,-1.1412999999999975,0.34129999999999694,1.2508585439101971,2.5017170878203943,2.0013736702563154,-0.27178614333602985,-0.2554177205821166,-0.2799703547129865,-0.24723350920515996,-0.27669667016220384,-0.2505071937559426,0.7824127354459829,In-family,history=Higher than own-history expected value; peers=Lower than peer-implied value; subgroup peers=3; peer model trusted; history/peer direction disagree; pattern=in-line transition; historical check type=forward_transition; current month name=August; mark month name=September; current transition=-0.08; transition mean=-0.07; transition delta=-0.00; transition magnitude delta=+0.00; component current-month sd=0.08; component historical month sd=0.17; transition degree scale source=current-month; actual-to-date z=0.08; mark z=0.04; transition z=-0.01; pattern years=26,,,False,,0
NGPL-Nicor,Global_G01,1,regular,Global_G01_S02,2,supergroup,Midwest,Midwest - Chicago,3,Global_G01,Global_G01_S02,NGPL-Nicor,GLOBAL,Summer,Chicago,Chicago Nicor FDt Com,,Chicago-Nicor,Chicago,NGPL-Nicor,62,-0.37074354838709683,0.15465853092281245,0.07613779319045544,-0.39249999999999985,0.20756399999999983,-0.6999999999999997,-0.0950000000000002,2026-08-06,-0.1360999999999999,-0.2642,0.20756399999999983,-0.39249999999999985,0.12829999999999986,0.6888953861864302,0.6181226031489081,0.6181226031489081,True,forward_transition,,,August,September,-0.18999999999999995,0.26377479468253473,,,0.19255336018647165,-0.07420000000000004,-0.08030202144986032,0.006102021449860273,-0.006102021449860273,0.0347111267626149,10,in-line transition,,,0.08334147626882231,0.14989447257121133,current-month,Global_G01,34,28,33,Carthage | EGT-Flex | Gulf S. Pool 16 | Lebanon | Michcon | Moss Bluff Inter | NGPL-AM Pool | NGPL-MidAm | NNG-Demarc | REX E-ANR | TETCO-M1 24 | TGP-800L | Trunkline-Z1A | Union-Dawn | Chicago | NGPL-Nipsco | PGLC | Bennington | MEP-Lamar | NGPL-TXOK East | REX E-MidW | REX E-NGPL | REX-Z3 Del Pool | Rover-ANR | Rover-PEPL | TGP-Z1 100L | TGP-Z1 Sta-87 | NBPL-Ventura | NNG-Ventura | APC-ACE | Consumers | CG-Mainline | TGT-Mainline,0.9403554025223427,0.6526054382502197,0.9990278829754855,0.04911791569225143,0.9403554025223427,-0.28026594090813445,0.016065940908134468,0.2599290734335379,Global_G01 | Global_G01_S02,4,3,3,Chicago | NGPL-Nipsco | PGLC,0.9977825941272648,0.996217999772025,0.9990278829754855,0.009880125295555603,0.9977825941272648,-0.2641359467856767,-6.40532143233337e-05,0.06768175887584015,Subgroup,Global_G01 | Global_G01_S02,3,Chicago | NGPL-Nipsco | PGLC,0.9977825941272648,-0.2641359467856767,-6.40532143233337e-05,0.009880125295555603,0.06768175887584015,0.06753168094623181,Higher than own-history expected value,Lower than peer-implied value,True,False,0.06760667826689187,-0.8076279999999996,0.022627999999999815,-1.0151919999999994,0.23019199999999962,-1.222755999999999,0.4377559999999995,1.2513881877292485,2.502776375458497,2.0022211003667976,-0.2764998188738199,-0.2517720746975335,-0.2888636909619632,-0.23940820260939025,-0.28391814212670585,-0.24435375144464752,0.6218088255001416,In-family,history=Higher than own-history expected value; peers=Lower than peer-implied value; subgroup peers=3; peer model trusted; history/peer direction disagree; pattern=in-line transition; historical check type=forward_transition; current month name=August; mark month name=September; current transition=-0.07; transition mean=-0.08; transition delta=+0.01; transition magnitude delta=-0.01; component current-month sd=0.08; component historical month sd=0.15; transition degree scale source=current-month; actual-to-date z=0.26; mark z=0.19; transition z=0.03; pattern years=10,,,False,,0
NGPL-Nipsco,Global_G01,1,regular,Global_G01_S02,2,supergroup,Midwest,Midwest - Chicago,3,Global_G01,Global_G01_S02,NGPL-Nipsco,GLOBAL,Summer,Chicago,Chicago NIPSCO FDt Com,,Chicago-NIPSCO,Chicago,NGPL-Nipsco,62,-0.37184677419354834,0.15503536319782846,0.07541288898548185,-0.3899999999999999,0.20015100000000066,-0.6949999999999998,-0.10000000000000009,2026-08-06,-0.13949999999999996,-0.2658,0.20015100000000066,-0.3899999999999999,0.12419999999999992,0.6840166785575907,0.6205314987184651,0.6205314987184651,True,forward_transition,,,August,September,-0.18500000000000005,0.31471939033556506,,,0.17166397886466078,-0.08079999999999993,-0.07591958526864132,-0.004880414731358612,0.004880414731358612,-0.02902965658113514,10,in-line transition,,,0.08271260484351829,0.15469853221712412,current-month,Global_G01,34,28,33,Carthage | EGT-Flex | Gulf S. Pool 16 | Lebanon | Michcon | Moss Bluff Inter | NGPL-AM Pool | NGPL-MidAm | NNG-Demarc | REX E-ANR | TETCO-M1 24 | TGP-800L | Trunkline-Z1A | Union-Dawn | Chicago | NGPL-Nicor | PGLC | Bennington | MEP-Lamar | NGPL-TXOK East | REX E-MidW | REX E-NGPL | REX-Z3 Del Pool | Rover-ANR | Rover-PEPL | TGP-Z1 100L | TGP-Z1 Sta-87 | NBPL-Ventura | NNG-Ventura | APC-ACE | Consumers | CG-Mainline | TGT-Mainline,0.9404552149947745,0.6541419121993072,0.9995132337108226,0.048439460248680934,0.9404552149947745,-0.28177778433760875,0.01597778433760874,0.2811710314756108,Global_G01 | Global_G01_S02,4,3,3,Chicago | NGPL-Nicor | PGLC,0.9981279248433887,0.9967686411850594,0.9995132337108226,0.007776256959760373,0.9981279248433887,-0.26360228362799865,-0.002197716372001313,-0.22162651968123984,Subgroup,Global_G01 | Global_G01_S02,3,Chicago | NGPL-Nicor | PGLC,0.9981279248433887,-0.26360228362799865,-0.002197716372001313,0.007776256959760373,-0.22162651968123984,0.22121161817969837,Higher than own-history expected value,Lower than peer-implied value,True,False,0.22141897174863276,-0.7903020000000012,0.010302000000001421,-0.9904530000000019,0.2104530000000021,-1.1906040000000027,0.41060400000000274,1.2511716923518794,2.502343384703759,2.001874707763007,-0.2733317162085051,-0.2538728510474922,-0.28306114878901156,-0.2441434184669857,-0.279169375756809,-0.2480351914991883,0.6588518057590844,In-family,history=Higher than own-history expected value; peers=Lower than peer-implied value; subgroup peers=3; peer model trusted; history/peer direction disagree; pattern=in-line transition; historical check type=forward_transition; current month name=August; mark month name=September; current transition=-0.08; transition mean=-0.08; transition delta=-0.00; transition magnitude delta=+0.00; component current-month sd=0.08; component historical month sd=0.15; transition degree scale source=current-month; actual-to-date z=0.31; mark z=0.17; transition z=-0.03; pattern years=10,,,False,,0
PGLC,Global_G01,1,regular,Global_G01_S02,2,supergroup,Midwest,Midwest - Demand,3,Global_G01,Global_G01_S02,PGLC,GLOBAL,Summer,,Chicago Peoples FDt Com,,Chicago-Peoples,Chicago,PGLC,62,-0.37600161290322576,0.15439491677262157,0.07705507149899897,-0.3700000000000001,0.214977,-0.6999999999999997,-0.0950000000000002,2026-08-06,-0.14210000000000012,-0.2658,0.214977,-0.3700000000000001,0.10420000000000013,0.71376451509424,0.48470301474111244,0.48470301474111244,True,forward_transition,,,August,September,-0.20000000000000018,0.16329342485936132,,,0.09678836225861777,-0.0657999999999998,-0.064360867262256,-0.0014391327377438062,0.0014391327377438062,-0.008768356183069207,12,in-line transition,,,0.07928304778870862,0.16830293976342667,current-month,Global_G01,34,28,33,Carthage | EGT-Flex | Gulf S. Pool 16 | Lebanon | Michcon | Moss Bluff Inter | NGPL-AM Pool | NGPL-MidAm | NNG-Demarc | REX E-ANR | TETCO-M1 24 | TGP-800L | Trunkline-Z1A | Union-Dawn | Chicago | NGPL-Nicor | NGPL-Nipsco | Bennington | MEP-Lamar | NGPL-TXOK East | REX E-MidW | REX E-NGPL | REX-Z3 Del Pool | Rover-ANR | Rover-PEPL | TGP-Z1 100L | TGP-Z1 Sta-87 | NBPL-Ventura | NNG-Ventura | APC-ACE | Consumers | CG-Mainline | TGT-Mainline,0.9359844293588488,0.6486243990459502,0.997342114342408,0.05099488464657362,0.9359844293588488,-0.28772767952958866,0.021927679529588674,0.5093020395718773,Global_G01 | Global_G01_S02,4,3,3,Chicago | NGPL-Nicor | NGPL-Nipsco,0.9967762517664975,0.996217999772025,0.997342114342408,0.011118106664686126,0.9967762517664975,-0.27026696536398853,0.0044669653639885796,0.4512430526704617,Subgroup,Global_G01 | Global_G01_S02,3,Chicago | NGPL-Nicor | NGPL-Nipsco,0.9967762517664975,-0.27026696536398853,0.0044669653639885796,0.011118106664686126,0.4512430526704617,0.44978835867653505,Higher than own-history expected value,Higher than peer-implied value,True,True,0.45051511853081716,-0.799954,0.059953999999999896,-1.0149310000000002,0.2749309999999999,-1.229908,0.4899079999999999,1.2520197272791267,2.5040394545582534,2.0032315636466027,-0.2841870542381691,-0.256346876489808,-0.29810714311234965,-0.24242678761562741,-0.2925391075626774,-0.24799482316529964,0.6617407985941015,In-family,history=Higher than own-history expected value; peers=Higher than peer-implied value; subgroup peers=3; peer model trusted; history/peer direction agree; pattern=in-line transition; historical check type=forward_transition; current month name=August; mark month name=September; current transition=-0.07; transition mean=-0.06; transition delta=-0.00; transition magnitude delta=+0.00; component current-month sd=0.08; component historical month sd=0.17; transition degree scale source=current-month; actual-to-date z=0.16; mark z=0.10; transition z=-0.01; pattern years=12,,,False,,0
Bennington,Global_G01,1,regular,Global_G01_S03,3,supergroup,South Central,SouthCentral - TexCoast,3,Global_G01,Global_G01_S03,Bennington,GLOBAL,Summer,,,ICE Bennington Oklahoma (buyers' choice) FDt Com,,NGPL-TXOK East,Bennington,61,-0.35758852459016394,0.1273601482651469,0.07622360274756895,-0.35870000000000024,0.12957923999999954,-0.6549999999999998,-0.121,2026-08-06,-0.20469999999999988,,0.12957923999999954,-0.35870000000000024,,,,,False,forward_transition,,,August,September,-0.21410000000000018,,,,,,,,,,7,,,,,,,Global_G01,34,29,33,Carthage | EGT-Flex | Gulf S. Pool 16 | Lebanon | Michcon | Moss Bluff Inter | NGPL-AM Pool | NGPL-MidAm | NNG-Demarc | REX E-ANR | TETCO-M1 24 | TGP-800L | Trunkline-Z1A | Union-Dawn | Chicago | NGPL-Nicor | NGPL-Nipsco | PGLC | MEP-Lamar | NGPL-TXOK East | REX E-MidW | REX E-NGPL | REX-Z3 Del Pool | Rover-ANR | Rover-PEPL | TGP-Z1 100L | TGP-Z1 Sta-87 | NBPL-Ventura | NNG-Ventura | APC-ACE | Consumers | CG-Mainline | TGT-Mainline,0.924107023482928,0.8242379241843399,0.9988095676016753,0.0501885515886059,0.924107023482928,-0.2748217974827641,,,Global_G01 | Global_G01_S03,3,1,2,MEP-Lamar | NGPL-TXOK East,0.9981653329517377,0.9975210983018,0.9988095676016753,0.007487369224470249,0.9981653329517377,-0.27089999999999986,,,OwnHistoryOnly,,0,,,,,,,,,,False,False,0.0,-0.6178584799999993,-0.09954152000000116,-0.7474377199999989,0.03003771999999838,-0.8770169599999984,0.15961695999999792,,,,,,,,,,0.0,No forward mark,No forward mark,,,False,,-1
MEP-Lamar,Global_G01,1,regular,Global_G01_S03,3,supergroup,South Central,SouthCentral - TexCoast,3,Global_G01,Global_G01_S03,MEP-Lamar,GLOBAL,Summer,,,ICE MEP-Lamar FDt Com,,NGPL-TXOK East,MEP-Lamar,61,-0.35547049180327867,0.1305292398203844,0.07693669853795973,-0.35470000000000024,0.12068363999999987,-0.6532999999999998,-0.11319999999999997,2026-08-06,-0.20760000000000023,,0.12068363999999987,-0.35470000000000024,,,,,False,forward_transition,,,August,September,-0.20530000000000004,,,,,,,,,,5,,,,,,,Global_G01,34,29,33,Carthage | EGT-Flex | Gulf S. Pool 16 | Lebanon | Michcon | Moss Bluff Inter | NGPL-AM Pool | NGPL-MidAm | NNG-Demarc | REX E-ANR | TETCO-M1 24 | TGP-800L | Trunkline-Z1A | Union-Dawn | Chicago | NGPL-Nicor | NGPL-Nipsco | PGLC | Bennington | NGPL-TXOK East | REX E-MidW | REX E-NGPL | REX-Z3 Del Pool | Rover-ANR | Rover-PEPL | TGP-Z1 100L | TGP-Z1 Sta-87 | NBPL-Ventura | NNG-Ventura | APC-ACE | Consumers | CG-Mainline | TGT-Mainline,0.9207723305933179,0.8180531814863334,0.9988095676016754,0.048582502999174874,0.9207723305933179,-0.27291436089699356,,,Global_G01 | Global_G01_S03,3,1,2,Bennington | NGPL-TXOK East,0.9983218570941128,0.9978341465865501,0.9988095676016754,0.008302342711479,0.9983218570941128,-0.27150000000000024,,,OwnHistoryOnly,,0,,,,,,,,,,False,False,0.0,-0.59606728,-0.1133327200000005,-0.7167509199999998,0.007350919999999372,-0.8374345599999997,0.12803455999999924,,,,,,,,,,0.0,No forward mark,No forward mark,,,False,,-1
NGPL-TXOK East,Global_G01,1,regular,Global_G01_S03,3,supergroup,South Central,SouthCentral - TexCoast,3,Global_G01,Global_G01_S03,NGPL-TXOK East,GLOBAL,Summer,NGPL-TXOK EAST,NGPL Texok Zn FDt Com,ICE NGPL TXOK East Pool FDt Com,"NGPL, Texok zone",,NGPL-TXOK East,62,-0.40435322580645167,0.1301545786120714,0.07517831552836933,-0.40000000000000013,0.1408470000000006,-0.69,-0.15500000000000025,2026-08-06,-0.2599,-0.3202,0.1408470000000006,-0.40000000000000013,0.07980000000000015,0.6465636991324926,0.5665722379603385,0.5665722379603385,True,forward_transition,,,August,September,-0.25245000000000006,-0.03930024783488341,,,-0.1072144935559703,-0.06774999999999992,-0.04832648003679973,-0.019423519963200193,0.019423519963200193,-0.12812875152790784,26,in-line transition,,,0.08478444236218498,0.16639297535026318,current-month,Global_G01,34,28,33,Carthage | EGT-Flex | Gulf S. Pool 16 | Lebanon | Michcon | Moss Bluff Inter | NGPL-AM Pool | NGPL-MidAm | NNG-Demarc | REX E-ANR | TETCO-M1 24 | TGP-800L | Trunkline-Z1A | Union-Dawn | Chicago | NGPL-Nicor | NGPL-Nipsco | PGLC | Bennington | MEP-Lamar | REX E-MidW | REX E-NGPL | REX-Z3 Del Pool | Rover-ANR | Rover-PEPL | TGP-Z1 100L | TGP-Z1 Sta-87 | NBPL-Ventura | NNG-Ventura | APC-ACE | Consumers | CG-Mainline | TGT-Mainline,0.92045940946788,0.8176687536396358,0.99783414658655,0.05037013498144843,0.92045940946788,-0.32407444750431735,0.003874447504317307,0.13759589283778464,Global_G01 | Global_G01_S03,3,0,2,Bennington | MEP-Lamar,0.997677622444175,0.9975210983018001,0.99783414658655,0.007932037931587142,0.997677622444175,,,,Parent,Global_G01,33,Carthage | EGT-Flex | Gulf S. Pool 16 | Lebanon | Michcon | Moss Bluff Inter | NGPL-AM Pool | NGPL-MidAm | NNG-Demarc | REX E-ANR | TETCO-M1 24 | TGP-800L | Trunkline-Z1A | Union-Dawn | Chicago | NGPL-Nicor | NGPL-Nipsco | PGLC | Bennington | MEP-Lamar | REX E-MidW | REX E-NGPL | REX-Z3 Del Pool | Rover-ANR | Rover-PEPL | TGP-Z1 100L | TGP-Z1 Sta-87 | NBPL-Ventura | NNG-Ventura | APC-ACE | Consumers | CG-Mainline | TGT-Mainline,0.92045940946788,-0.32407444750431735,0.003874447504317307,0.05037013498144843,0.13759589283778464,0.12665143426667294,Higher than own-history expected value,Higher than peer-implied value,True,True,0.13201029193630645,-0.6816940000000014,-0.11830599999999891,-0.822541000000002,0.0225410000000017,-0.9633880000000026,0.1633880000000023,1.3028898241526234,2.605779648305247,2.0846237186441976,-0.3897011838128406,-0.2584477111957941,-0.45532792012136386,-0.19282097488727085,-0.4290772255979546,-0.21907166941068013,0.5817480709074121,In-family,history=Higher than own-history expected value; peers=Higher than peer-implied value; parent peers=33; peer model trusted; history/peer direction agree; pattern=in-line transition; historical check type=forward_transition; current month name=August; mark month name=September; current transition=-0.07; transition mean=-0.05; transition delta=-0.02; transition magnitude delta=+0.02; component current-month sd=0.08; component historical month sd=0.17; transition degree scale source=current-month; actual-to-date z=-0.04; mark z=-0.11; transition z=-0.13; pattern years=26,,,False,,0
REX E-MidW,Global_G01,1,regular,Global_G01_S04,4,supergroup,Midwest,Midwest - Chicago,3,Global_G01,Global_G01_S04,REX E-MidW,GLOBAL,Summer,,,ICE REX (East) delivered into Midwestern Gas FDt Com,,REX-Z3 Del Pool,REX E-MidW,61,-0.3971770491803279,0.15178569914349926,0.07393537510617228,-0.4175,0.21067746000000015,-0.7271000000000001,-0.13800000000000034,2026-08-06,-0.19540000000000024,-0.3167,0.21067746000000015,-0.4175,0.1008,0.5302017886694608,0.47845649933315093,0.47845649933315093,True,forward_transition,,,August,September,-0.18520000000000003,0.4734494706396776,,,-0.12238704223151331,-0.13149999999999995,-0.054985070782924535,-0.07651492921707542,0.07651492921707542,-0.6159995305870815,12,mild stronger than history,mild,0.7871037140443349,0.09721073328941959,0.16892743086022016,current-month,Global_G01,34,28,32,Carthage | EGT-Flex | Gulf S. Pool 16 | Lebanon | Michcon | NGPL-AM Pool | NGPL-MidAm | NNG-Demarc | REX E-ANR | TETCO-M1 24 | TGP-800L | Trunkline-Z1A | Union-Dawn | Chicago | NGPL-Nicor | NGPL-Nipsco | PGLC | Bennington | MEP-Lamar | NGPL-TXOK East | REX E-NGPL | REX-Z3 Del Pool | Rover-ANR | Rover-PEPL | TGP-Z1 100L | TGP-Z1 Sta-87 | NBPL-Ventura | NNG-Ventura | APC-ACE | Consumers | CG-Mainline | TGT-Mainline,0.948514862676417,0.8537892906564359,0.9928319190840731,0.046245443739942625,0.948514862676417,-0.3072765203406629,-0.00942347965933709,-0.347903894672645,Global_G01 | Global_G01_S04,3,1,2,REX E-NGPL | REX-Z3 Del Pool,0.9924347072379978,0.9920374953919224,0.9928319190840731,0.018383943302253306,0.9924347072379978,-0.3025000000000002,-0.014199999999999768,-0.7424626964781184,Subgroup,Global_G01 | Global_G01_S04,2,REX E-NGPL | REX-Z3 Del Pool,0.9924347072379978,-0.3025000000000002,-0.014199999999999768,0.018383943302253306,-0.7424626964781184,0.7368457488143958,Higher than own-history expected value,Lower than peer-implied value,False,False,0.0,-0.8388549200000003,0.003854920000000317,-1.0495323800000005,0.21453238000000052,-1.2602098400000006,0.4252098400000006,1.2547553065155967,2.5095106130311935,2.0076084904249547,-0.3255673504131844,-0.279432649586816,-0.3486347008263686,-0.2563652991736318,-0.3394077606610949,-0.2655922393389055,0.47845649933315093,In-family,history=Higher than own-history expected value; peers=Lower than peer-implied value; subgroup peers=2; peer model untrusted; pattern=mild stronger than history; historical check type=forward_transition; current month name=August; mark month name=September; current transition=-0.13; transition mean=-0.05; transition delta=-0.08; transition magnitude delta=+0.08; transition degree=mild; transition degree score=0.79; component current-month sd=0.10; component historical month sd=0.17; transition degree scale source=current-month; actual-to-date z=0.47; mark z=-0.12; transition z=-0.62; pattern years=12,,,False,,0
REX E-NGPL,Global_G01,1,regular,Global_G01_S04,4,supergroup,Midwest,Midwest - Chicago,3,Global_G01,Global_G01_S04,REX E-NGPL,GLOBAL,Summer,,,ICE REX (East) delivered into NGPL FDt Com,,REX-Z3 Del Pool,REX E-NGPL,61,-0.41221639344262295,0.15109135777218569,0.07608068123050142,-0.41720000000000024,0.19436885999999998,-0.7216999999999998,-0.14539999999999997,2026-08-06,-0.19940000000000024,-0.3167,0.19436885999999998,-0.41720000000000024,0.10050000000000026,0.6321764186317116,0.5170581336948741,0.5170581336948741,True,forward_transition,,,August,September,-0.20009999999999994,0.4548778326573428,,,-0.0743827940934549,-0.11660000000000004,-0.050945010258864144,-0.0656549897411359,0.0656549897411359,-0.5125013521583762,11,mild stronger than history,mild,0.7109743844030685,0.0923450846914261,0.16242416736499696,current-month,Global_G01,34,28,33,Carthage | EGT-Flex | Gulf S. Pool 16 | Lebanon | Michcon | Moss Bluff Inter | NGPL-AM Pool | NGPL-MidAm | NNG-Demarc | REX E-ANR | TETCO-M1 24 | TGP-800L | Trunkline-Z1A | Union-Dawn | Chicago | NGPL-Nicor | NGPL-Nipsco | PGLC | Bennington | MEP-Lamar | NGPL-TXOK East | REX E-MidW | REX-Z3 Del Pool | Rover-ANR | Rover-PEPL | TGP-Z1 100L | TGP-Z1 Sta-87 | NBPL-Ventura | NNG-Ventura | APC-ACE | Consumers | CG-Mainline | TGT-Mainline,0.9495827858554942,0.7140272987721986,0.9999125277125972,0.04716952208951719,0.9495827858554942,-0.3265177074000124,0.00982012424290865,0.19769478019466075,Global_G01 | Global_G01_S04,3,1,2,REX E-MidW | REX-Z3 Del Pool,0.9959750115522599,0.9920374953919224,0.9999125277125972,0.010343618015300966,0.9959750115522599,-0.33089999999999975,0.014199999999999768,0.7424626964781184,Subgroup,Global_G01 | Global_G01_S04,2,REX E-MidW | REX-Z3 Del Pool,0.9959750115522599,-0.33089999999999975,0.014199999999999768,0.010343618015300966,0.7424626964781184,0.7394742927019159,Higher than own-history expected value,Higher than peer-implied value,False,True,0.0,-0.8059377200000002,-0.028462280000000284,-1.0003065800000002,0.1659065799999997,-1.1946754400000001,0.36027543999999967,1.2525232373407142,2.5050464746814285,2.004037179745143,-0.34385562192234026,-0.31794437807765924,-0.35681124384468077,-0.30498875615531873,-0.3516289950757446,-0.3101710049242549,0.5170581336948741,In-family,history=Higher than own-history expected value; peers=Higher than peer-implied value; subgroup peers=2; peer model untrusted; pattern=mild stronger than history; historical check type=forward_transition; current month name=August; mark month name=September; current transition=-0.12; transition mean=-0.05; transition delta=-0.07; transition magnitude delta=+0.07; transition degree=mild; transition degree score=0.71; component current-month sd=0.09; component historical month sd=0.16; transition degree scale source=current-month; actual-to-date z=0.45; mark z=-0.07; transition z=-0.51; pattern years=11,,,False,,0
REX-Z3 Del Pool,Global_G01,1,regular,Global_G01_S04,4,supergroup,Midwest,Midwest - Chicago,3,Global_G01,Global_G01_S04,REX-Z3 Del Pool,GLOBAL,Summer,,REX Zone 3 delivered FDt Com,ICE REX zone 3 delivered Pool FDt Com,"REX, zone 3 delivered",,REX-Z3 Del Pool,61,-0.41524590163934416,0.1478693855781406,0.07096171483096653,-0.4299999999999997,0.18532500000000066,-0.7199999999999998,-0.14500000000000002,2026-08-05,-0.3700000000000001,,0.18532500000000066,-0.4299999999999997,,,,,False,forward_transition,,,August,September,-0.20000000000000018,,,,,,,,,,10,,,,,,,Global_G01,34,29,33,Carthage | EGT-Flex | Gulf S. Pool 16 | Lebanon | Michcon | Moss Bluff Inter | NGPL-AM Pool | NGPL-MidAm | NNG-Demarc | REX E-ANR | TETCO-M1 24 | TGP-800L | Trunkline-Z1A | Union-Dawn | Chicago | NGPL-Nicor | NGPL-Nipsco | PGLC | Bennington | MEP-Lamar | NGPL-TXOK East | REX E-MidW | REX E-NGPL | Rover-ANR | Rover-PEPL | TGP-Z1 100L | TGP-Z1 Sta-87 | NBPL-Ventura | NNG-Ventura | APC-ACE | Consumers | CG-Mainline | TGT-Mainline,0.9480041975704454,0.7100519507654802,0.9999125277125972,0.04662993993649423,0.9480041975704454,-0.3255548014383945,,,Global_G01 | Global_G01_S04,3,2,2,REX E-MidW | REX E-NGPL,0.9963722233983352,0.9928319190840731,0.9999125277125972,0.00960845298262424,0.9963722233983352,-0.32287548295787977,,,OwnHistoryOnly,,0,,,,,,,,,,False,False,0.0,-0.800650000000001,-0.059349999999998404,-0.9859750000000017,0.12597500000000228,-1.1713000000000022,0.3113000000000029,,,,,,,,,,0.0,No forward mark,No forward mark,,,False,,-1
Rover-ANR,Global_G01,1,regular,Global_G01_S05,5,supergroup,Northeast,Northeast - Appalachia,3,Global_G01,Global_G01_S05,Rover-ANR,GLOBAL,Summer,,Rover delivered FDt Com,ICE Rover delivered into ANR FDt Com,"Rover, delivered",REX-Z3 Del Pool,Rover-ANR,61,-0.42909836065573775,0.14971502985316612,0.08631420070265299,-0.45500000000000007,0.16308599999999981,-0.75,-0.16000000000000014,2026-08-05,-0.40500000000000025,-0.3167,0.16308599999999981,-0.45500000000000007,0.1383000000000001,0.7507486774438953,0.8480188366873934,0.8480188366873934,True,forward_transition,,,August,September,-0.20999999999999996,0.8644528063519686,,,0.3319560036186054,-0.10670000000000002,-0.05650104954617027,-0.050198950453829744,0.050198950453829744,-0.3142776604077512,8,slight stronger than history,slight,0.45207771463570207,0.11104053313993055,0.1561795069395689,current-month,Global_G01,34,28,32,Carthage | EGT-Flex | Gulf S. Pool 16 | Lebanon | Michcon | Moss Bluff Inter | NGPL-AM Pool | NGPL-MidAm | NNG-Demarc | REX E-ANR | TETCO-M1 24 | TGP-800L | Trunkline-Z1A | Union-Dawn | Chicago | NGPL-Nicor | NGPL-Nipsco | PGLC | Bennington | MEP-Lamar | NGPL-TXOK East | REX E-MidW | REX E-NGPL | REX-Z3 Del Pool | TGP-Z1 100L | TGP-Z1 Sta-87 | NBPL-Ventura | NNG-Ventura | APC-ACE | Consumers | CG-Mainline | TGT-Mainline,0.901766429516182,0.6178676308494367,0.9756091670506128,0.04548066635640155,0.901766429516182,-0.33283148915952226,0.016131489159522283,0.4104658727939621,Global_G01 | Global_G01_S05,2,1,0,,,,,,,,,,Parent,Global_G01,32,Carthage | EGT-Flex | Gulf S. Pool 16 | Lebanon | Michcon | Moss Bluff Inter | NGPL-AM Pool | NGPL-MidAm | NNG-Demarc | REX E-ANR | TETCO-M1 24 | TGP-800L | Trunkline-Z1A | Union-Dawn | Chicago | NGPL-Nicor | NGPL-Nipsco | PGLC | Bennington | MEP-Lamar | NGPL-TXOK East | REX E-MidW | REX E-NGPL | REX-Z3 Del Pool | TGP-Z1 100L | TGP-Z1 Sta-87 | NBPL-Ventura | NNG-Ventura | APC-ACE | Consumers | CG-Mainline | TGT-Mainline,0.901766429516182,-0.33283148915952226,0.016131489159522283,0.04548066635640155,0.4104658727939621,0.3701443445476546,Higher than own-history expected value,Higher than peer-implied value,True,True,0.38978407028058765,-0.7811719999999998,-0.12882800000000044,-0.9442579999999995,0.034257999999999345,-1.1073439999999994,0.1973439999999992,1.3163245502134253,2.6326491004268506,2.1061192803414803,-0.3926988068445194,-0.2729641714745251,-0.45256612452951656,-0.21309685378952797,-0.4286191974555177,-0.23704378086352684,0.9333100068150679,In-family,history=Higher than own-history expected value; peers=Higher than peer-implied value; parent peers=32; peer model trusted; history/peer direction agree; pattern=slight stronger than history; historical check type=forward_transition; current month name=August; mark month name=September; current transition=-0.11; transition mean=-0.06; transition delta=-0.05; transition magnitude delta=+0.05; transition degree=slight; transition degree score=0.45; component current-month sd=0.11; component historical month sd=0.16; transition degree scale source=current-month; actual-to-date z=0.86; mark z=0.33; transition z=-0.31; pattern years=8,,,False,,0
Rover-PEPL,Global_G01,1,regular,Global_G01_S05,5,supergroup,Northeast,Northeast - Appalachia,3,Global_G01,Global_G01_S05,Rover-PEPL,GLOBAL,Summer,,Rover delivered FDt Com,ICE Rover delivered into Panhandle FDt Com,"Rover, delivered",REX-Z3 Del Pool,Rover-PEPL,61,-0.42909836065573775,0.14971502985316612,0.08631420070265299,-0.45500000000000007,0.16308599999999981,-0.75,-0.16000000000000014,2026-08-05,-0.40500000000000025,-0.3167,0.16308599999999981,-0.45500000000000007,0.1383000000000001,0.7507486774438953,0.8480188366873934,0.8480188366873934,True,forward_transition,,,August,September,-0.20999999999999996,0.8692972932814643,,,0.3073020868132805,-0.10670000000000002,-0.052422166954291395,-0.05427783304570862,0.05427783304570862,-0.3465521979912499,8,slight stronger than history,slight,0.4888109910036998,0.11104053313993055,0.16441154645133724,current-month,Global_G01,34,28,32,Carthage | EGT-Flex | Gulf S. Pool 16 | Lebanon | Michcon | Moss Bluff Inter | NGPL-AM Pool | NGPL-MidAm | NNG-Demarc | REX E-ANR | TETCO-M1 24 | TGP-800L | Trunkline-Z1A | Union-Dawn | Chicago | NGPL-Nicor | NGPL-Nipsco | PGLC | Bennington | MEP-Lamar | NGPL-TXOK East | REX E-MidW | REX E-NGPL | REX-Z3 Del Pool | TGP-Z1 100L | TGP-Z1 Sta-87 | NBPL-Ventura | NNG-Ventura | APC-ACE | Consumers | CG-Mainline | TGT-Mainline,0.901766429516182,0.6178676308494367,0.9756091670506128,0.04548066635640155,0.901766429516182,-0.33283148915952226,0.016131489159522283,0.4104658727939621,Global_G01 | Global_G01_S05,2,1,0,,,,,,,,,,Parent,Global_G01,32,Carthage | EGT-Flex | Gulf S. Pool 16 | Lebanon | Michcon | Moss Bluff Inter | NGPL-AM Pool | NGPL-MidAm | NNG-Demarc | REX E-ANR | TETCO-M1 24 | TGP-800L | Trunkline-Z1A | Union-Dawn | Chicago | NGPL-Nicor | NGPL-Nipsco | PGLC | Bennington | MEP-Lamar | NGPL-TXOK East | REX E-MidW | REX E-NGPL | REX-Z3 Del Pool | TGP-Z1 100L | TGP-Z1 Sta-87 | NBPL-Ventura | NNG-Ventura | APC-ACE | Consumers | CG-Mainline | TGT-Mainline,0.901766429516182,-0.33283148915952226,0.016131489159522283,0.04548066635640155,0.4104658727939621,0.3701443445476546,Higher than own-history expected value,Higher than peer-implied value,True,True,0.38978407028058765,-0.7811719999999998,-0.12882800000000044,-0.9442579999999995,0.034257999999999345,-1.1073439999999994,0.1973439999999992,1.3163245502134253,2.6326491004268506,2.1061192803414803,-0.3926988068445194,-0.2729641714745251,-0.45256612452951656,-0.21309685378952797,-0.4286191974555177,-0.23704378086352684,0.9333100068150679,In-family,history=Higher than own-history expected value; peers=Higher than peer-implied value; parent peers=32; peer model trusted; history/peer direction agree; pattern=slight stronger than history; historical check type=forward_transition; current month name=August; mark month name=September; current transition=-0.11; transition mean=-0.05; transition delta=-0.05; transition magnitude delta=+0.05; transition degree=slight; transition degree score=0.49; component current-month sd=0.11; component historical month sd=0.16; transition degree scale source=current-month; actual-to-date z=0.87; mark z=0.31; transition z=-0.35; pattern years=8,,,False,,0
TGP-Z1 100L,Global_G01,1,regular,Global_G01_S06,6,supergroup,South Central,SouthCentral - Perryville,3,Global_G01,Global_G01_S06,TGP-Z1 100L,GLOBAL,Summer,,Tennessee Zone 1 FDt Com,ICE Tennessee zone 1 100 Leg Pool FDt Com,"Tennessee, zone 1",,TGP-Z1 100L,61,-0.394016393442623,0.12376328101167954,0.07245805332415042,-0.41000000000000014,0.1408469999999996,-0.685,-0.14000000000000012,2026-08-05,-0.41500000000000004,-0.43,0.1408469999999996,-0.41000000000000014,-0.01999999999999985,-0.2907454154676233,-0.14199805462665094,0.14199805462665094,True,forward_transition,,,August,September,-0.20999999999999996,0.22881413732380848,,,-0.48013365734210783,-0.22000000000000003,-0.07263518981520654,-0.14736481018479347,0.14736481018479347,-1.1671512135589182,10,moderate stronger than history,moderate,1.3927774930783334,0.10580642702596091,0.17488215142055671,current-month,Global_G01,34,28,33,Carthage | EGT-Flex | Gulf S. Pool 16 | Lebanon | Michcon | Moss Bluff Inter | NGPL-AM Pool | NGPL-MidAm | NNG-Demarc | REX E-ANR | TETCO-M1 24 | TGP-800L | Trunkline-Z1A | Union-Dawn | Chicago | NGPL-Nicor | NGPL-Nipsco | PGLC | Bennington | MEP-Lamar | NGPL-TXOK East | REX E-MidW | REX E-NGPL | REX-Z3 Del Pool | Rover-ANR | Rover-PEPL | TGP-Z1 Sta-87 | NBPL-Ventura | NNG-Ventura | APC-ACE | Consumers | CG-Mainline | TGT-Mainline,0.9309043169487669,0.8205746456626098,0.999459441390534,0.050864016222040405,0.9309043169487669,-0.30261547762665336,-0.12738452237334663,-2.7019661048108508,Global_G01 | Global_G01_S06,2,1,1,TGP-Z1 Sta-87,0.999459441390534,0.999459441390534,0.999459441390534,0.0021497699999999276,0.999459441390534,-0.33840000000000026,-0.09159999999999974,-42.609209357281394,Parent,Global_G01,33,Carthage | EGT-Flex | Gulf S. Pool 16 | Lebanon | Michcon | Moss Bluff Inter | NGPL-AM Pool | NGPL-MidAm | NNG-Demarc | REX E-ANR | TETCO-M1 24 | TGP-800L | Trunkline-Z1A | Union-Dawn | Chicago | NGPL-Nicor | NGPL-Nipsco | PGLC | Bennington | MEP-Lamar | NGPL-TXOK East | REX E-MidW | REX E-NGPL | REX-Z3 Del Pool | Rover-ANR | Rover-PEPL | TGP-Z1 Sta-87 | NBPL-Ventura | NNG-Ventura | APC-ACE | Consumers | CG-Mainline | TGT-Mainline,0.9309043169487669,-0.30261547762665336,-0.12738452237334663,0.050864016222040405,-2.7019661048108508,2.515271911217665,Lower than own-history expected value,Lower than peer-implied value,True,True,2.6069483018450788,-0.6916939999999994,-0.12830600000000092,-0.832540999999999,0.012540999999998692,-0.9733879999999986,0.1533879999999983,1.2955598807322546,2.591119761464509,2.0728958091716074,-0.3685128564168435,-0.23671809883646322,-0.4344102352070336,-0.1708207200462731,-0.40805128369095756,-0.19717967156234917,2.610812688802223,Outlier,history=Lower than own-history expected value; peers=moderately below peer-implied value; parent peers=33; peer model trusted; peer score v2=2.61 (high); history/peer direction agree; pattern=moderate stronger than history; historical check type=forward_transition; current month name=August; mark month name=September; current transition=-0.22; transition mean=-0.07; transition delta=-0.15; transition magnitude delta=+0.15; transition degree=moderate; transition degree score=1.39; component current-month sd=0.11; component historical month sd=0.17; transition degree scale source=current-month; actual-to-date z=0.23; mark z=-0.48; transition z=-1.17; pattern years=10,Outlier,O,True,TGP-Z1 100L [Outlier],2
TGP-Z1 Sta-87,Global_G01,1,regular,Global_G01_S06,6,supergroup,South Central,SouthCentral - Perryville,3,Global_G01,Global_G01_S06,TGP-Z1 Sta-87,GLOBAL,Summer,,,ICE Tennessee zone 1 Station 87 Pool FDt Com,"Tennessee, zone 1",,TGP-Z1 Sta-87,61,-0.3901901639344262,0.1260788757153209,0.07872055666960749,-0.4077000000000002,0.1470739199999996,-0.6861000000000002,-0.1394000000000002,2026-08-06,-0.24409999999999998,-0.3387,0.1470739199999996,-0.4077000000000002,0.06900000000000017,0.4083964394692741,0.4691518387488438,0.4691518387488438,True,forward_transition,,,August,September,-0.22215000000000007,0.12206260323497668,,,-0.4150631036780737,-0.11654999999999993,-0.037173102873995584,-0.07937689712600435,0.07937689712600435,-1.0604325439954534,9,mild stronger than history,mild,0.7915382878870961,0.1002818162313919,0.17132643460644617,current-month,Global_G01,34,28,32,Carthage | EGT-Flex | Gulf S. Pool 16 | Lebanon | Michcon | NGPL-AM Pool | NGPL-MidAm | NNG-Demarc | REX E-ANR | TETCO-M1 24 | TGP-800L | Trunkline-Z1A | Union-Dawn | Chicago | NGPL-Nicor | NGPL-Nipsco | PGLC | Bennington | MEP-Lamar | NGPL-TXOK East | REX E-MidW | REX E-NGPL | REX-Z3 Del Pool | Rover-ANR | Rover-PEPL | TGP-Z1 100L | NBPL-Ventura | NNG-Ventura | APC-ACE | Consumers | CG-Mainline | TGT-Mainline,0.9349936294386165,0.8574885081621806,0.999459441390534,0.05141806395570201,0.9349936294386165,-0.3024862849234901,-0.03621371507650993,-0.641516377810374,Global_G01 | Global_G01_S06,2,1,1,TGP-Z1 100L,0.999459441390534,0.999459441390534,0.999459441390534,0.0021497699999999276,0.999459441390534,-0.43029999999999974,0.09159999999999974,42.609209357281394,Parent,Global_G01,32,Carthage | EGT-Flex | Gulf S. Pool 16 | Lebanon | Michcon | NGPL-AM Pool | NGPL-MidAm | NNG-Demarc | REX E-ANR | TETCO-M1 24 | TGP-800L | Trunkline-Z1A | Union-Dawn | Chicago | NGPL-Nicor | NGPL-Nipsco | PGLC | Bennington | MEP-Lamar | NGPL-TXOK East | REX E-MidW | REX E-NGPL | REX-Z3 Del Pool | Rover-ANR | Rover-PEPL | TGP-Z1 100L | NBPL-Ventura | NNG-Ventura | APC-ACE | Consumers | CG-Mainline | TGT-Mainline,0.9349936294386165,-0.3024862849234901,-0.03621371507650993,0.05141806395570201,-0.641516377810374,0.5998137264332363,Higher than own-history expected value,Lower than peer-implied value,True,False,0.6203147016977691,-0.7018478399999994,-0.11355216000000096,-0.848921759999999,0.033521759999998624,-0.9959956799999986,0.18059567999999826,1.2927236289390227,2.5854472578780454,2.068357806302436,-0.36895563115332397,-0.23601693869365625,-0.43542497738315783,-0.1695475924638224,-0.40883723889122425,-0.19613533095575594,0.7777491735410674,In-family,history=Higher than own-history expected value; peers=Lower than peer-implied value; parent peers=32; peer model trusted; history/peer direction disagree; pattern=mild stronger than history; historical check type=forward_transition; current month name=August; mark month name=September; current transition=-0.12; transition mean=-0.04; transition delta=-0.08; transition magnitude delta=+0.08; transition degree=mild; transition degree score=0.79; component current-month sd=0.10; component historical month sd=0.17; transition degree scale source=current-month; actual-to-date z=0.12; mark z=-0.42; transition z=-1.06; pattern years=9,,,False,,0
NBPL-Ventura,Global_G01,1,regular,Global_G01_S07,7,supergroup,Midwest,Midwest - Chicago,3,Global_G01,Global_G01_S07,NBPL-Ventura,GLOBAL,Summer,,No Border VentTP FDt Com,,"Northern Bdr., Ventura TP",,NBPL-Ventura,61,-0.428360655737705,0.18024918241024795,0.08687427599990963,-0.44499999999999984,0.2520419999999999,-0.7799999999999998,-0.08999999999999986,2026-08-05,-0.3450000000000002,-0.2942,0.2520419999999999,-0.44499999999999984,0.15079999999999982,0.7443065979203984,0.5983129795827675,0.5983129795827675,True,forward_transition,,,August,September,-0.2650000000000001,0.029080814253408742,,,0.23165939581241077,-0.029199999999999893,-0.0778423771751237,0.048642377175123805,-0.048642377175123805,0.2809397346790779,17,mild weaker than history,mild,0.7844524412442063,0.06200806399170991,0.18489467701099876,current-month,Global_G01,34,28,33,Carthage | EGT-Flex | Gulf S. Pool 16 | Lebanon | Michcon | Moss Bluff Inter | NGPL-AM Pool | NGPL-MidAm | NNG-Demarc | REX E-ANR | TETCO-M1 24 | TGP-800L | Trunkline-Z1A | Union-Dawn | Chicago | NGPL-Nicor | NGPL-Nipsco | PGLC | Bennington | MEP-Lamar | NGPL-TXOK East | REX E-MidW | REX E-NGPL | REX-Z3 Del Pool | Rover-ANR | Rover-PEPL | TGP-Z1 100L | TGP-Z1 Sta-87 | NNG-Ventura | APC-ACE | Consumers | CG-Mainline | TGT-Mainline,0.8836877044163366,0.5023835870002507,0.997124032696114,0.07683255912980165,0.8836877044163366,-0.322792497127653,0.02859249712765292,0.40285372132515007,Global_G01 | Global_G01_S07,2,1,1,NNG-Ventura,0.997124032696114,0.997124032696114,0.997124032696114,0.014825999999999683,0.997124032696114,-0.2991999999999999,0.004999999999999893,0.3372453797382976,Parent,Global_G01,33,Carthage | EGT-Flex | Gulf S. Pool 16 | Lebanon | Michcon | Moss Bluff Inter | NGPL-AM Pool | NGPL-MidAm | NNG-Demarc | REX E-ANR | TETCO-M1 24 | TGP-800L | Trunkline-Z1A | Union-Dawn | Chicago | NGPL-Nicor | NGPL-Nipsco | PGLC | Bennington | MEP-Lamar | NGPL-TXOK East | REX E-MidW | REX E-NGPL | REX-Z3 Del Pool | Rover-ANR | Rover-PEPL | TGP-Z1 100L | TGP-Z1 Sta-87 | NNG-Ventura | APC-ACE | Consumers | CG-Mainline | TGT-Mainline,0.8836877044163366,-0.322792497127653,0.02859249712765292,0.07683255912980165,0.40285372132515007,0.3559968802134004,Higher than own-history expected value,Higher than peer-implied value,True,True,0.3787012912231909,-0.9490839999999996,0.059083999999999914,-1.2011259999999995,0.3111259999999998,-1.4531679999999993,0.5631679999999997,1.3297212429087175,2.659442485817435,2.127553988653948,-0.4249583831495904,-0.22062661110571563,-0.5271242691715278,-0.11846072508377825,-0.4862579147627528,-0.1593270794925532,0.7080911590405018,In-family,history=Higher than own-history expected value; peers=Higher than peer-implied value; parent peers=33; peer model trusted; history/peer direction agree; pattern=mild weaker than history; historical check type=forward_transition; current month name=August; mark month name=September; current transition=-0.03; transition mean=-0.08; transition delta=+0.05; transition magnitude delta=-0.05; transition degree=mild; transition degree score=0.78; component current-month sd=0.06; component historical month sd=0.18; transition degree scale source=current-month; actual-to-date z=0.03; mark z=0.23; transition z=0.28; pattern years=17,,,False,,0
NNG-Ventura,Global_G01,1,regular,Global_G01_S07,7,supergroup,Midwest,Midwest - Chicago,3,Global_G01,Global_G01_S07,NNG-Ventura,GLOBAL,Summer,NNG-VENTURA,Nrthrn Ventura FDt Com,,"Northern, Ventura",,NNG-Ventura,62,-0.4182935483870969,0.17644239748378357,0.08445750443059995,-0.4324999999999999,0.23350949999999995,-0.7850000000000001,-0.10000000000000009,2026-08-06,-0.19920000000000027,-0.2942,0.23350949999999995,-0.4324999999999999,0.13829999999999987,0.7033091261328053,0.5922671240356383,0.5922671240356383,True,forward_transition,,,August,September,-0.2650000000000001,0.062256187869008044,,,0.2501308504308829,-0.029199999999999893,-0.08112048905681031,0.05192048905681042,-0.05192048905681042,0.2821043801438304,26,mild weaker than history,mild,0.7003096770769042,0.07413932829477207,0.24168121700229497,current-month,Global_G01,34,28,33,Carthage | EGT-Flex | Gulf S. Pool 16 | Lebanon | Michcon | Moss Bluff Inter | NGPL-AM Pool | NGPL-MidAm | NNG-Demarc | REX E-ANR | TETCO-M1 24 | TGP-800L | Trunkline-Z1A | Union-Dawn | Chicago | NGPL-Nicor | NGPL-Nipsco | PGLC | Bennington | MEP-Lamar | NGPL-TXOK East | REX E-MidW | REX E-NGPL | REX-Z3 Del Pool | Rover-ANR | Rover-PEPL | TGP-Z1 100L | TGP-Z1 Sta-87 | NBPL-Ventura | APC-ACE | Consumers | CG-Mainline | TGT-Mainline,0.8802159067198098,0.49085549864876304,0.997124032696114,0.07618243169910915,0.8802159067198098,-0.3169169259086474,0.02271692590864741,0.2995318580722972,Global_G01 | Global_G01_S07,2,1,1,NBPL-Ventura,0.997124032696114,0.997124032696114,0.997124032696114,0.014825999999999683,0.997124032696114,-0.2892000000000001,-0.004999999999999893,-0.3372453797382976,Parent,Global_G01,33,Carthage | EGT-Flex | Gulf S. Pool 16 | Lebanon | Michcon | Moss Bluff Inter | NGPL-AM Pool | NGPL-MidAm | NNG-Demarc | REX E-ANR | TETCO-M1 24 | TGP-800L | Trunkline-Z1A | Union-Dawn | Chicago | NGPL-Nicor | NGPL-Nipsco | PGLC | Bennington | MEP-Lamar | NGPL-TXOK East | REX E-MidW | REX E-NGPL | REX-Z3 Del Pool | Rover-ANR | Rover-PEPL | TGP-Z1 100L | TGP-Z1 Sta-87 | NBPL-Ventura | APC-ACE | Consumers | CG-Mainline | TGT-Mainline,0.8802159067198098,-0.3169169259086474,0.02271692590864741,0.07618243169910915,0.2995318580722972,0.26365270604457647,Higher than own-history expected value,Higher than peer-implied value,True,True,0.2810202571476319,-0.8995189999999997,0.03451900000000002,-1.1330284999999998,0.2680285,-1.3665379999999998,0.5015379999999999,1.3323410432781557,2.6646820865563114,2.131745669245049,-0.41841790643810534,-0.21541594537918946,-0.5199188869675633,-0.11391496484973154,-0.4793184947557801,-0.1545153570615147,0.6555552845800019,In-family,history=Higher than own-history expected value; peers=Higher than peer-implied value; parent peers=33; peer model trusted; history/peer direction agree; pattern=mild weaker than history; historical check type=forward_transition; current month name=August; mark month name=September; current transition=-0.03; transition mean=-0.08; transition delta=+0.05; transition magnitude delta=-0.05; transition degree=mild; transition degree score=0.70; component current-month sd=0.07; component historical month sd=0.24; transition degree scale source=current-month; actual-to-date z=0.06; mark z=0.25; transition z=0.28; pattern years=26,,,False,,0
APC-ACE,Global_G01,1,regular,Global_G01_S08,8,supergroup,Midwest,Midwest - Chicago,3,Global_G01,Global_G01_S08,APC-ACE,GLOBAL,Summer,Chicago,Alliance Interstates FDt Com,ICE Alliance Chicago Exchange Hub FDt Com,,Chicago,APC-ACE,62,-0.3798338709677419,0.16589016605756357,0.07423066140683494,-0.3999999999999999,0.20756399999999983,-0.7149999999999999,-0.05500000000000016,2026-08-06,-0.13969999999999994,-0.2667,0.20756399999999983,-0.3999999999999999,0.13329999999999992,0.6819805758014895,0.6422115588445011,0.6422115588445011,True,forward_transition,,,August,September,-0.20000000000000018,0.1471942237163803,,,0.09600729382646529,-0.06669999999999981,-0.06802250742729067,0.001322507427290856,-0.001322507427290856,0.0074881547517202775,25,in-line transition,,,0.07480027851998054,0.17717917738385458,current-month,Global_G01,34,28,33,Carthage | EGT-Flex | Gulf S. Pool 16 | Lebanon | Michcon | Moss Bluff Inter | NGPL-AM Pool | NGPL-MidAm | NNG-Demarc | REX E-ANR | TETCO-M1 24 | TGP-800L | Trunkline-Z1A | Union-Dawn | Chicago | NGPL-Nicor | NGPL-Nipsco | PGLC | Bennington | MEP-Lamar | NGPL-TXOK East | REX E-MidW | REX E-NGPL | REX-Z3 Del Pool | Rover-ANR | Rover-PEPL | TGP-Z1 100L | TGP-Z1 Sta-87 | NBPL-Ventura | NNG-Ventura | Consumers | CG-Mainline | TGT-Mainline,0.914221217658679,0.5684720825452191,0.9845006158247721,0.06338172644641357,0.914221217658679,-0.2888188409012966,0.02211884090129667,0.36217655694533935,Global_G01 | Global_G01_S08,2,1,1,Consumers,0.9725153337450766,0.9725153337450766,0.9725153337450766,0.031801770000000285,0.9725153337450766,-0.32104999999999984,0.05434999999999985,1.70902437191387,Parent,Global_G01,33,Carthage | EGT-Flex | Gulf S. Pool 16 | Lebanon | Michcon | Moss Bluff Inter | NGPL-AM Pool | NGPL-MidAm | NNG-Demarc | REX E-ANR | TETCO-M1 24 | TGP-800L | Trunkline-Z1A | Union-Dawn | Chicago | NGPL-Nicor | NGPL-Nipsco | PGLC | Bennington | MEP-Lamar | NGPL-TXOK East | REX E-MidW | REX E-NGPL | REX-Z3 Del Pool | Rover-ANR | Rover-PEPL | TGP-Z1 100L | TGP-Z1 Sta-87 | NBPL-Ventura | NNG-Ventura | Consumers | CG-Mainline | TGT-Mainline,0.914221217658679,-0.2888188409012966,0.02211884090129667,0.06338172644641357,0.36217655694533935,0.331109492897996,Higher than own-history expected value,Higher than peer-implied value,True,True,0.3462948109771694,-0.8151279999999996,0.015127999999999753,-1.0226919999999993,0.22269199999999956,-1.2302559999999994,0.4302559999999994,1.3073274037927216,2.614654807585443,2.0917238460683545,-0.37167950878438694,-0.2059581730182063,-0.45454017666747726,-0.12309750513511594,-0.42139590951424116,-0.15624177228835207,0.7296271530194018,In-family,history=Higher than own-history expected value; peers=Higher than peer-implied value; parent peers=33; peer model trusted; history/peer direction agree; pattern=in-line transition; historical check type=forward_transition; current month name=August; mark month name=September; current transition=-0.07; transition mean=-0.07; transition delta=+0.00; transition magnitude delta=-0.00; component current-month sd=0.07; component historical month sd=0.18; transition degree scale source=current-month; actual-to-date z=0.15; mark z=0.10; transition z=0.01; pattern years=25,,,False,,0
Consumers,Global_G01,1,regular,Global_G01_S08,8,supergroup,Midwest,Midwest - Demand,3,Global_G01,Global_G01_S08,Consumers,GLOBAL,Summer,,Cons Energy CG FDt Com,,Consumers city-gate,,Consumers,62,-0.3568967741935483,0.148792224994896,0.08129476757438127,-0.3624999999999998,0.1593794999999999,-0.71,-0.10499999999999998,2026-08-06,-0.12260000000000026,-0.3025,0.1593794999999999,-0.3624999999999998,0.05999999999999983,0.36558882156251304,0.3764599587776337,0.3764599587776337,True,forward_transition,,,August,September,-0.16000000000000014,0.2583555596339459,,,-0.24658314786648466,-0.14249999999999985,-0.0452668301730312,-0.09723316982696864,0.09723316982696864,-0.5826916643756264,26,moderate stronger than history,moderate,1.0662501828559166,0.09119170283894606,0.19430890928221853,current-month,Global_G01,34,28,32,Carthage | EGT-Flex | Gulf S. Pool 16 | Lebanon | Michcon | NGPL-AM Pool | NGPL-MidAm | NNG-Demarc | REX E-ANR | TETCO-M1 24 | TGP-800L | Trunkline-Z1A | Union-Dawn | Chicago | NGPL-Nicor | NGPL-Nipsco | PGLC | Bennington | MEP-Lamar | NGPL-TXOK East | REX E-MidW | REX E-NGPL | REX-Z3 Del Pool | Rover-ANR | Rover-PEPL | TGP-Z1 100L | TGP-Z1 Sta-87 | NBPL-Ventura | NNG-Ventura | APC-ACE | CG-Mainline | TGT-Mainline,0.9311012427774634,0.8212762627978563,0.9926620291915002,0.04683877627464201,0.9311012427774634,-0.2622030865693012,-0.0402969134306988,-0.9479230418589091,Global_G01 | Global_G01_S08,2,1,1,APC-ACE,0.9725153337450766,0.9725153337450766,0.9725153337450766,0.031801770000000285,0.9725153337450766,-0.24815000000000015,-0.05434999999999985,-1.70902437191387,Parent,Global_G01,32,Carthage | EGT-Flex | Gulf S. Pool 16 | Lebanon | Michcon | NGPL-AM Pool | NGPL-MidAm | NNG-Demarc | REX E-ANR | TETCO-M1 24 | TGP-800L | Trunkline-Z1A | Union-Dawn | Chicago | NGPL-Nicor | NGPL-Nipsco | PGLC | Bennington | MEP-Lamar | NGPL-TXOK East | REX E-MidW | REX E-NGPL | REX-Z3 Del Pool | Rover-ANR | Rover-PEPL | TGP-Z1 100L | TGP-Z1 Sta-87 | NBPL-Ventura | NNG-Ventura | APC-ACE | CG-Mainline | TGT-Mainline,0.9311012427774634,-0.2622030865693012,-0.0402969134306988,0.04683877627464201,-0.9479230418589091,0.8826123223322238,Higher than own-history expected value,Lower than peer-implied value,True,False,0.9146849497872573,-0.6812589999999996,-0.04374100000000003,-0.8406384999999995,0.11563849999999987,-1.0000179999999994,0.27501799999999976,1.2954228694800631,2.5908457389601263,2.072676591168101,-0.32287910853393265,-0.20152706460466974,-0.3835551304985641,-0.14085104264003828,-0.35928472171271153,-0.16512145142589085,0.9891262093030269,In-family,history=Higher than own-history expected value; peers=Lower than peer-implied value; parent peers=32; peer model trusted; history/peer direction disagree; pattern=moderate stronger than history; historical check type=forward_transition; current month name=August; mark month name=September; current transition=-0.14; transition mean=-0.05; transition delta=-0.10; transition magnitude delta=+0.10; transition degree=moderate; transition degree score=1.07; component current-month sd=0.09; component historical month sd=0.19; transition degree scale source=current-month; actual-to-date z=0.26; mark z=-0.25; transition z=-0.58; pattern years=26,,,False,,0
CG-Mainline,Global_G01,1,regular,Global_G01_S09,9,supergroup,South Central,SouthCentral - Perryville,3,Global_G01,Global_G01_S09,CG-Mainline,GLOBAL,Summer,CG-MAINLINE,Col Gulf Mnline FDt Com,,"Columbia Gulf, mainline",,CG-Mainline,62,-0.3981322580645162,0.10085368036912624,0.07369200859759176,-0.4049999999999998,0.06671699999999924,-0.6400000000000001,-0.20000000000000018,2026-08-06,-0.2742,-0.3087,0.06671699999999924,-0.4049999999999998,0.09629999999999983,0.8867525482182957,1.4434102252799277,1.4434102252799277,True,forward_transition,,,August,September,-0.25960000000000005,0.021539951292251513,,,0.010412582918739166,-0.04909999999999992,-0.04826155772839393,-0.0008384422716059894,0.0008384422716059894,-0.006402620582040203,26,in-line transition,,,0.08363097512285732,0.1622324031006228,current-month,Global_G01,34,28,32,Carthage | EGT-Flex | Gulf S. Pool 16 | Lebanon | Michcon | NGPL-AM Pool | NGPL-MidAm | NNG-Demarc | REX E-ANR | TETCO-M1 24 | TGP-800L | Trunkline-Z1A | Union-Dawn | Chicago | NGPL-Nicor | NGPL-Nipsco | PGLC | Bennington | MEP-Lamar | NGPL-TXOK East | REX E-MidW | REX E-NGPL | REX-Z3 Del Pool | Rover-ANR | Rover-PEPL | TGP-Z1 100L | TGP-Z1 Sta-87 | NBPL-Ventura | NNG-Ventura | APC-ACE | Consumers | TGT-Mainline,0.8644465113757497,0.7256076483219257,0.9460707661196883,0.08348995878638608,0.8644465113757497,-0.3083063357646486,-0.00039366423535136037,0.07323837729896006,Global_G01 | Global_G01_S09,2,1,1,TGT-Mainline,0.9460707661196883,0.9460707661196883,0.9460707661196883,0.04077149999999979,0.9460707661196883,-0.3050000000000001,-0.00369999999999987,-0.09074966582048463,Parent,Global_G01,32,Carthage | EGT-Flex | Gulf S. Pool 16 | Lebanon | Michcon | NGPL-AM Pool | NGPL-MidAm | NNG-Demarc | REX E-ANR | TETCO-M1 24 | TGP-800L | Trunkline-Z1A | Union-Dawn | Chicago | NGPL-Nicor | NGPL-Nipsco | PGLC | Bennington | MEP-Lamar | NGPL-TXOK East | REX E-MidW | REX E-NGPL | REX-Z3 Del Pool | Rover-ANR | Rover-PEPL | TGP-Z1 100L | TGP-Z1 Sta-87 | NBPL-Ventura | NNG-Ventura | APC-ACE | Consumers | TGT-Mainline,0.8644465113757497,-0.3083063357646486,-0.00039366423535136037,0.08348995878638608,0.07323837729896006,0.06331065975490692,Higher than own-history expected value,Lower than peer-implied value,True,False,0.06809383221831446,-0.5384339999999983,-0.2715660000000013,-0.6051509999999976,-0.2048490000000021,-0.6718679999999968,-0.13813200000000286,1.3444385290313772,2.6888770580627543,2.1511016464502033,-0.4205534531443078,-0.1960592183849894,-0.532800570523967,-0.08381210100533018,-0.4879017235721033,-0.1287109479571939,1.4450155184041547,In-family,history=Higher than own-history expected value; peers=Lower than peer-implied value; parent peers=32; peer model trusted; history/peer direction disagree; pattern=in-line transition; historical check type=forward_transition; current month name=August; mark month name=September; current transition=-0.05; transition mean=-0.05; transition delta=-0.00; transition magnitude delta=+0.00; component current-month sd=0.08; component historical month sd=0.16; transition degree scale source=current-month; actual-to-date z=0.02; mark z=0.01; transition z=-0.01; pattern years=26,,,False,,0
TGT-Mainline,Global_G01,1,regular,Global_G01_S09,9,supergroup,South Central,SouthCentral - Perryville,3,Global_G01,Global_G01_S09,TGT-Mainline,GLOBAL,Summer,,Texas Gas Zn 1 FDt Com,ICE Texas Gas Mainline Pool FDt Com,"Texas Gas, zone 1",,TGT-Mainline,62,-0.3552225806451612,0.11357970902158451,0.07468406754693528,-0.3650000000000002,0.1334340000000001,-0.625,-0.16000000000000014,2026-08-06,-0.2088000000000001,-0.2675,0.1334340000000001,-0.3650000000000002,0.0975000000000002,0.7723437698584924,0.7306983227663123,0.7306983227663123,True,forward_transition,,,August,September,-0.20690000000000008,-0.02647383690705735,,,0.0030007931149562423,-0.06059999999999993,-0.06477108618154877,0.004171086181548836,-0.004171086181548836,0.03162748520844443,26,in-line transition,,,0.08496356081677987,0.12613667665693848,current-month,Global_G01,34,28,33,Carthage | EGT-Flex | Gulf S. Pool 16 | Lebanon | Michcon | Moss Bluff Inter | NGPL-AM Pool | NGPL-MidAm | NNG-Demarc | REX E-ANR | TETCO-M1 24 | TGP-800L | Trunkline-Z1A | Union-Dawn | Chicago | NGPL-Nicor | NGPL-Nipsco | PGLC | Bennington | MEP-Lamar | NGPL-TXOK East | REX E-MidW | REX E-NGPL | REX-Z3 Del Pool | Rover-ANR | Rover-PEPL | TGP-Z1 100L | TGP-Z1 Sta-87 | NBPL-Ventura | NNG-Ventura | APC-ACE | Consumers | CG-Mainline,0.918859209193629,0.8174643028051909,0.9928817308190435,0.055938719547041126,0.918859209193629,-0.27442583758943445,0.006925837589434439,0.2559378905911502,Global_G01 | Global_G01_S09,2,1,1,CG-Mainline,0.9460707661196883,0.9460707661196883,0.9460707661196883,0.04077149999999979,0.9460707661196883,-0.2711999999999999,0.00369999999999987,0.09074966582048463,Parent,Global_G01,33,Carthage | EGT-Flex | Gulf S. Pool 16 | Lebanon | Michcon | Moss Bluff Inter | NGPL-AM Pool | NGPL-MidAm | NNG-Demarc | REX E-ANR | TETCO-M1 24 | TGP-800L | Trunkline-Z1A | Union-Dawn | Chicago | NGPL-Nicor | NGPL-Nipsco | PGLC | Bennington | MEP-Lamar | NGPL-TXOK East | REX E-MidW | REX E-NGPL | REX-Z3 Del Pool | Rover-ANR | Rover-PEPL | TGP-Z1 100L | TGP-Z1 Sta-87 | NBPL-Ventura | NNG-Ventura | APC-ACE | Consumers | CG-Mainline,0.918859209193629,-0.27442583758943445,0.006925837589434439,0.055938719547041126,0.2559378905911502,0.2351708877512698,Higher than own-history expected value,Higher than peer-implied value,True,True,0.24533475281644904,-0.6318680000000004,-0.098132,-0.7653020000000006,0.03530200000000011,-0.8987360000000006,0.16873600000000022,1.3040238268986397,2.6080476537972794,2.0864381230378237,-0.34737126072497676,-0.20148041445389214,-0.42031668386051907,-0.12853499131834983,-0.39113851460630217,-0.15771316057256674,0.7707847817860768,In-family,history=Higher than own-history expected value; peers=Higher than peer-implied value; parent peers=33; peer model trusted; history/peer direction agree; pattern=in-line transition; historical check type=forward_transition; current month name=August; mark month name=September; current transition=-0.06; transition mean=-0.06; transition delta=+0.00; transition magnitude delta=-0.00; component current-month sd=0.08; component historical month sd=0.13; transition degree scale source=current-month; actual-to-date z=-0.03; mark z=0.00; transition z=0.03; pattern years=26,,,False,,0
MountainWest-North,Global_G02,2,regular,Global_G02_S01,1,regular,Rockies,Mountain - WesTex,3,Global_G02,Global_G02_S01,MountainWest-North,GLOBAL,Summer,,MountainWest FDt Com,ICE MountainWest North Pool FDt Com,,,MountainWest-North,60,-1.097333333333333,0.7227111542167995,0.2198160526878939,-1.0525,0.9451574999999999,-2.51,-0.20500000000000007,2026-08-05,-0.43999999999999995,,0.9451574999999999,-1.0525,,,,,False,forward_transition,,,August,September,-0.21499999999999986,,,,,,,,,,26,,,,,,,Global_G02,15,14,14,NWP-Rocky Mtn | NWP-Wyoming | Ruby-Rec Pool | EP-SJ Blanco Pool | EP-SJ Bondad Stn | TW-Blanco | KRGT-Rec Pool | White River Hub | CIG-Mainline | Cheyenne | CIG-Mainline South | REX Cheyenne Comp Pool | KRGT-Del Pool | PG&E-Topock,0.9941662813753405,0.9809354666829229,0.998864822805254,0.056512497518684125,0.9941662813753405,-0.461245878381403,,,Global_G02 | Global_G02_S01,4,3,3,NWP-Rocky Mtn | NWP-Wyoming | Ruby-Rec Pool,0.9982736207259001,0.9971187989861424,0.998864822805254,0.040365826781732644,0.9982736207259001,-0.41449717702817784,,,OwnHistoryOnly,,0,,,,,,,,,,False,False,0.0,-2.9428149999999995,0.8378149999999998,-3.8879725,1.7829724999999998,-4.83313,2.7281299999999993,,,,,,,,,,0.0,No forward mark,No forward mark,,,False,,-1
NWP-Rocky Mtn,Global_G02,2,regular,Global_G02_S01,1,regular,Rockies,Mountain - Opal,3,Global_G02,Global_G02_S01,NWP-Rocky Mtn,GLOBAL,Summer,NWP-ROCKY MTN,Northwest Rocky Mountain Pool FDt Com,,"Northwest, Rocky Mountains",,NWP-Rocky Mtn,60,-1.0611766666666667,0.7147732185963593,0.22247989545298574,-0.9983000000000002,0.9421922999999999,-2.4089,-0.14939999999999998,2026-08-06,-0.3104,-0.3695,0.9421922999999999,-0.9983000000000002,0.6288000000000002,0.96768688119702,0.66737968459305,0.66737968459305,True,forward_transition,,,August,September,-0.2299,0.0006594555574590021,,,0.4451774730753037,-0.1396,-0.227820641926939,0.08822064192693899,-0.08822064192693899,0.181627819333604,12,mild weaker than history,mild,0.636883158491252,0.13851935123536596,0.29029616675292297,current-month,Global_G02,15,13,14,MountainWest-North | NWP-Wyoming | Ruby-Rec Pool | EP-SJ Blanco Pool | EP-SJ Bondad Stn | TW-Blanco | KRGT-Rec Pool | White River Hub | CIG-Mainline | Cheyenne | CIG-Mainline South | REX Cheyenne Comp Pool | KRGT-Del Pool | PG&E-Topock,0.9933065871264184,0.978631605299845,0.9988648228052539,0.05314464892569908,0.9933065871264184,-0.4182193459524527,0.04871934595245257,1.13553434738705,Global_G02 | Global_G02_S01,4,2,3,MountainWest-North | NWP-Wyoming | Ruby-Rec Pool,0.9977971733975927,0.9961385098282188,0.9988648228052539,0.027408030361850754,0.9977971733975927,-0.37399492433477916,0.004494924334779147,0.0835202459601933,Subgroup,Global_G02 | Global_G02_S01,3,MountainWest-North | NWP-Wyoming | Ruby-Rec Pool,0.9977971733975927,-0.37399492433477916,0.004494924334779147,0.027408030361850754,0.0835202459601933,0.08333626534055259,Higher than own-history expected value,Higher than peer-implied value,True,True,0.08342820493482336,-2.8826846,0.8860845999999996,-3.8248768999999996,1.8282768999999994,-4.7670692,2.770469199999999,1.251379045393609,2.502758090787218,2.002206472629774,-0.408292759205111,-0.3396970894644473,-0.4425905940754429,-0.30539925459411543,-0.4288714601273101,-0.3191183885422482,0.6725740916703272,In-family,history=Higher than own-history expected value; peers=Higher than peer-implied value; subgroup peers=3; peer model trusted; history/peer direction agree; pattern=mild weaker than history; historical check type=forward_transition; current month name=August; mark month name=September; current transition=-0.14; transition mean=-0.23; transition delta=+0.09; transition magnitude delta=-0.09; transition degree=mild; transition degree score=0.64; component current-month sd=0.14; component historical month sd=0.29; transition degree scale source=current-month; actual-to-date z=0.00; mark z=0.45; transition z=0.18; pattern years=12,,,False,,0
NWP-Wyoming,Global_G02,2,regular,Global_G02_S01,1,regular,Rockies,Mountain - WesTex,3,Global_G02,Global_G02_S01,NWP-Wyoming,GLOBAL,Summer,,NW S of Grn Rvr FDt Com,,"Northwest, Wyoming Pool",,NWP-Wyoming,62,-1.0491129032258066,0.7181530980854944,0.22168391197964973,-0.99,0.9340379999999998,-2.525,-0.05500000000000016,2026-08-06,-0.05500000000000016,-0.3695,0.9340379999999998,-0.99,0.6205,0.946334291445054,0.6643198670717896,0.6643198670717896,True,forward_transition,,,August,September,-0.21499999999999986,0.0799221889905277,,,0.2990679122871541,-0.15450000000000014,-0.2437048101469929,0.08920481014699277,-0.08920481014699277,0.17611130703325675,26,mild weaker than history,mild,0.6134695153430215,0.14541033892631797,0.8069306244553127,current-month,Global_G02,15,13,14,MountainWest-North | NWP-Rocky Mtn | Ruby-Rec Pool | EP-SJ Blanco Pool | EP-SJ Bondad Stn | TW-Blanco | KRGT-Rec Pool | White River Hub | CIG-Mainline | Cheyenne | CIG-Mainline South | REX Cheyenne Comp Pool | KRGT-Del Pool | PG&E-Topock,0.9933310839314754,0.9792803550567893,0.9988372403863035,0.05629698492942274,0.9933310839314754,-0.4216678936730408,0.05216789367304063,1.1409040681545726,Global_G02 | Global_G02_S01,4,2,3,MountainWest-North | NWP-Rocky Mtn | Ruby-Rec Pool,0.9979651348936787,0.9966699767354272,0.9988372403863035,0.03808164781934109,0.9979651348936787,-0.37599440198258116,0.006494401982581167,0.08691297868209318,Subgroup,Global_G02 | Global_G02_S01,3,MountainWest-North | NWP-Rocky Mtn | Ruby-Rec Pool,0.9979651348936787,-0.37599440198258116,0.006494401982581167,0.03808164781934109,0.08691297868209318,0.08673612249448653,Higher than own-history expected value,Higher than peer-implied value,True,True,0.08682450555765192,-2.8580759999999996,0.8780759999999996,-3.7921139999999998,1.8121139999999996,-4.726151999999999,2.7461519999999995,1.251273734930493,2.502547469860986,2.002037975888789,-0.42364496768179577,-0.32834383628336655,-0.4712955333810103,-0.280693270584152,-0.45223530710132454,-0.2997534968638378,0.6699696862930523,In-family,history=Higher than own-history expected value; peers=Higher than peer-implied value; subgroup peers=3; peer model trusted; history/peer direction agree; pattern=mild weaker than history; historical check type=forward_transition; current month name=August; mark month name=September; current transition=-0.15; transition mean=-0.24; transition delta=+0.09; transition magnitude delta=-0.09; transition degree=mild; transition degree score=0.61; component current-month sd=0.15; component historical month sd=0.81; transition degree scale source=current-month; actual-to-date z=0.08; mark z=0.30; transition z=0.18; pattern years=26,,,False,,0
Ruby-Rec Pool,Global_G02,2,regular,Global_G02_S01,1,regular,Rockies,Mountain - Opal,3,Global_G02,Global_G02_S01,Ruby-Rec Pool,GLOBAL,Summer,,,ICE Ruby Receipt Pool FDt Com,,Opal,Ruby-Rec Pool,61,-1.0408262295081967,0.7493569247253807,0.20042521067332403,-1.0250000000000001,1.0526460000000002,-2.4368000000000003,-0.019600000000000062,2026-08-06,-0.019600000000000062,-0.3695,1.0526460000000002,-1.0250000000000001,0.6555000000000002,0.8958697882911002,0.6227164687843777,0.6227164687843777,True,forward_transition,,,August,September,-0.1349999999999998,-0.14157129388903114,,,-0.5737252387593851,-0.2345000000000002,-0.18196989992082077,-0.05253010007917944,0.05253010007917944,-0.07321116896146654,9,slight stronger than history,slight,0.4579670307407757,0.11470279857091545,0.5101550167863035,current-month,Global_G02,15,13,14,MountainWest-North | NWP-Rocky Mtn | NWP-Wyoming | EP-SJ Blanco Pool | EP-SJ Bondad Stn | TW-Blanco | KRGT-Rec Pool | White River Hub | CIG-Mainline | Cheyenne | CIG-Mainline South | REX Cheyenne Comp Pool | KRGT-Del Pool | PG&E-Topock,0.9916811012901681,0.9810334770213954,0.9971187989861424,0.07398332450677864,0.9916811012901681,-0.4078137507222688,0.03831375072226875,0.7513097432425708,Global_G02 | Global_G02_S01,4,2,3,MountainWest-North | NWP-Rocky Mtn | NWP-Wyoming,0.9966424285165961,0.9961385098282188,0.9971187989861424,0.06222065763339567,0.9966424285165961,-0.3584994666151708,-0.011000533384829191,-0.17060335217114397,Subgroup,Global_G02 | Global_G02_S01,3,MountainWest-North | NWP-Rocky Mtn | NWP-Wyoming,0.9966424285165961,-0.3584994666151708,-0.011000533384829191,0.06222065763339567,-0.17060335217114397,0.17003053922092104,Higher than own-history expected value,Lower than peer-implied value,True,False,0.17031670488403744,-3.1302920000000007,1.0802920000000003,-4.182938000000001,2.1329380000000002,-5.235584000000001,3.1855840000000004,1.2521037813591283,2.5042075627182565,2.003366050174605,-0.4364061873165972,-0.2805927459137444,-0.5143129080180237,-0.20268602521231793,-0.4831502197374531,-0.23384871349288852,0.6455877790493258,In-family,history=Higher than own-history expected value; peers=Lower than peer-implied value; subgroup peers=3; peer model trusted; history/peer direction disagree; pattern=slight stronger than history; historical check type=forward_transition; current month name=August; mark month name=September; current transition=-0.23; transition mean=-0.18; transition delta=-0.05; transition magnitude delta=+0.05; transition degree=slight; transition degree score=0.46; component current-month sd=0.11; component historical month sd=0.51; transition degree scale source=current-month; actual-to-date z=-0.14; mark z=-0.57; transition z=-0.07; pattern years=9,,,False,,0
EP-SJ Blanco Pool,Global_G02,2,regular,Global_G02_S02,2,supergroup,South Central,Mountain - WesTex,3,Global_G02,Global_G02_S02,EP-SJ Blanco Pool,GLOBAL,Summer,,El Paso SanJuan FDt Com,,"El Paso, San Juan",,EP-SJ Blanco Pool,62,-1.0496612903225804,0.7313261465142327,0.26758477028713246,-0.9675,0.9525705000000004,-2.635,-0.1200000000000001,2026-08-06,-0.31400000000000006,-0.47,0.9525705000000004,-0.9675,0.49750000000000005,0.7926166636943827,0.5222710550032778,0.5222710550032778,True,forward_transition,,,August,September,-0.252,-0.10611060541798756,,,0.014036137473105696,-0.21799999999999997,-0.2718667825233177,0.053866782523317724,-0.053866782523317724,0.11338031674948951,26,slight weaker than history,slight,0.3959062975560738,0.13605942329242277,0.4569972239712935,current-month,Global_G02,15,13,13,MountainWest-North | NWP-Rocky Mtn | NWP-Wyoming | Ruby-Rec Pool | EP-SJ Bondad Stn | TW-Blanco | KRGT-Rec Pool | White River Hub | CIG-Mainline | Cheyenne | CIG-Mainline South | REX Cheyenne Comp Pool | KRGT-Del Pool,0.9912580617275764,0.9854381279921961,0.9989825194275433,0.062222412672138454,0.9912580617275764,-0.4593742731324797,-0.010625726867520249,-0.122693667851014,Global_G02 | Global_G02_S02,3,2,2,EP-SJ Bondad Stn | TW-Blanco,0.9987875794294344,0.9985926394313255,0.9989825194275433,0.02409116486670765,0.9987875794294344,-0.48249756029207147,0.012497560292071514,0.4214744466501924,Subgroup,Global_G02 | Global_G02_S02,2,EP-SJ Bondad Stn | TW-Blanco,0.9987875794294344,-0.48249756029207147,0.012497560292071514,0.02409116486670765,0.4214744466501924,0.42096344236110594,Higher than own-history expected value,Higher than peer-implied value,False,True,0.0,-2.8726410000000007,0.9376410000000008,-3.8252115000000018,1.8902115000000015,-4.777782000000002,2.8427820000000015,1.2507584525989766,2.501516905197953,2.0012135241583624,-0.5126297883820615,-0.45236533220208136,-0.5427620164720517,-0.4222331041120913,-0.5307091252360556,-0.4342859953480873,0.5222710550032778,In-family,history=Higher than own-history expected value; peers=Higher than peer-implied value; subgroup peers=2; peer model untrusted; pattern=slight weaker than history; historical check type=forward_transition; current month name=August; mark month name=September; current transition=-0.22; transition mean=-0.27; transition delta=+0.05; transition magnitude delta=-0.05; transition degree=slight; transition degree score=0.40; component current-month sd=0.14; component historical month sd=0.46; transition degree scale source=current-month; actual-to-date z=-0.11; mark z=0.01; transition z=0.11; pattern years=26,,,False,,0
EP-SJ Bondad Stn,Global_G02,2,regular,Global_G02_S02,2,supergroup,South Central,Mountain - WesTex,3,Global_G02,Global_G02_S02,EP-SJ Bondad Stn,GLOBAL,Summer,,El Paso Bondad FDt Com,,,,EP-SJ Bondad Stn,62,-1.0521629032258064,0.7424113874890391,0.2896349481146895,-0.9950000000000001,0.9643571699999999,-2.7249999999999996,-0.10499999999999998,2026-08-06,-0.3441000000000001,-0.47,0.9643571699999999,-0.9950000000000001,0.5250000000000001,0.7841513654508719,0.5444041028906336,0.5444041028906336,True,forward_transition,,,August,September,-0.25705,-0.0507483684433171,,,0.06176703088692301,-0.21294999999999997,-0.25278023065730165,0.03983023065730168,-0.03983023065730168,0.08812264657054408,26,slight weaker than history,slight,0.2555657348490942,0.15585121644269148,0.4981067064821021,current-month,Global_G02,15,13,13,MountainWest-North | NWP-Rocky Mtn | NWP-Wyoming | Ruby-Rec Pool | EP-SJ Blanco Pool | TW-Blanco | KRGT-Rec Pool | White River Hub | CIG-Mainline | Cheyenne | CIG-Mainline South | REX Cheyenne Comp Pool | KRGT-Del Pool,0.9886094348549042,0.9810072581792854,0.9989825194275433,0.06676657812722205,0.9886094348549042,-0.45949646614068407,-0.010503533859315923,-0.24109761477952144,Global_G02 | Global_G02_S02,3,2,2,EP-SJ Blanco Pool | TW-Blanco,0.9986711846144956,0.9983598498014478,0.9989825194275433,0.02779586125517985,0.9986711846144956,-0.4849953237639497,0.014995323763949776,0.4045682925657619,Subgroup,Global_G02 | Global_G02_S02,2,EP-SJ Blanco Pool | TW-Blanco,0.9986711846144956,-0.4849953237639497,0.014995323763949776,0.02779586125517985,0.4045682925657619,0.40403069599411323,Higher than own-history expected value,Higher than peer-implied value,False,True,0.0,-2.92371434,0.9337143399999996,-3.8880715099999996,1.8980715099999994,-4.852428679999999,2.8624286799999994,1.2508313382290193,2.5016626764580385,2.001330141166431,-0.5197632580949945,-0.45022738943290497,-0.5545311924260392,-0.4154594551018602,-0.5406240186936213,-0.4293666288342781,0.5444041028906336,In-family,history=Higher than own-history expected value; peers=Higher than peer-implied value; subgroup peers=2; peer model untrusted; pattern=slight weaker than history; historical check type=forward_transition; current month name=August; mark month name=September; current transition=-0.21; transition mean=-0.25; transition delta=+0.04; transition magnitude delta=-0.04; transition degree=slight; transition degree score=0.26; component current-month sd=0.16; component historical month sd=0.50; transition degree scale source=current-month; actual-to-date z=-0.05; mark z=0.06; transition z=0.09; pattern years=26,,,False,,0
TW-Blanco,Global_G02,2,regular,Global_G02_S02,2,supergroup,South Central,Mountain - WesTex,3,Global_G02,Global_G02_S02,TW-Blanco,GLOBAL,Summer,,Transwestern-SJ FDt Com,,"Transwestern, San Juan Basin",,TW-Blanco,62,-1.0188645161290324,0.7423534819497223,0.2922233723442776,-0.96,0.9933419999999998,-2.695,-0.03000000000000025,2026-08-06,-0.34460000000000024,-0.47,0.9933419999999998,-0.96,0.49,0.7393573674464231,0.4932842867813906,0.4932842867813906,True,forward_transition,,,August,September,-0.2573000000000001,-0.19140601016216513,,,-0.09007328455743308,-0.2126999999999999,-0.2855393240280042,0.0728393240280043,-0.0728393240280043,0.14663777000339207,16,mild weaker than history,mild,0.5370477995315736,0.13562912666532956,0.30990115253121586,current-month,Global_G02,15,13,13,MountainWest-North | NWP-Rocky Mtn | NWP-Wyoming | Ruby-Rec Pool | EP-SJ Blanco Pool | EP-SJ Bondad Stn | KRGT-Rec Pool | White River Hub | CIG-Mainline | Cheyenne | CIG-Mainline South | REX Cheyenne Comp Pool | KRGT-Del Pool,0.988434334815714,0.9810115118292476,0.9985926394313255,0.06646199035003772,0.988434334815714,-0.43212426306897117,-0.0378757369310288,-0.6583186301836499,Global_G02 | Global_G02_S02,3,2,2,EP-SJ Blanco Pool | EP-SJ Bondad Stn,0.9984762446163866,0.9983598498014479,0.9985926394313255,0.033358067924240446,0.9984762446163866,-0.4425002914311072,-0.027499708568892795,-0.8262531460347171,Subgroup,Global_G02 | Global_G02_S02,2,EP-SJ Blanco Pool | EP-SJ Bondad Stn,0.9984762446163866,-0.4425002914311072,-0.027499708568892795,0.033358067924240446,-0.8262531460347171,0.8249941383552192,Higher than own-history expected value,Lower than peer-implied value,False,False,0.0,-2.9466839999999994,1.0266839999999997,-3.9400259999999996,2.0200259999999997,-4.933368,3.0133679999999994,1.2509534368566286,2.5019068737132573,2.0015254989706057,-0.48422968114783266,-0.40077090171438173,-0.5259590708645581,-0.3590415119976563,-0.5092673149778679,-0.37573326788434647,0.4932842867813906,In-family,history=Higher than own-history expected value; peers=Lower than peer-implied value; subgroup peers=2; peer model untrusted; pattern=mild weaker than history; historical check type=forward_transition; current month name=August; mark month name=September; current transition=-0.21; transition mean=-0.29; transition delta=+0.07; transition magnitude delta=-0.07; transition degree=mild; transition degree score=0.54; component current-month sd=0.14; component historical month sd=0.31; transition degree scale source=current-month; actual-to-date z=-0.19; mark z=-0.09; transition z=0.15; pattern years=16,,,False,,0
KRGT-Rec Pool,Global_G02,2,regular,Global_G02_S03,3,supergroup,Rockies,Mountain - Rockies,3,Global_G02,Global_G02_S03,KRGT-Rec Pool,GLOBAL,Summer,,Kern River Opal FDt Com,ICE Kern River receipt FDt Com,,Opal,KRGT-Rec Pool,62,-1.0113241935483874,0.7290774284108591,0.21095675857642257,-0.9100000000000001,0.9229185000000003,-2.58,-0.02210000000000001,2026-08-06,-0.02210000000000001,-0.4175,0.9229185000000003,-0.9100000000000001,0.49250000000000016,0.8144871455460119,0.5336332514734508,0.5336332514734508,True,forward_transition,,,August,September,-0.1299999999999999,-0.08026109989088427,,,-0.20592586330983353,-0.2875000000000001,-0.24158452140020842,-0.04591547859979167,0.04591547859979167,-0.06805488138309096,26,slight stronger than history,slight,0.36792002834446974,0.12479744254858212,0.9062739950354082,current-month,Global_G02,15,13,13,MountainWest-North | NWP-Rocky Mtn | NWP-Wyoming | Ruby-Rec Pool | EP-SJ Blanco Pool | EP-SJ Bondad Stn | TW-Blanco | White River Hub | CIG-Mainline | Cheyenne | CIG-Mainline South | REX Cheyenne Comp Pool | KRGT-Del Pool,0.9949751959187156,0.9876404791476461,0.9986173550975483,0.051077210809153166,0.9949751959187156,-0.41618655887062955,-0.001313441129370488,-0.11133188564032988,Global_G02 | Global_G02_S03,2,1,1,White River Hub,0.9977982728742176,0.9977982728742176,0.9977982728742176,0.037065000000000195,0.9977982728742176,-0.47,0.05249999999999999,1.4164305949008422,Parent,Global_G02,13,MountainWest-North | NWP-Rocky Mtn | NWP-Wyoming | Ruby-Rec Pool | EP-SJ Blanco Pool | EP-SJ Bondad Stn | TW-Blanco | White River Hub | CIG-Mainline | Cheyenne | CIG-Mainline South | REX Cheyenne Comp Pool | KRGT-Del Pool,0.9949751959187156,-0.41618655887062955,-0.001313441129370488,0.051077210809153166,-0.11133188564032988,0.11077246472698726,Higher than own-history expected value,Lower than peer-implied value,True,False,0.11105182292552618,-2.7558370000000005,0.9358370000000005,-3.678755500000001,1.858755500000001,-4.601674000000001,2.781674000000001,1.2531523876356303,2.5063047752712606,2.005043820217008,-0.48019408754988824,-0.35217903019137087,-0.544201616229147,-0.2881715015121121,-0.5185986047574435,-0.31377451298381565,0.5450660092623733,In-family,history=Higher than own-history expected value; peers=Lower than peer-implied value; parent peers=13; peer model trusted; history/peer direction disagree; pattern=slight stronger than history; historical check type=forward_transition; current month name=August; mark month name=September; current transition=-0.29; transition mean=-0.24; transition delta=-0.05; transition magnitude delta=+0.05; transition degree=slight; transition degree score=0.37; component current-month sd=0.12; component historical month sd=0.91; transition degree scale source=current-month; actual-to-date z=-0.08; mark z=-0.21; transition z=-0.07; pattern years=26,,,False,,0
White River Hub,Global_G02,2,regular,Global_G02_S03,3,supergroup,South Central,Mountain - WesTex,3,Global_G02,Global_G02_S03,White River Hub,GLOBAL,Summer,,White River Hub FDt Com,ICE Waha Hub West Texas FDt Com,White River Hub,,White River Hub,62,-1.0423983870967741,0.7082879618365696,0.21375868780478105,-0.9199999999999999,0.859908,-2.51,-0.17000000000000037,2026-08-06,-0.2937000000000003,-0.5,0.859908,-0.9199999999999999,0.41999999999999993,0.7657879511185695,0.48842434306925847,0.48842434306925847,True,forward_transition,,,August,September,-0.25685,-0.10565137186042332,,,-0.2609174163837655,-0.24314999999999998,-0.23381130373547548,-0.009338696264524493,0.009338696264524493,-0.02157737815607553,15,in-line transition,,,0.11611495022892905,0.25634292020905286,current-month,Global_G02,15,13,13,MountainWest-North | NWP-Rocky Mtn | NWP-Wyoming | Ruby-Rec Pool | EP-SJ Blanco Pool | EP-SJ Bondad Stn | TW-Blanco | KRGT-Rec Pool | CIG-Mainline | Cheyenne | CIG-Mainline South | REX Cheyenne Comp Pool | KRGT-Del Pool,0.9950156360805138,0.9869999060528275,0.9986086731652,0.053106599278310664,0.9950156360805138,-0.44112371418259133,-0.058876285817408655,-1.4821190921130163,Global_G02 | Global_G02_S03,2,1,1,KRGT-Rec Pool,0.9977982728742175,0.9977982728742175,0.9977982728742175,0.037065000000000195,0.9977982728742175,-0.4475,-0.05249999999999999,-1.4164305949008422,Parent,Global_G02,13,MountainWest-North | NWP-Rocky Mtn | NWP-Wyoming | Ruby-Rec Pool | EP-SJ Blanco Pool | EP-SJ Bondad Stn | TW-Blanco | KRGT-Rec Pool | CIG-Mainline | Cheyenne | CIG-Mainline South | REX Cheyenne Comp Pool | KRGT-Del Pool,0.9950156360805138,-0.44112371418259133,-0.058876285817408655,0.053106599278310664,-1.4821190921130163,1.4747316711859064,Higher than own-history expected value,Lower than peer-implied value,True,False,1.4784207674435472,-2.6398159999999997,0.7998160000000001,-3.499724,1.6597240000000002,-4.3596319999999995,2.519632,1.2531269216035366,2.506253843207073,2.0050030745656584,-0.5076730234530533,-0.3745744049121293,-0.5742223327235154,-0.30802509564166725,-0.5476026090153305,-0.3346448193498521,1.5570119795656692,Watch,history=Higher than own-history expected value; peers=slightly below peer-implied value; parent peers=13; peer model trusted; peer score v2=1.48 watch; history/peer direction disagree; pattern=in-line transition; historical check type=forward_transition; current month name=August; mark month name=September; current transition=-0.24; transition mean=-0.23; transition delta=-0.01; transition magnitude delta=+0.01; component current-month sd=0.12; component historical month sd=0.26; transition degree scale source=current-month; actual-to-date z=-0.11; mark z=-0.26; transition z=-0.02; pattern years=15,Watch,W,True,White River Hub [Watch],1
CIG-Mainline,Global_G02,2,regular,Global_G02_S04,4,supergroup,Rockies,Mountain - Rockies,3,Global_G02,Global_G02_S04,CIG-Mainline,GLOBAL,Summer,CIG,CIG Rocky Mtns FDt Com,ICE CIG Mainline Pool FDt Com,"CIG, Rockies",,CIG-Mainline,62,-1.0736661290322576,0.7128555710853306,0.2031921634821246,-0.9699999999999998,0.9006795,-2.5349999999999997,-0.14500000000000002,2026-08-06,-0.32230000000000025,-0.5167,0.9006795,-0.9699999999999998,0.4532999999999997,0.7813169337854375,0.5032866852193257,0.5032866852193257,True,forward_transition,,,August,September,-0.2886500000000001,0.42776878239963256,,,0.04416845343700461,-0.22804999999999997,-0.13725850283909757,-0.0907914971609024,0.0907914971609024,-0.3146364789750179,26,mild stronger than history,mild,0.8620571102493712,0.1053195850732427,0.8155077876600374,current-month,Global_G02,15,13,13,MountainWest-North | NWP-Rocky Mtn | NWP-Wyoming | Ruby-Rec Pool | EP-SJ Blanco Pool | EP-SJ Bondad Stn | TW-Blanco | KRGT-Rec Pool | White River Hub | Cheyenne | CIG-Mainline South | REX Cheyenne Comp Pool | KRGT-Del Pool,0.9946657421024517,0.9865805287101425,0.9989967613466659,0.05346722915557598,0.9946657421024517,-0.4630331484944825,-0.0536668515055175,-1.1120084152538894,Global_G02 | Global_G02_S04,2,1,1,Cheyenne,0.9989967613466659,0.9989967613466659,0.9989967613466659,0.03335850000000028,0.9989967613466659,-0.5317000000000002,0.015000000000000124,0.44966050631773014,Parent,Global_G02,13,MountainWest-North | NWP-Rocky Mtn | NWP-Wyoming | Ruby-Rec Pool | EP-SJ Blanco Pool | EP-SJ Bondad Stn | TW-Blanco | KRGT-Rec Pool | White River Hub | Cheyenne | CIG-Mainline South | REX Cheyenne Comp Pool | KRGT-Del Pool,0.9946657421024517,-0.4630331484944825,-0.0536668515055175,0.05346722915557598,-1.1120084152538894,1.1060766755826812,Higher than own-history expected value,Lower than peer-implied value,True,False,1.1090385796553643,-2.7713589999999995,0.8313590000000002,-3.6720384999999998,1.7320385000000003,-4.572718,2.632718,1.2533473087106763,2.5066946174213527,2.005355693937082,-0.5300461562608407,-0.39602014072812436,-0.5970591640271988,-0.3290071329617662,-0.5702539609206556,-0.3558123360683095,1.2178932870670751,In-family,history=Higher than own-history expected value; peers=Lower than peer-implied value; parent peers=13; peer model trusted; history/peer direction disagree; pattern=mild stronger than history; historical check type=forward_transition; current month name=August; mark month name=September; current transition=-0.23; transition mean=-0.14; transition delta=-0.09; transition magnitude delta=+0.09; transition degree=mild; transition degree score=0.86; component current-month sd=0.11; component historical month sd=0.82; transition degree scale source=current-month; actual-to-date z=0.43; mark z=0.04; transition z=-0.31; pattern years=26,,,False,,0
Cheyenne,Global_G02,2,regular,Global_G02_S04,4,supergroup,Rockies,Mountain - Rockies,3,Global_G02,Global_G02_S04,Cheyenne,GLOBAL,Summer,CIG,Cheyenne Hub FDt Com,,Cheyenne Hub,,Cheyenne,62,-1.0629048387096773,0.7013181248700799,0.21106165584564618,-0.9400000000000002,0.8562015000000002,-2.48,-0.18999999999999995,2026-08-06,-0.29510000000000014,-0.5167,0.8562015000000002,-0.9400000000000002,0.4233000000000001,0.7788260695684465,0.49439296707609137,0.49439296707609137,True,forward_transition,,,August,September,-0.28755,0.4248627856239172,,,0.007633814617181672,-0.22915000000000008,-0.13785049382072526,-0.09129950617927482,0.09129950617927482,-0.3003572207310746,26,mild stronger than history,mild,0.9702432819755453,0.09409960148693511,0.6952041092450734,current-month,Global_G02,15,13,13,MountainWest-North | NWP-Rocky Mtn | NWP-Wyoming | Ruby-Rec Pool | EP-SJ Blanco Pool | EP-SJ Bondad Stn | TW-Blanco | KRGT-Rec Pool | White River Hub | CIG-Mainline | CIG-Mainline South | REX Cheyenne Comp Pool | KRGT-Del Pool,0.9939687179152477,0.9854810348350788,0.9989967613466659,0.060343536211974635,0.9939687179152477,-0.45312804001045914,-0.06357195998954086,-1.1055149771635424,Global_G02 | Global_G02_S04,2,1,1,CIG-Mainline,0.9989967613466659,0.9989967613466659,0.9989967613466659,0.03335850000000028,0.9989967613466659,-0.5016999999999999,-0.015000000000000124,-0.44966050631773014,Parent,Global_G02,13,MountainWest-North | NWP-Rocky Mtn | NWP-Wyoming | Ruby-Rec Pool | EP-SJ Blanco Pool | EP-SJ Bondad Stn | TW-Blanco | KRGT-Rec Pool | White River Hub | CIG-Mainline | CIG-Mainline South | REX Cheyenne Comp Pool | KRGT-Del Pool,0.9939687179152477,-0.45312804001045914,-0.06357195998954086,0.060343536211974635,-1.1055149771635424,1.0988473044873506,Higher than own-history expected value,Lower than peer-implied value,True,False,1.1021760987821108,-2.6524030000000005,0.7724030000000002,-3.5086045000000006,1.6286045000000005,-4.364806000000001,2.4848060000000007,1.2537866888797546,2.5075733777595093,2.006058702207607,-0.5287859624729664,-0.3774701175479519,-0.6044438849354736,-0.30181219508544466,-0.5741807159504707,-0.3320753640704476,1.2079803635079729,In-family,history=Higher than own-history expected value; peers=Lower than peer-implied value; parent peers=13; peer model trusted; history/peer direction disagree; pattern=mild stronger than history; historical check type=forward_transition; current month name=August; mark month name=September; current transition=-0.23; transition mean=-0.14; transition delta=-0.09; transition magnitude delta=+0.09; transition degree=mild; transition degree score=0.97; component current-month sd=0.09; component historical month sd=0.70; transition degree scale source=current-month; actual-to-date z=0.42; mark z=0.01; transition z=-0.30; pattern years=26,,,False,,0
CIG-Mainline South,Global_G02,2,regular,Global_G02_S05,5,regular,Rockies,Mountain - Opal,3,Global_G02,Global_G02_S05,CIG-Mainline South,GLOBAL,Summer,CIG,,ICE CIG - Mainline South (sellers' choice) FDt Com,,CIG-Mainline,CIG-Mainline South,61,-1.0976475409836066,0.7236987825531092,0.23261036445033462,-0.9880999999999998,0.9089820600000006,-2.5544,-0.17010000000000014,2026-08-06,-0.3730000000000002,-0.5167,0.9089820600000006,-0.9880999999999998,0.4713999999999997,0.8027477107728495,0.5186020943031586,0.5186020943031586,True,forward_transition,,,August,September,-0.3268000000000002,0.5680517652316938,,,0.29865170048128054,-0.18989999999999985,-0.1686086017990018,-0.02129139820099804,0.02129139820099804,-0.09332155777723412,12,slight stronger than history,slight,0.18029355325386753,0.11809295350132722,0.31476058555363484,current-month,Global_G02,15,13,13,MountainWest-North | NWP-Rocky Mtn | NWP-Wyoming | Ruby-Rec Pool | EP-SJ Blanco Pool | EP-SJ Bondad Stn | TW-Blanco | KRGT-Rec Pool | White River Hub | CIG-Mainline | Cheyenne | REX Cheyenne Comp Pool | KRGT-Del Pool,0.9931023867022587,0.9850930579175194,0.9971449594043389,0.05803836020146115,0.9931023867022587,-0.48456618015426023,-0.03213381984573991,-0.47843283948946624,Global_G02 | Global_G02_S05,2,1,1,REX Cheyenne Comp Pool,0.9962547524775924,0.9962547524775924,0.9962547524775924,0.03424805999999919,0.9962547524775924,-0.5579000000000003,0.041200000000000236,1.2029878480708458,Parent,Global_G02,13,MountainWest-North | NWP-Rocky Mtn | NWP-Wyoming | Ruby-Rec Pool | EP-SJ Blanco Pool | EP-SJ Bondad Stn | TW-Blanco | KRGT-Rec Pool | White River Hub | CIG-Mainline | Cheyenne | REX Cheyenne Comp Pool | KRGT-Del Pool,0.9931023867022587,-0.48456618015426023,-0.03213381984573991,0.05803836020146115,-0.47843283948946624,0.47513279477372755,Higher than own-history expected value,Lower than peer-implied value,True,False,0.47677996197214534,-2.806064120000001,0.8298641200000014,-3.7150461800000016,1.7388461800000021,-4.624028240000002,2.6478282400000026,1.2543334390315084,2.508666878063017,2.0069335024504134,-0.5573656361015085,-0.41176672420701205,-0.6301650920487566,-0.33896726825976387,-0.6010453096698574,-0.3680870506386631,0.704462393853485,In-family,history=Higher than own-history expected value; peers=Lower than peer-implied value; parent peers=13; peer model trusted; history/peer direction disagree; pattern=slight stronger than history; historical check type=forward_transition; current month name=August; mark month name=September; current transition=-0.19; transition mean=-0.17; transition delta=-0.02; transition magnitude delta=+0.02; transition degree=slight; transition degree score=0.18; component current-month sd=0.12; component historical month sd=0.31; transition degree scale source=current-month; actual-to-date z=0.57; mark z=0.30; transition z=-0.09; pattern years=12,,,False,,0
REX Cheyenne Comp Pool,Global_G02,2,regular,Global_G02_S05,5,regular,Rockies,Mountain - Rockies,3,Global_G02,Global_G02_S05,REX Cheyenne Comp Pool,GLOBAL,Summer,,,ICE REX Cheyenne Comp Pool FDt Com,,Cheyenne,REX Cheyenne Comp Pool,61,-1.0640016393442626,0.7245039775579343,0.22068724414612992,-0.9197000000000002,0.84834372,-2.5583,-0.17540000000000022,2026-08-06,-0.2796000000000003,-0.53,0.84834372,-0.9197000000000002,0.38970000000000016,0.7370582576291814,0.4593656920098379,0.4593656920098379,True,forward_transition,,,August,September,-0.27275000000000005,0.7066693912387626,,,-0.8366161253590907,-0.25725,-0.07007604833363905,-0.18717395166636092,0.18717395166636092,-1.169568642277307,5,very stronger than history,very strong,2.005564142484568,0.09332733254518742,0.19262173409091146,current-month,Global_G02,15,13,13,MountainWest-North | NWP-Rocky Mtn | NWP-Wyoming | Ruby-Rec Pool | EP-SJ Blanco Pool | EP-SJ Bondad Stn | TW-Blanco | KRGT-Rec Pool | White River Hub | CIG-Mainline | Cheyenne | CIG-Mainline South | KRGT-Del Pool,0.9932071315509816,0.9848982570239914,0.9988198086909627,0.06084582632918749,0.9932071315509816,-0.4545749882227185,-0.07542501177728154,-1.2358251016455424,Global_G02 | Global_G02_S05,2,1,1,CIG-Mainline South,0.9962547524775924,0.9962547524775924,0.9962547524775924,0.03424805999999919,0.9962547524775924,-0.4887999999999998,-0.041200000000000236,-1.2029878480708458,Parent,Global_G02,13,MountainWest-North | NWP-Rocky Mtn | NWP-Wyoming | Ruby-Rec Pool | EP-SJ Blanco Pool | EP-SJ Bondad Stn | TW-Blanco | KRGT-Rec Pool | White River Hub | CIG-Mainline | Cheyenne | CIG-Mainline South | KRGT-Del Pool,0.9932071315509816,-0.4545749882227185,-0.07542501177728154,0.06084582632918749,-1.2358251016455424,1.2274303043040695,Higher than own-history expected value,Lower than peer-implied value,True,False,1.2316205505671767,-2.6163874400000005,0.7769874399999999,-3.4647311600000004,1.62533116,-4.31307488,2.47367488,1.2542672955120282,2.5085345910240564,2.006827672819245,-0.530891918255823,-0.378258058189614,-0.6072088482889276,-0.3019411281565094,-0.5766820762756858,-0.33246790016975125,1.314498390860587,In-family,history=Higher than own-history expected value; peers=Lower than peer-implied value; parent peers=13; peer model trusted; history/peer direction disagree; pattern=very stronger than history; historical check type=forward_transition; current month name=August; mark month name=September; current transition=-0.26; transition mean=-0.07; transition delta=-0.19; transition magnitude delta=+0.19; transition degree=very strong; transition degree score=2.01; component current-month sd=0.09; component historical month sd=0.19; transition degree scale source=current-month; actual-to-date z=0.71; mark z=-0.84; transition z=-1.17; pattern years=5,,,False,,0
KRGT-Del Pool,Global_G02,2,regular,Global_G02_S06,6,regular,Rockies,West - California,3,Global_G02,Global_G02_S06,KRGT-Del Pool,GLOBAL,Summer,,Kern River Dlvd FDt Com,,"Kern River, delivered",,KRGT-Del Pool,62,-0.8548419354838709,0.8300072732346518,0.24222199342413286,-0.885,1.0563525,-2.5149999999999997,0.42500000000000027,2026-08-06,0.42479999999999984,0.1,1.0563525,-0.885,0.985,1.1504018895674508,0.9324538920483456,0.9324538920483456,True,forward_transition,,,August,September,0.1299999999999999,-0.5774484164196463,,,0.3693926065586981,-0.029999999999999888,-0.7808980200755006,0.7508980200755007,-0.7508980200755007,0.7604870524039516,20,very strong weaker than history,very strong,4.895059074794309,0.15339917426983318,1.0896879903408998,current-month,Global_G02,15,13,14,MountainWest-North | NWP-Rocky Mtn | NWP-Wyoming | Ruby-Rec Pool | EP-SJ Blanco Pool | EP-SJ Bondad Stn | TW-Blanco | KRGT-Rec Pool | White River Hub | CIG-Mainline | Cheyenne | CIG-Mainline South | REX Cheyenne Comp Pool | PG&E-Topock,0.9874884261985469,0.9810072581792854,0.9925681906780174,0.10707885660637506,0.9874884261985469,-0.31811344655268237,0.41811344655268234,4.035525401447678,Global_G02 | Global_G02_S06,2,1,1,PG&E-Topock,0.9878901800991645,0.9878901800991645,0.9878901800991645,0.15389388000000015,0.9878901800991645,0.2669,-0.16690000000000002,-1.0845135622027327,Parent,Global_G02,14,MountainWest-North | NWP-Rocky Mtn | NWP-Wyoming | Ruby-Rec Pool | EP-SJ Blanco Pool | EP-SJ Bondad Stn | TW-Blanco | KRGT-Rec Pool | White River Hub | CIG-Mainline | Cheyenne | CIG-Mainline South | REX Cheyenne Comp Pool | PG&E-Topock,0.9874884261985469,-0.31811344655268237,0.41811344655268234,0.10707885660637506,4.035525401447678,3.9850346275598265,Higher than own-history expected value,Higher than peer-implied value,True,True,4.010200551738811,-2.997705,1.227705,-4.0540575,2.2840575000000003,-5.11041,3.3404100000000003,1.2578938850383323,2.5157877700766647,2.0126302160613316,-0.452807285494738,-0.18341960761062676,-0.5875011244367936,-0.048725768668571146,-0.5336235888599714,-0.10260330424539338,4.117180919751083,Outlier,history=Higher than own-history expected value; peers=very far above peer-implied value; parent peers=14; peer model trusted; peer score v2=4.01 (high); history/peer direction agree; pattern=very strong weaker than history; historical check type=forward_transition; current month name=August; mark month name=September; current transition=-0.03; transition mean=-0.78; transition delta=+0.75; transition magnitude delta=-0.75; transition degree=very strong; transition degree score=4.90; component current-month sd=0.15; component historical month sd=1.09; transition degree scale source=current-month; actual-to-date z=-0.58; mark z=0.37; transition z=0.76; pattern years=20,Outlier,O,True,KRGT-Del Pool [Outlier],2
PG&E-Topock,Global_G02,2,regular,Global_G02_S06,6,regular,Rockies,West - California,3,Global_G02,Global_G02_S06,PG&E-Topock,GLOBAL,Summer,,,ICE PG&E Topock FDt Com,,,PG&E-Topock,61,-1.0621934426229507,0.8095608580930059,0.23774847233761573,-1.1806999999999999,0.9877081200000004,-2.6818999999999997,0.14449999999999985,2026-08-06,0.14449999999999985,0.1,0.9877081200000004,-1.1806999999999999,1.2807,1.43558502242883,1.2966381201766362,1.2966381201766362,True,forward_transition,,,August,September,0.06689999999999996,-0.2729215354354612,,,1.8927250873299453,0.033100000000000046,-0.5229928186911245,0.5560928186911245,-0.48989281869112444,0.8055927722815408,12,opposite transition,,,0.14564875214020875,0.5982971482823073,current-month,Global_G02,15,13,14,MountainWest-North | NWP-Rocky Mtn | NWP-Wyoming | Ruby-Rec Pool | EP-SJ Blanco Pool | EP-SJ Bondad Stn | TW-Blanco | KRGT-Rec Pool | White River Hub | CIG-Mainline | Cheyenne | CIG-Mainline South | REX Cheyenne Comp Pool | KRGT-Del Pool,0.9774762055842589,0.966994987324894,0.9878901800991645,0.14881125185933564,0.9774762055842589,-0.446965430037869,0.546965430037869,3.6494022197178078,Global_G02 | Global_G02_S06,2,1,1,KRGT-Del Pool,0.9878901800991645,0.9878901800991645,0.9878901800991645,0.15389388000000015,0.9878901800991645,-0.06690000000000004,0.16690000000000005,1.0845135622027327,Parent,Global_G02,14,MountainWest-North | NWP-Rocky Mtn | NWP-Wyoming | Ruby-Rec Pool | EP-SJ Blanco Pool | EP-SJ Bondad Stn | TW-Blanco | KRGT-Rec Pool | White River Hub | CIG-Mainline | Cheyenne | CIG-Mainline South | REX Cheyenne Comp Pool | KRGT-Del Pool,0.9774762055842589,-0.446965430037869,0.546965430037869,0.14881125185933564,3.6494022197178078,3.5672038343805346,Higher than own-history expected value,Higher than peer-implied value,True,True,3.608068956017082,-3.1561162400000007,0.794716240000001,-4.143824360000001,1.7824243600000012,-5.1315324800000015,2.770132480000002,1.2643197317611528,2.5286394635223055,2.0229115708178442,-0.6351104320717056,-0.2588204280040324,-0.8232554341055421,-0.07067542597019583,-0.7479974332920074,-0.1459334267837305,3.8339838296567446,Outlier,history=Higher than own-history expected value; peers=very far above peer-implied value; parent peers=14; peer model trusted; peer score v2=3.61 (high); history/peer direction agree; pattern=opposite transition; historical check type=forward_transition; current month name=August; mark month name=September; current transition=+0.03; transition mean=-0.52; transition delta=+0.56; transition magnitude delta=-0.49; component current-month sd=0.15; component historical month sd=0.60; transition degree scale source=current-month; actual-to-date z=-0.27; mark z=1.89; transition z=0.81; pattern years=12,Outlier,O,True,PG&E-Topock [Outlier],2
Eastern Gas-North,Global_G03,3,regular,Global_G03_S01,1,regular,Northeast,Northeast - Appalachia,3,Global_G03,Global_G03_S01,Eastern Gas-North,GLOBAL,Summer,,Eastern Gas North FDt Com,,,,Eastern Gas-North,61,-0.8115573770491803,0.14201097664032447,0.11631112086192867,-0.7949999999999999,0.11860799999999944,-1.0799999999999998,-0.41500000000000004,2026-08-05,-0.7950000000000002,-1.025,0.11860799999999944,-0.7949999999999999,-0.22999999999999998,-1.5030008806390527,-1.9391609334952202,1.9391609334952202,True,forward_transition,,,August,September,-0.9099999999999999,-0.2613105282087747,,,0.007475662114047658,-0.11499999999999999,-0.22835222782192238,0.11335222782192239,-0.11335222782192239,0.6238064304489588,21,very strong weaker than history,very strong,2.1186407071943507,0.053502336397581625,0.6744122682124066,current-month,Global_G03,11,7,10,Rover (receipt) | TCO | TGP-Z4 300L | TGP-Z4 Marcellus | Eastern Gas-South | TETCO-M2 (receipt) | Leidy-Transco | Millennium East Pool | TGP-Z4 Sta-219 | TGP-Z4 Sta-313,0.9394392489809553,0.8270625399304494,0.9863381983160899,0.04520060247057117,0.9394392489809553,-0.9213362799768391,-0.10366372002316086,-2.808123175567285,Global_G03 | Global_G03_S01,3,1,2,Rover (receipt) | TCO,0.8676801203487056,0.8270625399304494,0.9082977007669617,0.05288023788278767,0.8676801203487056,-0.9375000000000001,-0.0874999999999998,-1.686226898691477,Subgroup,Global_G03 | Global_G03_S01,2,Rover (receipt) | TCO,0.8676801203487056,-0.9375000000000001,-0.0874999999999998,0.05288023788278767,-1.686226898691477,1.4631055583918453,Lower than own-history expected value,Lower than peer-implied value,False,True,0.0,-1.0322159999999987,-0.5577840000000011,-1.1508239999999983,-0.4391760000000016,-1.2694319999999977,-0.3205680000000022,1.3419310113765077,2.6838620227530154,2.147089618202412,-1.0084616311038797,-0.8665383688961206,-1.0794232622077593,-0.7955767377922409,-1.0510386097662074,-0.8239613902337928,1.9391609334952202,In-family,history=Lower than own-history expected value; peers=Lower than peer-implied value; subgroup peers=2; peer model untrusted; pattern=very strong weaker than history; historical check type=forward_transition; current month name=August; mark month name=September; current transition=-0.11; transition mean=-0.23; transition delta=+0.11; transition magnitude delta=-0.11; transition degree=very strong; transition degree score=2.12; component current-month sd=0.05; component historical month sd=0.67; transition degree scale source=current-month; actual-to-date z=-0.26; mark z=0.01; transition z=0.62; pattern years=21,,,False,,0
Rover (receipt),Global_G03,3,regular,Global_G03_S01,1,regular,Northeast,Northeast - Appalachia,3,Global_G03,Global_G03_S01,Rover (receipt),GLOBAL,Summer,,,ICE Rover receipts FDt Com,,TETCO-M2 (receipt),Rover (receipt),61,-0.7222836065573772,0.15279986276207608,0.11215971934731209,-0.7281,0.1589347199999996,-1.0261,-0.30909999999999993,2026-08-06,-0.5645000000000002,,0.1589347199999996,-0.7281,,,,,False,forward_transition,,,August,September,-0.6169,,,,,,,,,,6,,,,,,,Global_G03,11,8,10,Eastern Gas-North | TCO | TGP-Z4 300L | TGP-Z4 Marcellus | Eastern Gas-South | TETCO-M2 (receipt) | Leidy-Transco | Millennium East Pool | TGP-Z4 Sta-219 | TGP-Z4 Sta-313,0.8316269280325725,0.7894534286178609,0.8928500559300935,0.06646544796466772,0.8316269280325725,-0.8673038355401326,,,Global_G03 | Global_G03_S01,3,2,2,Eastern Gas-North | TCO,0.8082579842741552,0.7894534286178609,0.8270625399304494,0.07047505427721547,0.8082579842741552,-0.9179633813440095,,,OwnHistoryOnly,,0,,,,,,,,,,False,False,0.0,-1.0459694399999993,-0.41023056000000074,-1.2049041599999988,-0.25129584000000116,-1.3638388799999985,-0.09236112000000152,,,,,,,,,,0.0,No forward mark,No forward mark,,,False,,-1
TCO,Global_G03,3,regular,Global_G03_S01,1,regular,Northeast,Northeast - Appalachia,3,Global_G03,Global_G03_S01,TCO,GLOBAL,Summer,TCO,Col Gas Appal FDt Com,,"Columbia Gas, App.",,TCO,62,-0.663691935483871,0.11033927751895788,0.08530753687098543,-0.6749999999999999,0.11860799999999994,-0.94,-0.31000000000000005,2026-08-06,-0.5889000000000002,-0.7975,0.11860799999999994,-0.6749999999999999,-0.12250000000000005,-1.2126965802648009,-1.0328139754485373,1.0328139754485373,True,forward_transition,,,August,September,-0.76,-0.7283896625801671,,,-0.18032828497230174,-0.03749999999999998,-0.2284544990863423,0.19095449908634232,-0.19095449908634232,0.95176168426177,26,very strong weaker than history,very strong,2.6265484647235637,0.07270168498735077,0.3946073377691944,current-month,Global_G03,11,7,10,Eastern Gas-North | Rover (receipt) | TGP-Z4 300L | TGP-Z4 Marcellus | Eastern Gas-South | TETCO-M2 (receipt) | Leidy-Transco | Millennium East Pool | TGP-Z4 Sta-219 | TGP-Z4 Sta-313,0.8899495028078622,0.7894534286178609,0.927536279132184,0.05974548409775536,0.8899495028078622,-0.789588082217346,-0.007911917782654097,-0.13130384046033647,Global_G03 | Global_G03_S01,3,1,2,Eastern Gas-North | Rover (receipt),0.8488755646924113,0.7894534286178609,0.9082977007669616,0.06857467990976965,0.8488755646924113,-0.8849999999999998,0.0874999999999998,1.6862268986914772,Subgroup,Global_G03 | Global_G03_S01,2,Eastern Gas-North | Rover (receipt),0.8488755646924113,-0.8849999999999998,0.0874999999999998,0.06857467990976965,1.6862268986914772,1.4313968108262611,Lower than own-history expected value,Higher than peer-implied value,False,False,0.0,-0.9122159999999998,-0.43778400000000006,-1.0308239999999997,-0.3191760000000001,-1.1494319999999996,-0.2005680000000002,1.3567130324781005,2.713426064956201,2.1707408519649607,-0.9780361619315985,-0.7919638380684011,-1.0710723238631972,-0.6989276761368025,-1.0338578590905576,-0.736142140909442,1.0328139754485373,In-family,history=Lower than own-history expected value; peers=Higher than peer-implied value; subgroup peers=2; peer model untrusted; pattern=very strong weaker than history; historical check type=forward_transition; current month name=August; mark month name=September; current transition=-0.04; transition mean=-0.23; transition delta=+0.19; transition magnitude delta=-0.19; transition degree=very strong; transition degree score=2.63; component current-month sd=0.07; component historical month sd=0.39; transition degree scale source=current-month; actual-to-date z=-0.73; mark z=-0.18; transition z=0.95; pattern years=26,,,False,,0
TGP-Z4 300L,Global_G03,3,regular,Global_G03_S02,2,supergroup,Northeast,Northeast - Appalachia,3,Global_G03,Global_G03_S02,TGP-Z4 300L,GLOBAL,Summer,,Tennessee zone 4-300 leg FDt Com,,"Tennessee, zone 4-300 leg",,,61,-0.8361475409836063,0.15528574049855892,0.12276476058168306,-0.8599999999999999,0.13343399999999978,-1.0899999999999999,-0.3799999999999999,2026-08-05,-0.8600000000000001,,0.13343399999999978,-0.8599999999999999,,,,,False,forward_transition,,,August,September,-0.925,,,,,,,,,,18,,,,,,,Global_G03,11,8,9,Eastern Gas-North | Rover (receipt) | TCO | Eastern Gas-South | TETCO-M2 (receipt) | Leidy-Transco | Millennium East Pool | TGP-Z4 Sta-219 | TGP-Z4 Sta-313,0.9223527942960781,0.8210762182740012,0.9590777029229034,0.0513163275588121,0.9223527942960781,-0.9626650205691287,,,Global_G03 | Global_G03_S02,2,1,0,,,,,,,,,,OwnHistoryOnly,,0,,,,,,,,,,False,False,0.0,-1.1268679999999995,-0.5931320000000003,-1.2603019999999991,-0.45969800000000055,-1.393735999999999,-0.3262640000000008,,,,,,,,,,0.0,No forward mark,No forward mark,,,False,,-1
TGP-Z4 Marcellus,Global_G03,3,regular,Global_G03_S02,2,supergroup,Northeast,Northeast - Appalachia,3,Global_G03,Global_G03_S02,TGP-Z4 Marcellus,GLOBAL,Summer,,Tennessee zone 4-300 leg FDt Com,,"Tennessee, zone 4-300 leg",,TGP-Z4 Marcellus,61,-0.8361475409836063,0.15528574049855892,0.12276476058168306,-0.8599999999999999,0.13343399999999978,-1.0899999999999999,-0.3799999999999999,2026-08-05,-0.8600000000000001,-0.95,0.13343399999999978,-0.8599999999999999,-0.09000000000000008,-0.7331803850814634,-0.6744907594765969,0.6744907594765969,True,forward_transition,,,August,September,-0.925,-0.11982530067375732,,,0.4201108156777448,-0.02499999999999991,-0.2522411855309346,0.2272411855309347,-0.2272411855309347,0.8516633743016522,18,very strong weaker than history,very strong,2.7150821625494106,0.08369587803470357,0.7456614133373013,current-month,Global_G03,11,7,8,Rover (receipt) | TCO | Eastern Gas-South | TETCO-M2 (receipt) | Leidy-Transco | Millennium East Pool | TGP-Z4 Sta-219 | TGP-Z4 Sta-313,0.917762180717725,0.8210762182740012,0.9564799448035729,0.050272920195560865,0.917762180717725,-0.9539157357523244,0.003915735752324488,0.1224329382482919,Global_G03 | Global_G03_S02,2,0,0,,,,,,,,,,Parent,Global_G03,8,Rover (receipt) | TCO | Eastern Gas-South | TETCO-M2 (receipt) | Leidy-Transco | Millennium East Pool | TGP-Z4 Sta-219 | TGP-Z4 Sta-313,0.917762180717725,-0.9539157357523244,0.003915735752324488,0.050272920195560865,0.1224329382482919,0.11236432039843094,Lower than own-history expected value,Higher than peer-implied value,True,False,0.11729063858915759,-1.1268679999999995,-0.5931320000000003,-1.2603019999999991,-0.45969800000000055,-1.393735999999999,-0.3262640000000008,1.30480296340131,2.60960592680262,2.0876847414420965,-1.0195119910023298,-0.888319480502319,-1.0851082462523352,-0.8227232252523136,-1.058869744152333,-0.8489617273523157,0.6846129406606106,In-family,history=Lower than own-history expected value; peers=Higher than peer-implied value; parent peers=8; peer model trusted; history/peer direction disagree; pattern=very strong weaker than history; historical check type=forward_transition; current month name=August; mark month name=September; current transition=-0.02; transition mean=-0.25; transition delta=+0.23; transition magnitude delta=-0.23; transition degree=very strong; transition degree score=2.72; component current-month sd=0.08; component historical month sd=0.75; transition degree scale source=current-month; actual-to-date z=-0.12; mark z=0.42; transition z=0.85; pattern years=18,,,False,,0
Eastern Gas-South,Global_G03,3,regular,Global_G03_S03,3,supergroup,Northeast,Northeast - Appalachia,3,Global_G03,Global_G03_S03,Eastern Gas-South,GLOBAL,Summer,Eastern Gas-South,Eastern Gas South FDt Com,,"Eastern Gas, Appalachia",,Eastern Gas-South,62,-0.7967258064516131,0.14515476978715486,0.11302421279352329,-0.7775000000000001,0.13714050000000003,-1.085,-0.3799999999999999,2026-08-06,-0.677,-0.9207,0.13714050000000003,-0.7775000000000001,-0.14319999999999988,-0.8540828091985836,-1.0441846135897117,1.0441846135897117,True,forward_transition,,,August,September,-0.8799999999999999,-0.26435619732111687,,,0.21971017468496118,-0.04070000000000007,-0.2503945497829806,0.20969454978298052,-0.20969454978298052,0.9650491935931681,26,very strong weaker than history,very strong,2.4759782111997195,0.0846915973793543,0.6791318424340956,current-month,Global_G03,11,7,10,Eastern Gas-North | Rover (receipt) | TCO | TGP-Z4 300L | TGP-Z4 Marcellus | TETCO-M2 (receipt) | Leidy-Transco | Millennium East Pool | TGP-Z4 Sta-219 | TGP-Z4 Sta-313,0.9448489499798388,0.8417002793698252,0.9863381983160899,0.04261324452616651,0.9448489499798388,-0.9149304713335138,-0.005769528666486322,0.025097760431441084,Global_G03 | Global_G03_S03,2,1,1,TETCO-M2 (receipt),0.9818244758427623,0.9818244758427623,0.9818244758427623,0.022238999999999523,0.9818244758427623,-0.9168,-0.0039000000000000146,-0.17536759746391917,Parent,Global_G03,10,Eastern Gas-North | Rover (receipt) | TCO | TGP-Z4 300L | TGP-Z4 Marcellus | TETCO-M2 (receipt) | Leidy-Transco | Millennium East Pool | TGP-Z4 Sta-219 | TGP-Z4 Sta-313,0.9448489499798388,-0.9149304713335138,-0.005769528666486322,0.04261324452616651,0.025097760431441084,0.023713592590492653,Lower than own-history expected value,Lower than peer-implied value,True,True,0.024395861653259576,-1.051781,-0.5032190000000001,-1.1889215000000002,-0.3660785,-1.3260620000000003,-0.22893799999999997,1.2859640288667427,2.5719280577334853,2.057542446186788,-0.9697295709474666,-0.860131371719561,-1.0245286705614194,-0.8053322721056083,-1.0026090307158382,-0.8272519119511894,1.044469561702638,In-family,history=Lower than own-history expected value; peers=Lower than peer-implied value; parent peers=10; peer model trusted; history/peer direction agree; pattern=very strong weaker than history; historical check type=forward_transition; current month name=August; mark month name=September; current transition=-0.04; transition mean=-0.25; transition delta=+0.21; transition magnitude delta=-0.21; transition degree=very strong; transition degree score=2.48; component current-month sd=0.08; component historical month sd=0.68; transition degree scale source=current-month; actual-to-date z=-0.26; mark z=0.22; transition z=0.97; pattern years=26,,,False,,0
TETCO-M2 (receipt),Global_G03,3,regular,Global_G03_S03,3,supergroup,Northeast,Northeast - Appalachia,3,Global_G03,Global_G03_S03,TETCO-M2 (receipt),GLOBAL,Summer,TETCO-M2 (RECEIPT),Texas Eastern zone M-2 receipts FDt Com,,"Texas Eastern, M-2 receipts",,TETCO-M2 (receipt),62,-0.7828499999999999,0.15463316161849353,0.11628406827901715,-0.77,0.1408469999999996,-1.0699999999999998,-0.31000000000000005,2026-08-06,-0.6117000000000001,-0.9118,0.1408469999999996,-0.77,-0.14180000000000004,-0.8339090958907109,-1.006766207302963,1.006766207302963,True,forward_transition,,,August,September,-0.8175,0.01513259838663938,,,0.5437881173308082,-0.09430000000000005,-0.28341311489697707,0.18911311489697702,-0.18911311489697702,0.8146371358306875,13,strong weaker than history,strong,1.9892011986846927,0.09506987780925485,0.5319486204303234,current-month,Global_G03,11,7,10,Eastern Gas-North | Rover (receipt) | TCO | TGP-Z4 300L | TGP-Z4 Marcellus | Eastern Gas-South | Leidy-Transco | Millennium East Pool | TGP-Z4 Sta-219 | TGP-Z4 Sta-313,0.9398680165946487,0.8918848595631989,0.9818244758427624,0.03968975992917459,0.9398680165946487,-0.9054919228543689,-0.006308077145631034,-0.025354230313049286,Global_G03 | Global_G03_S03,2,1,1,Eastern Gas-South,0.9818244758427624,0.9818244758427624,0.9818244758427624,0.022238999999999523,0.9818244758427624,-0.9157000000000001,0.0039000000000000146,0.17536759746391917,Parent,Global_G03,10,Eastern Gas-North | Rover (receipt) | TCO | TGP-Z4 300L | TGP-Z4 Marcellus | Eastern Gas-South | Leidy-Transco | Millennium East Pool | TGP-Z4 Sta-219 | TGP-Z4 Sta-313,0.9398680165946487,-0.9054919228543689,-0.006308077145631034,0.03968975992917459,-0.025354230313049286,0.023829630156609553,Lower than own-history expected value,Lower than peer-implied value,True,True,0.024580112515313335,-1.0516939999999992,-0.4883060000000008,-1.192540999999999,-0.3474590000000012,-1.3333879999999985,-0.20661200000000157,1.2893670796489274,2.5787341592978548,2.062987327438284,-0.9566665927062157,-0.854317253002522,-1.0078412625580626,-0.8031425831506751,-0.9873713946173238,-0.8236124510914139,1.0070662232934129,In-family,history=Lower than own-history expected value; peers=Lower than peer-implied value; parent peers=10; peer model trusted; history/peer direction agree; pattern=strong weaker than history; historical check type=forward_transition; current month name=August; mark month name=September; current transition=-0.09; transition mean=-0.28; transition delta=+0.19; transition magnitude delta=-0.19; transition degree=strong; transition degree score=1.99; component current-month sd=0.10; component historical month sd=0.53; transition degree scale source=current-month; actual-to-date z=0.02; mark z=0.54; transition z=0.81; pattern years=13,,,False,,0
Leidy-Transco,Global_G03,3,regular,Global_G03_S04,4,supergroup,Northeast,Northeast - Appalachia,3,Global_G03,Global_G03_S04,Leidy-Transco,GLOBAL,Summer,LEIDY-TRANSCO,Transco Leidy Line receipts FDt Com,,"Transco, Leidy Line receipts",,Leidy-Transco,61,-0.7431147540983605,0.1600915465559894,0.1255221861227709,-0.7149999999999999,0.15567299999999998,-0.98,-0.2749999999999999,2026-08-05,-0.75,-0.8913,0.15567299999999998,-0.7149999999999999,-0.17630000000000012,-0.9256281739386791,-1.1325021037687983,1.1325021037687983,True,forward_transition,,,August,September,-0.8699999999999999,-0.1284026647942591,,,0.5428911127699335,-0.021300000000000097,-0.2722577462170087,0.2509577462170086,-0.2509577462170086,1.1989187436442539,13,very strong weaker than history,very strong,3.0844065073309244,0.08136338242723189,0.5446063638103983,current-month,Global_G03,11,7,10,Eastern Gas-North | Rover (receipt) | TCO | TGP-Z4 300L | TGP-Z4 Marcellus | Eastern Gas-South | TETCO-M2 (receipt) | Millennium East Pool | TGP-Z4 Sta-219 | TGP-Z4 Sta-313,0.9212905077546104,0.7984678629079497,0.9657758824319242,0.05172867877062608,0.9212905077546104,-0.8673094147991351,-0.02399058520086479,-0.4741111766017134,Global_G03 | Global_G03_S04,2,1,1,Millennium East Pool,0.9657758824319242,0.9657758824319242,0.9657758824319242,0.05189100000000021,0.9657758824319242,-0.8174999999999999,-0.07380000000000009,-1.422211944267788,Parent,Global_G03,10,Eastern Gas-North | Rover (receipt) | TCO | TGP-Z4 300L | TGP-Z4 Marcellus | Eastern Gas-South | TETCO-M2 (receipt) | Millennium East Pool | TGP-Z4 Sta-219 | TGP-Z4 Sta-313,0.9212905077546104,-0.8673094147991351,-0.02399058520086479,0.05172867877062608,-0.4741111766017134,0.43679412662352834,Lower than own-history expected value,Lower than peer-implied value,True,True,0.4550702993013264,-1.0263459999999998,-0.4036539999999999,-1.182019,-0.2479809999999999,-1.3376919999999997,-0.09230799999999995,1.3023020216041912,2.6046040432083823,2.083683234566706,-0.9346757777370353,-0.799943051861235,-1.0020421406749354,-0.7325766889233348,-0.9750955954997754,-0.7595232340984949,1.220512184431992,In-family,history=Lower than own-history expected value; peers=Lower than peer-implied value; parent peers=10; peer model trusted; history/peer direction agree; pattern=very strong weaker than history; historical check type=forward_transition; current month name=August; mark month name=September; current transition=-0.02; transition mean=-0.27; transition delta=+0.25; transition magnitude delta=-0.25; transition degree=very strong; transition degree score=3.08; component current-month sd=0.08; component historical month sd=0.54; transition degree scale source=current-month; actual-to-date z=-0.13; mark z=0.54; transition z=1.20; pattern years=13,,,False,,0
Millennium East Pool,Global_G03,3,regular,Global_G03_S04,4,supergroup,Northeast,Northeast - Appalachia,3,Global_G03,Global_G03_S04,Millennium East Pool,GLOBAL,Summer,MILLENNIUM EAST POOL,Millennium East receipts FDt Com,,"Millennium, East receipts",,Millennium East Pool,61,-0.8007377049180328,0.15783914825325013,0.1287050892544658,-0.8000000000000003,0.14825999999999948,-1.0550000000000002,-0.3700000000000001,2026-08-05,-0.8200000000000001,-0.8725,0.14825999999999948,-0.8000000000000003,-0.07249999999999979,-0.454654601701385,-0.4890058006205318,0.4890058006205318,True,forward_transition,,,August,September,-0.8899999999999999,-0.21515040654559464,,,0.5489311022436467,0.01749999999999985,-0.25578630937311453,0.2732863093731144,-0.23828630937311468,1.3464071347293536,13,very strong weaker than history,very strong,4.487190801479976,0.053103672189406904,0.49868475292310693,current-month,Global_G03,11,7,9,Rover (receipt) | TCO | TGP-Z4 300L | TGP-Z4 Marcellus | Eastern Gas-South | TETCO-M2 (receipt) | Leidy-Transco | TGP-Z4 Sta-219 | TGP-Z4 Sta-313,0.9181206056667486,0.8369777882796609,0.9657758824319242,0.053715362641154896,0.9181206056667486,-0.9277762886003004,0.05527628860030021,1.1787040979194543,Global_G03 | Global_G03_S04,2,1,1,Leidy-Transco,0.9657758824319242,0.9657758824319242,0.9657758824319242,0.05189100000000021,0.9657758824319242,-0.9463000000000001,0.07380000000000009,1.422211944267788,Parent,Global_G03,9,Rover (receipt) | TCO | TGP-Z4 300L | TGP-Z4 Marcellus | Eastern Gas-South | TETCO-M2 (receipt) | Leidy-Transco | TGP-Z4 Sta-219 | TGP-Z4 Sta-313,0.9181206056667486,-0.9277762886003004,0.05527628860030021,0.053715362641154896,1.1787040979194543,1.082192520283688,Lower than own-history expected value,Higher than peer-implied value,True,False,1.1294178847513285,-1.0965199999999993,-0.5034800000000013,-1.2447799999999987,-0.35522000000000187,-1.3930399999999983,-0.20696000000000236,1.304548247634419,2.609096495268838,2.0872771962150707,-0.9978505708048664,-0.8577020063957344,-1.0679248530094323,-0.7876277241911684,-1.039895140127606,-0.8156574370729949,1.230736133960766,In-family,history=Lower than own-history expected value; peers=Higher than peer-implied value; parent peers=9; peer model trusted; history/peer direction disagree; pattern=very strong weaker than history; historical check type=forward_transition; current month name=August; mark month name=September; current transition=+0.02; transition mean=-0.26; transition delta=+0.27; transition magnitude delta=-0.24; transition degree=very strong; transition degree score=4.49; component current-month sd=0.05; component historical month sd=0.50; transition degree scale source=current-month; actual-to-date z=-0.22; mark z=0.55; transition z=1.35; pattern years=13,,,False,,0
TGP-Z4 Sta-219,Global_G03,3,regular,Global_G03_S05,5,supergroup,Northeast,Northeast - Appalachia,3,Global_G03,Global_G03_S05,TGP-Z4 Sta-219,GLOBAL,Summer,,Tennessee Gas Pipeline Zone 4-200 leg FDt Com,ICE Tennessee zone 4 station 219 Pool FDt Com,,,TGP-Z4 Sta-219,62,-0.6760822580645159,0.1348701737910355,0.10310190407044295,-0.6724999999999999,0.11119499999999993,-0.94,-0.2749999999999999,2026-08-06,-0.4821,-0.7625,0.11119499999999993,-0.6724999999999999,-0.09000000000000008,-0.6407476131036764,-0.8093889113719154,0.8093889113719154,True,forward_transition,,,August,September,-0.6549999999999999,0.011179937301864071,,,0.2899205405608751,-0.10750000000000004,-0.21482823492819683,0.10732823492819679,-0.10732823492819679,0.4740652991907727,13,moderate weaker than history,moderate,1.387553017259369,0.07735072721054406,0.48402968733288676,current-month,Global_G03,11,7,9,Rover (receipt) | TCO | TGP-Z4 300L | TGP-Z4 Marcellus | Eastern Gas-South | TETCO-M2 (receipt) | Leidy-Transco | Millennium East Pool | TGP-Z4 Sta-313,0.9071693938727672,0.8676919450947828,0.9718460373390926,0.06034226350713442,0.9071693938727672,-0.797912773111474,0.035412773111473894,0.7152819674514208,Global_G03 | Global_G03_S05,2,0,1,TGP-Z4 Sta-313,0.9718460373390926,0.9718460373390926,0.9718460373390926,0.022239000000000182,0.9718460373390926,,,,Parent,Global_G03,9,Rover (receipt) | TCO | TGP-Z4 300L | TGP-Z4 Marcellus | Eastern Gas-South | TETCO-M2 (receipt) | Leidy-Transco | Millennium East Pool | TGP-Z4 Sta-313,0.9071693938727672,-0.797912773111474,0.035412773111473894,0.06034226350713442,0.7152819674514208,0.6488819088610258,Lower than own-history expected value,Higher than peer-implied value,True,False,0.6812734608171289,-0.8948899999999997,-0.45011,-1.0060849999999997,-0.3389150000000001,-1.1172799999999996,-0.22772000000000014,1.3123987807214403,2.6247975614428807,2.0998380491543047,-0.8771058861642091,-0.7187196600587389,-0.9562989992169442,-0.6395265470060039,-0.9246217539958501,-0.6712037922270979,1.0579432585283401,In-family,history=Lower than own-history expected value; peers=Higher than peer-implied value; parent peers=9; peer model trusted; history/peer direction disagree; pattern=moderate weaker than history; historical check type=forward_transition; current month name=August; mark month name=September; current transition=-0.11; transition mean=-0.21; transition delta=+0.11; transition magnitude delta=-0.11; transition degree=moderate; transition degree score=1.39; component current-month sd=0.08; component historical month sd=0.48; transition degree scale source=current-month; actual-to-date z=0.01; mark z=0.29; transition z=0.47; pattern years=13,,,False,,0
TGP-Z4 Sta-313,Global_G03,3,regular,Global_G03_S05,5,supergroup,Northeast,Northeast - Appalachia,3,Global_G03,Global_G03_S05,TGP-Z4 Sta-313,GLOBAL,Summer,,Tennessee Zone 4-313 Pool FDt Com,,"Tennessee, zone 4-313 Pool",,TGP-Z4 Sta-313,62,-0.7101145161290323,0.12298251221380115,0.0944641337667689,-0.7049999999999998,0.10378199999999943,-0.9449999999999998,-0.3650000000000002,2026-08-06,-0.5521000000000003,,0.10378199999999943,-0.7049999999999998,,,,,False,forward_transition,,,August,September,-0.77,,,,,,,,,,12,,,,,,,Global_G03,11,8,10,Eastern Gas-North | Rover (receipt) | TCO | TGP-Z4 300L | TGP-Z4 Marcellus | Eastern Gas-South | TETCO-M2 (receipt) | Leidy-Transco | Millennium East Pool | TGP-Z4 Sta-219,0.9234343832658558,0.8199129436471019,0.9718460373390926,0.055377830380654455,0.9234343832658558,-0.8270499675563496,,,Global_G03 | Global_G03_S05,2,1,1,TGP-Z4 Sta-219,0.9718460373390926,0.9718460373390926,0.9718460373390926,0.022239000000000182,0.9718460373390926,-0.7925,,,OwnHistoryOnly,,0,,,,,,,,,,False,False,0.0,-0.9125639999999987,-0.497436000000001,-1.0163459999999982,-0.39365400000000156,-1.1201279999999976,-0.28987200000000213,,,,,,,,,,0.0,No forward mark,No forward mark,,,False,,-1
Agua Dulce Hub,Global_G04,4,regular,Global_G04_S01,1,regular,South Central,SouthCentral - TexCoast,3,Global_G04,Global_G04_S01,Agua Dulce Hub,GLOBAL,Summer,,Agua Dulce Hub FDt Com,ICE Agua Dulce Hub FDt Com,,HSC-HPL Pool,Agua Dulce Hub,61,-0.4518852459016394,0.1179553726854152,0.06913733977679808,-0.43000000000000016,0.09636899999999991,-0.6949999999999998,-0.14000000000000012,2026-08-05,-0.43999999999999995,,0.09636899999999991,-0.43000000000000016,,,,,False,forward_transition,,,August,September,-0.31499999999999995,,,,,,,,,,24,,,,,,,Global_G04,9,5,8,ENT-STX Map | TETCO-STX | TGP-Z0 North | Transco-30 | Tres Palacios (inj) | NGPL-STX | TGP-Z0 Border Pool | TGP-Z0 South,0.950802217081192,0.9239944039337318,0.9701366251245656,0.03159847431244708,0.950802217081192,-0.4679158707218481,,,Global_G04 | Global_G04_S01,6,3,5,ENT-STX Map | TETCO-STX | TGP-Z0 North | Transco-30 | Tres Palacios (inj),0.9436356678448806,0.9239944039337318,0.9636206369788494,0.031132696359082185,0.9436356678448806,-0.46680246307554724,,,OwnHistoryOnly,,0,,,,,,,,,,False,False,0.0,-0.622738,-0.23726200000000033,-0.7191069999999999,-0.14089300000000043,-0.8154759999999999,-0.04452400000000051,,,,,,,,,,0.0,No forward mark,No forward mark,,,False,,-1
ENT-STX Map,Global_G04,4,regular,Global_G04_S01,1,regular,South Central,SouthCentral - Mexico,3,Global_G04,Global_G04_S01,ENT-STX Map,GLOBAL,Summer,,,ICE ENT STX Map FDt Com,,HSC-HPL Pool,ENT-STX Map,61,-0.45634918032786886,0.10537396519531567,0.058294752188926546,-0.44330000000000025,0.07976388000000043,-0.6717999999999997,-0.18310000000000004,2026-08-06,-0.3254999999999999,,0.07976388000000043,-0.44330000000000025,,,,,False,forward_transition,,,August,September,-0.38949999999999996,,,,,,,,,,7,,,,,,,Global_G04,9,5,8,Agua Dulce Hub | TETCO-STX | TGP-Z0 North | Transco-30 | Tres Palacios (inj) | NGPL-STX | TGP-Z0 Border Pool | TGP-Z0 South,0.9267037918427967,0.8910782280681576,0.9604629623091879,0.03520566519960081,0.9267037918427967,-0.47022887348570147,,,Global_G04 | Global_G04_S01,6,3,5,Agua Dulce Hub | TETCO-STX | TGP-Z0 North | Transco-30 | Tres Palacios (inj),0.917427595046472,0.8910782280681576,0.9351887482390435,0.03661932326984176,0.917427595046472,-0.4680889273594204,,,OwnHistoryOnly,,0,,,,,,,,,,False,False,0.0,-0.6028277600000012,-0.2837722399999994,-0.6825916400000015,-0.20400835999999897,-0.762355520000002,-0.12424447999999855,,,,,,,,,,0.0,No forward mark,No forward mark,,,False,,-1
TETCO-STX,Global_G04,4,regular,Global_G04_S01,1,regular,South Central,SouthCentral - TexCoast,3,Global_G04,Global_G04_S01,TETCO-STX,GLOBAL,Summer,TETCO-STX,TX Eastern S TX FDt Com,,"Texas Eastern, STX",,TETCO-STX,62,-0.44960322580645146,0.1165240704996913,0.0761643276655362,-0.4500000000000002,0.09636899999999991,-0.6749999999999998,-0.2150000000000003,2026-08-06,-0.3054000000000001,-0.4925,0.09636899999999991,-0.4500000000000002,-0.042499999999999816,-0.3681365919470019,-0.44101318888854146,0.44101318888854146,True,forward_transition,,,August,September,-0.26269999999999993,-0.6512210825031947,,,-1.9442236653223504,-0.22980000000000006,0.008254892898708946,-0.23805489289870901,0.2215451071012911,-2.7205381576634853,26,stronger than history,strong,1.9656426620731589,0.11270873967887327,0.14034143776049823,current-month,Global_G04,9,4,8,Agua Dulce Hub | ENT-STX Map | TGP-Z0 North | Transco-30 | Tres Palacios (inj) | NGPL-STX | TGP-Z0 Border Pool | TGP-Z0 South,0.9509903496982794,0.9080203835528704,0.9814877762303608,0.023741523577617274,0.9509903496982794,-0.46873426108249955,-0.02376573891750051,-0.8244613537444222,Global_G04 | Global_G04_S01,6,2,5,Agua Dulce Hub | ENT-STX Map | TGP-Z0 North | Transco-30 | Tres Palacios (inj),0.9430555877562267,0.9080203835528704,0.9755271774644055,0.028009867553174674,0.9430555877562267,-0.4623905320661544,-0.03010946793384565,-0.7761630908611448,Subgroup,Global_G04 | Global_G04_S01,5,Agua Dulce Hub | ENT-STX Map | TGP-Z0 North | Transco-30 | Tres Palacios (inj),0.9430555877562267,-0.4623905320661544,-0.03010946793384565,0.028009867553174674,-0.7761630908611448,0.7319649398467465,Lower than own-history expected value,Lower than peer-implied value,True,True,0.7537401210718736,-0.642738,-0.2572620000000003,-0.739107,-0.16089300000000045,-0.8354759999999999,-0.06452400000000053,1.2871861752519291,2.5743723505038583,2.059497880403087,-0.4984444463512384,-0.42633661778107035,-0.5344983606363224,-0.39028270349598637,-0.5200767949222889,-0.40470426921001995,0.87327933840615,In-family,history=Lower than own-history expected value; peers=Lower than peer-implied value; subgroup peers=5; peer model trusted; history/peer direction agree; pattern=stronger than history; historical check type=forward_transition; current month name=August; mark month name=September; current transition=-0.23; transition mean=+0.01; transition delta=-0.24; transition magnitude delta=+0.22; transition degree=strong; transition degree score=1.97; component current-month sd=0.11; component historical month sd=0.14; transition degree scale source=current-month; actual-to-date z=-0.65; mark z=-1.94; transition z=-2.72; pattern years=26,,,False,,0
TGP-Z0 North,Global_G04,4,regular,Global_G04_S01,1,regular,South Central,SouthCentral - Mexico,3,Global_G04,Global_G04_S01,TGP-Z0 North,GLOBAL,Summer,TGP-Z0,,ICE Tennessee zone 0 North FDt Com,"Tennessee, zone 0",TGP-Z0 South,TGP-Z0 North,61,-0.4369245901639344,0.1216576914348036,0.06844127366346979,-0.43800000000000017,0.10289243999999985,-0.6607999999999996,-0.1856,2026-08-06,-0.3235000000000001,-0.4938,0.10289243999999985,-0.43800000000000017,-0.05579999999999985,-0.4675036092275773,-0.5423138959480398,0.5423138959480398,True,forward_transition,,,August,September,-0.26990000000000003,-0.16134046588240464,,,-1.141152745545775,-0.2239,-0.03415487052871287,-0.18974512947128713,0.18974512947128713,-1.8946708934157153,12,stronger than history,strong,1.820450508570208,0.10422976542235911,0.1748638708507501,current-month,Global_G04,9,4,8,Agua Dulce Hub | ENT-STX Map | TETCO-STX | Transco-30 | Tres Palacios (inj) | NGPL-STX | TGP-Z0 Border Pool | TGP-Z0 South,0.9640313871509583,0.9193723282306675,0.9935311791872047,0.025364409110718873,0.9640313871509583,-0.45087984149481597,-0.042920158505184026,-1.8608535793105812,Global_G04 | Global_G04_S01,6,2,5,Agua Dulce Hub | ENT-STX Map | TETCO-STX | Transco-30 | Tres Palacios (inj),0.9532712087134148,0.9193723282306675,0.9803114453836704,0.0317582938077558,0.9532712087134148,-0.4435934236529058,-0.05020657634709415,-1.4808498824438534,Subgroup,Global_G04 | Global_G04_S01,5,Agua Dulce Hub | ENT-STX Map | TETCO-STX | Transco-30 | Tres Palacios (inj),0.9532712087134148,-0.4435934236529058,-0.05020657634709415,0.0317582938077558,-1.4808498824438534,1.4116515573603703,Lower than own-history expected value,Lower than peer-implied value,True,True,1.4458367967266523,-0.6437848799999999,-0.23221512000000047,-0.7466773199999996,-0.12932268000000063,-0.8495697599999996,-0.02643024000000077,1.2802706067832743,2.5605412135665486,2.0484329708532387,-0.48425263373656285,-0.4029342135692488,-0.5249118438202198,-0.3622750034855918,-0.508648159786757,-0.3785386875190546,1.5441983047870271,Watch,history=Lower than own-history expected value; peers=slightly below peer-implied value; subgroup peers=5; peer model trusted; peer score v2=1.45 watch; history/peer direction agree; pattern=stronger than history; historical check type=forward_transition; current month name=August; mark month name=September; current transition=-0.22; transition mean=-0.03; transition delta=-0.19; transition magnitude delta=+0.19; transition degree=strong; transition degree score=1.82; component current-month sd=0.10; component historical month sd=0.17; transition degree scale source=current-month; actual-to-date z=-0.16; mark z=-1.14; transition z=-1.89; pattern years=12,Watch,W,True,TGP-Z0 North [Watch],1
Transco-30,Global_G04,4,regular,Global_G04_S01,1,regular,South Central,SouthCentral - TexCoast,3,Global_G04,Global_G04_S01,Transco-30,GLOBAL,Summer,TRANSCO-30,Transco Zn1 FDt Com,,"Transco, zone 1",,Transco-30,62,-0.4492274193548387,0.12029249894082256,0.07362420196344467,-0.43999999999999995,0.10378200000000042,-0.69,-0.18000000000000016,2026-08-06,-0.30210000000000026,-0.4125,0.10378200000000042,-0.43999999999999995,0.02749999999999997,0.30531761895566417,0.26497851265151817,0.26497851265151817,True,forward_transition,,,August,September,-0.33000000000000007,-0.7971087813297226,,,-0.6978653216493933,-0.0824999999999999,-0.03451801215226027,-0.04798198784773964,0.04798198784773964,-0.3701193763666953,26,mild stronger than history,mild,0.7067186257824566,0.06789404735812006,0.1506423892359206,current-month,Global_G04,9,4,8,Agua Dulce Hub | ENT-STX Map | TETCO-STX | TGP-Z0 North | Tres Palacios (inj) | NGPL-STX | TGP-Z0 Border Pool | TGP-Z0 South,0.9459449104118498,0.9223214092693327,0.9636206369788495,0.031287745589460604,0.9459449104118498,-0.481055494122764,0.06855549412276402,1.952380066808582,Global_G04 | Global_G04_S01,6,2,5,Agua Dulce Hub | ENT-STX Map | TETCO-STX | TGP-Z0 North | Tres Palacios (inj),0.9395837056355905,0.9223214092693327,0.9636206369788495,0.030236704350316456,0.9395837056355905,-0.4948136152599309,0.08231361525993093,2.3138363148221113,Subgroup,Global_G04 | Global_G04_S01,5,Agua Dulce Hub | ENT-STX Map | TETCO-STX | TGP-Z0 North | Tres Palacios (inj),0.9395837056355905,-0.4948136152599309,0.08231361525993093,0.030236704350316456,2.3138363148221113,2.174042898914758,Higher than own-history expected value,Higher than peer-implied value,True,True,2.2428507327707083,-0.6475640000000008,-0.23243599999999912,-0.7513460000000012,-0.1286539999999987,-0.8551280000000017,-0.024871999999998284,1.289562141281974,2.579124282563948,2.0632994260511586,-0.533805724467235,-0.45582150605262683,-0.5727978336745391,-0.4168293968453228,-0.5572009899916174,-0.4324262405282444,2.258449251512443,Watch,history=Higher than own-history expected value; peers=moderately above peer-implied value; subgroup peers=5; peer model trusted; peer score v2=2.24 (strong-support); history/peer direction agree; pattern=mild stronger than history; historical check type=forward_transition; current month name=August; mark month name=September; current transition=-0.08; transition mean=-0.03; transition delta=-0.05; transition magnitude delta=+0.05; transition degree=mild; transition degree score=0.71; component current-month sd=0.07; component historical month sd=0.15; transition degree scale source=current-month; actual-to-date z=-0.80; mark z=-0.70; transition z=-0.37; pattern years=26,Watch,W,True,Transco-30 [Watch],1
Tres Palacios (inj),Global_G04,4,regular,Global_G04_S01,1,regular,South Central,SouthCentral - TexCoast,3,Global_G04,Global_G04_S01,Tres Palacios (inj),GLOBAL,Summer,,,ICE Tres Palacios Hub - Injection FDt Com,,,Tres Palacios (inj),57,-0.46236140350877203,0.11678117013455115,0.07428384689211308,-0.4641000000000002,0.08762165999999989,-0.69,-0.2450000000000001,2026-08-05,-0.4641000000000002,,0.08762165999999989,-0.4641000000000002,,,,,False,forward_transition,,,August,September,-0.24509999999999987,,,,,,,,,,10,,,,,,,Global_G04,9,5,8,Agua Dulce Hub | ENT-STX Map | TETCO-STX | TGP-Z0 North | Transco-30 | NGPL-STX | TGP-Z0 Border Pool | TGP-Z0 South,0.9510353187205013,0.8910782280681577,0.9803114453836704,0.02404402530823871,0.9510353187205013,-0.4864868004396831,,,Global_G04 | Global_G04_S01,6,3,5,Agua Dulce Hub | ENT-STX Map | TETCO-STX | TGP-Z0 North | Transco-30,0.9395524176920544,0.8910782280681577,0.9803114453836704,0.02939208161903404,0.9395524176920544,-0.4852017751435095,,,OwnHistoryOnly,,0,,,,,,,,,,False,False,0.0,-0.6393433199999999,-0.2888566800000004,-0.7269649799999999,-0.2012350200000005,-0.8145866399999997,-0.11361336000000061,,,,,,,,,,0.0,No forward mark,No forward mark,,,False,,-1
NGPL-STX,Global_G04,4,regular,Global_G04_S02,2,supergroup,South Central,SouthCentral - TexCoast,3,Global_G04,Global_G04_S02,NGPL-STX,GLOBAL,Summer,NGPL-STX,NGPL S TX FDt Com,,"NGPL, STX",,NGPL-STX,62,-0.4662177419354839,0.11240211118166885,0.06796654191344541,-0.4674999999999998,0.10007549999999983,-0.6799999999999997,-0.21499999999999986,2026-08-06,-0.3205,-0.4775,0.10007549999999983,-0.4674999999999998,-0.010000000000000175,-0.10037407612639287,-0.0999245569594975,0.0999245569594975,True,forward_transition,,,August,September,-0.3202499999999999,-0.3206017815129455,,,-0.5199628209192947,-0.15725000000000006,-0.07131677102886547,-0.08593322897113459,0.08593322897113459,-0.5774974562277511,24,moderate stronger than history,moderate,1.168533362576807,0.07353938853884134,0.16703906096557397,current-month,Global_G04,9,4,8,Agua Dulce Hub | ENT-STX Map | TETCO-STX | TGP-Z0 North | Transco-30 | Tres Palacios (inj) | TGP-Z0 Border Pool | TGP-Z0 South,0.9676943928136024,0.9410435964821787,0.9855123904614328,0.025000877498486236,0.9676943928136024,-0.48880704222833,0.011307042228330027,0.8704330662444828,Global_G04 | Global_G04_S02,3,1,2,TGP-Z0 Border Pool | TGP-Z0 South,0.9822486696568047,0.9789849488521767,0.9855123904614328,0.015564836880113,0.9822486696568047,-0.4941000000000002,0.016600000000000226,1.0178678733919553,Subgroup,Global_G04 | Global_G04_S02,2,TGP-Z0 Border Pool | TGP-Z0 South,0.9822486696568047,-0.4941000000000002,0.016600000000000226,0.015564836880113,1.0178678733919553,0.999799364525649,Lower than own-history expected value,Higher than peer-implied value,False,False,0.0,-0.6676509999999994,-0.26734900000000017,-0.7677264999999993,-0.1672735000000003,-0.8678019999999991,-0.06719800000000048,1.2612445086461477,2.5224890172922954,2.0179912138338363,-0.5137310650430158,-0.47446893495698467,-0.5333621300860313,-0.4548378699139691,-0.5255097040688251,-0.46269029593117533,0.0999245569594975,In-family,history=Lower than own-history expected value; peers=Higher than peer-implied value; subgroup peers=2; peer model untrusted; pattern=moderate stronger than history; historical check type=forward_transition; current month name=August; mark month name=September; current transition=-0.16; transition mean=-0.07; transition delta=-0.09; transition magnitude delta=+0.09; transition degree=moderate; transition degree score=1.17; component current-month sd=0.07; component historical month sd=0.17; transition degree scale source=current-month; actual-to-date z=-0.32; mark z=-0.52; transition z=-0.58; pattern years=24,,,False,,0
TGP-Z0 Border Pool,Global_G04,4,regular,Global_G04_S02,2,supergroup,South Central,SouthCentral - TexCoast,3,Global_G04,Global_G04_S02,TGP-Z0 Border Pool,GLOBAL,Summer,,Tenn Zn0 FDt Com,ICE Tennessee zone 0 South Texas Border Pool FDt Com,"Tennessee, zone 0",TGP-Z0 South,TGP-Z0 Border Pool,61,-0.46909836065573773,0.10933323753827603,0.0629722833838528,-0.46499999999999986,0.08895600000000073,-0.69,-0.21499999999999986,2026-08-05,-0.45500000000000007,,0.08895600000000073,-0.46499999999999986,,,,,False,forward_transition,,,August,September,-0.3599999999999999,,,,,,,,,,26,,,,,,,Global_G04,9,5,8,Agua Dulce Hub | ENT-STX Map | TETCO-STX | TGP-Z0 North | Transco-30 | Tres Palacios (inj) | NGPL-STX | TGP-Z0 South,0.9669557641937399,0.9509292349671807,0.9855123904614327,0.01877619182673095,0.9669557641937399,-0.4856914646327739,,,Global_G04 | Global_G04_S02,3,2,2,NGPL-STX | TGP-Z0 South,0.9812932051187921,0.9770740197761516,0.9855123904614327,0.008330608296154764,0.9812932051187921,-0.4851668929459932,,,OwnHistoryOnly,,0,,,,,,,,,,False,False,0.0,-0.6429120000000013,-0.2870879999999984,-0.7318680000000021,-0.19813199999999764,-0.8208240000000028,-0.10917599999999694,,,,,,,,,,0.0,No forward mark,No forward mark,,,False,,-1
TGP-Z0 South,Global_G04,4,regular,Global_G04_S02,2,supergroup,South Central,SouthCentral - TexCoast,3,Global_G04,Global_G04_S02,TGP-Z0 South,GLOBAL,Summer,TGP-Z0,,ICE Tennessee zone 0 South FDt Com,"Tennessee, zone 0",,TGP-Z0 South,61,-0.46332786885245897,0.11828816245529038,0.0671801960830921,-0.4626000000000001,0.0950346600000004,-0.6906999999999996,-0.21350000000000025,2026-08-06,-0.3529,-0.4938,0.0950346600000004,-0.4626000000000001,-0.031199999999999894,-0.2576093035434434,-0.32830127450342605,0.32830127450342605,True,forward_transition,,,August,September,-0.2986,-0.2811832441823393,,,-0.9899624070114108,-0.19520000000000004,-0.028825731982968204,-0.16637426801703184,0.16637426801703184,-1.635563422714349,12,stronger than history,strong,1.599291703649999,0.104029970040689,0.17043646226584086,current-month,Global_G04,9,4,8,Agua Dulce Hub | ENT-STX Map | TETCO-STX | TGP-Z0 North | Transco-30 | Tres Palacios (inj) | NGPL-STX | TGP-Z0 Border Pool,0.9674217934902762,0.9249858007186472,0.9935311791872046,0.018696396402914924,0.9674217934902762,-0.4824787285537638,-0.011321271446236235,-0.0859361714751714,Global_G04 | Global_G04_S02,3,1,2,NGPL-STX | TGP-Z0 Border Pool,0.9780294843141641,0.9770740197761516,0.9789849488521767,0.009050957129032774,0.9780294843141641,-0.4771999999999998,-0.016600000000000226,-1.0178678733919553,Subgroup,Global_G04 | Global_G04_S02,2,NGPL-STX | TGP-Z0 Border Pool,0.9780294843141641,-0.4771999999999998,-0.016600000000000226,0.009050957129032774,-1.0178678733919553,0.9955047913134889,Lower than own-history expected value,Lower than peer-implied value,False,True,0.0,-0.6526693200000009,-0.27253067999999936,-0.7477039800000014,-0.17749601999999892,-0.8427386400000016,-0.08246135999999854,1.2639620635181616,2.5279241270363233,2.0223393016290587,-0.4886400664496265,-0.4657599335503731,-0.5000801328992531,-0.45431986710074646,-0.4955041063194025,-0.4588958936805971,0.32830127450342605,In-family,history=Lower than own-history expected value; peers=Lower than peer-implied value; subgroup peers=2; peer model untrusted; pattern=stronger than history; historical check type=forward_transition; current month name=August; mark month name=September; current transition=-0.20; transition mean=-0.03; transition delta=-0.17; transition magnitude delta=+0.17; transition degree=strong; transition degree score=1.60; component current-month sd=0.10; component historical month sd=0.17; transition degree scale source=current-month; actual-to-date z=-0.28; mark z=-0.99; transition z=-1.64; pattern years=12,,,False,,0
Iroquois (into),Global_G05,5,regular,Global_G05_S01,1,regular,Northeast,Northeast - Demand,3,Global_G05,Global_G05_S01,Iroquois (into),GLOBAL,Summer,IROQUOIS (INTO),Iroquois Recpts FDt Com,,"Iroquois, receipts",,Iroquois (into),62,-0.31459516129032256,0.20365974712533128,0.12697879174063895,-0.3124999999999998,0.2075640000000005,-0.7149999999999999,0.18509999999999982,2026-08-06,0.18509999999999982,-0.2162,0.2075640000000005,-0.3124999999999998,0.09629999999999977,0.48313504597337353,0.4639532866971129,0.4639532866971129,True,forward_transition,,,August,September,-0.08000000000000007,0.38256013068687783,,,0.3734553382952563,-0.13619999999999993,-0.16897321009398134,0.0327732100939814,-0.0327732100939814,0.151645504083705,26,slight weaker than history,slight,0.2836902953155787,0.11552460776821531,0.308960307106571,current-month,Global_G05,7,4,6,Iroquois-Z2 | PNGTS | TGP-Z6 200L North | AGT-CG (non-G) | TGP-Z6 200L South | TGP-Z6 300L,0.5852077588169102,0.42635933459754766,0.6787824109379142,0.19524274017372387,0.5852077588169102,-0.4839061159158635,0.26770611591586346,1.8016308232032692,Global_G05 | Global_G05_S01,4,2,3,Iroquois-Z2 | PNGTS | TGP-Z6 200L North,0.5237209596623331,0.42635933459754766,0.6032071710521351,0.1659604919738653,0.5237209596623331,-0.5142853222502229,0.2980853222502229,2.7236897630449746,Subgroup,Global_G05 | Global_G05_S01,3,Iroquois-Z2 | PNGTS | TGP-Z6 200L North,0.5237209596623331,-0.5142853222502229,0.2980853222502229,0.1659604919738653,2.7236897630449746,1.4264534165243867,Higher than own-history expected value,Higher than peer-implied value,False,True,0.0,-0.7276280000000008,0.10262800000000122,-0.9351920000000012,0.3101920000000017,-1.1427560000000017,0.5177560000000022,1.7272692261987277,3.4545384523974554,2.7636307619179643,-0.8009437728014814,-0.22762687169896445,-1.0876022233527398,0.05903157885229404,-0.9729388431322366,-0.05563180136820933,0.4639532866971129,In-family,history=Higher than own-history expected value; peers=moderately above peer-implied value; subgroup peers=3; peer model untrusted; pattern=slight weaker than history; historical check type=forward_transition; current month name=August; mark month name=September; current transition=-0.14; transition mean=-0.17; transition delta=+0.03; transition magnitude delta=-0.03; transition degree=slight; transition degree score=0.28; component current-month sd=0.12; component historical month sd=0.31; transition degree scale source=current-month; actual-to-date z=0.38; mark z=0.37; transition z=0.15; pattern years=26,,,False,,0
Iroquois-Z2,Global_G05,5,regular,Global_G05_S01,1,regular,Northeast,Northeast - Demand Rest,3,Global_G05,Global_G05_S01,Iroquois-Z2,GLOBAL,Summer,IROQUOIS-Z2,Iroquois Zn2 FDt Com,ICE Iroquois zone 2 (non-Hunts Point/Eastchester Lateral) FDt Com,"Iroquois, zone 2",,Iroquois-Z2,62,0.19611451612903225,1.4924025343518839,1.2735406850169502,-0.21999999999999997,0.27057449999999983,-0.7199999999999998,8.23,2026-08-06,0.5490999999999997,-0.54,0.27057449999999983,-0.21999999999999997,-0.32000000000000006,-0.493241266471522,-1.1826687289452638,1.1826687289452638,True,forward_transition,,,August,September,0.05500000000000016,0.6062695373759479,,,-0.8194541078949257,-0.5950000000000002,-0.23064743397772652,-0.36435256602227367,0.36435256602227367,-1.3416024441473688,26,stronger than history,strong,1.771527407306423,0.2056714248504151,0.4121885226123561,current-month,Global_G05,7,4,6,Iroquois (into) | PNGTS | TGP-Z6 200L North | AGT-CG (non-G) | TGP-Z6 200L South | TGP-Z6 300L,0.7814470584532685,0.42635933459754766,0.9183527525898562,0.18158512278018746,0.7814470584532685,-0.2940458254525011,-0.24595417454749896,-1.6400439964577056,Global_G05 | Global_G05_S01,4,2,3,Iroquois (into) | PNGTS | TGP-Z6 200L North,0.7498498064043844,0.42635933459754766,0.9183527525898562,0.16400834522058405,0.7498498064043844,-0.27632778849049067,-0.26367221150950937,-2.22134477957772,Subgroup,Global_G05 | Global_G05_S01,3,Iroquois (into) | PNGTS | TGP-Z6 200L North,0.7498498064043844,-0.27632778849049067,-0.26367221150950937,0.16400834522058405,-2.22134477957772,1.6656749529237431,Lower than own-history expected value,Lower than peer-implied value,False,True,0.0,-0.7611489999999996,0.3211489999999997,-1.0317234999999996,0.5917234999999995,-1.3022979999999993,0.8622979999999993,1.4435202185390104,2.8870404370780207,2.3096323496624165,-0.5130771508255296,-0.039578426155451735,-0.7498265131605686,0.1971709361795872,-0.6551267682265529,0.10247119124557164,1.1826687289452638,In-family,history=Lower than own-history expected value; peers=slightly below peer-implied value; subgroup peers=3; peer model untrusted; pattern=stronger than history; historical check type=forward_transition; current month name=August; mark month name=September; current transition=-0.60; transition mean=-0.23; transition delta=-0.36; transition magnitude delta=+0.36; transition degree=strong; transition degree score=1.77; component current-month sd=0.21; component historical month sd=0.41; transition degree scale source=current-month; actual-to-date z=0.61; mark z=-0.82; transition z=-1.34; pattern years=26,,,False,,0
PNGTS,Global_G05,5,regular,Global_G05_S01,1,regular,Northeast,Northeast - Demand Rest,3,Global_G05,Global_G05_S01,PNGTS,GLOBAL,Summer,,PNGTS delivered FDt Com,ICE PNGTS FDt Com,,,PNGTS,62,0.16468225806451614,0.7140364690884214,0.5219076482278149,-0.02750000000000008,0.38176949999999943,-0.45500000000000007,3.545,2026-08-06,1.2302999999999997,,0.38176949999999943,-0.02750000000000008,,,,,False,forward_transition,,,August,September,0.38250000000000006,,,,,,,,,,9,,,,,,,Global_G05,7,5,6,Iroquois (into) | Iroquois-Z2 | TGP-Z6 200L North | AGT-CG (non-G) | TGP-Z6 200L South | TGP-Z6 300L,0.8800345980978869,0.6032071710521352,0.9555368310307947,0.1501491101846317,0.8800345980978869,-0.18370774226527609,,,Global_G05 | Global_G05_S01,4,3,3,Iroquois (into) | Iroquois-Z2 | TGP-Z6 200L North,0.825698918224262,0.6032071710521352,0.9555368310307947,0.16050567017446693,0.825698918224262,-0.1952579101803241,,,OwnHistoryOnly,,0,,,,,,,,,,False,False,0.0,-0.7910389999999989,0.7360389999999988,-1.1728084999999984,1.1178084999999982,-1.5545779999999978,1.4995779999999976,,,,,,,,,,0.0,No forward mark,No forward mark,,,False,,-1
TGP-Z6 200L North,Global_G05,5,regular,Global_G05_S01,1,regular,Northeast,Northeast - Demand Rest,3,Global_G05,Global_G05_S01,TGP-Z6 200L North,GLOBAL,Summer,TGP-Z6 200L NORTH,Tennessee Zone 6 delivered North FDt Com,,"Tennessee, zone 6, del. North",,TGP-Z6 200L North,61,-0.13663934426229515,0.6253263956470222,0.40486466316563857,-0.3450000000000002,0.3409979999999993,-0.7050000000000001,2.135,2026-08-05,0.31999999999999984,-0.445,0.3409979999999993,-0.3450000000000002,-0.09999999999999981,-0.4931195258735969,-0.29325685194634576,0.29325685194634576,True,forward_transition,,,August,September,-0.10499999999999998,-0.08340347252220351,,,0.49018797611626613,-0.34,-0.4833148354745293,0.14331483547452928,-0.14331483547452928,0.2864833267046366,7,mild weaker than history,mild,0.6664544878761484,0.2150406938232854,0.6400514315601137,current-month,Global_G05,7,4,6,Iroquois (into) | Iroquois-Z2 | PNGTS | AGT-CG (non-G) | TGP-Z6 200L South | TGP-Z6 300L,0.8718420105849475,0.5415963733373167,0.9767564656413243,0.1200339565637534,0.8718420105849475,-0.45073726725814994,0.00573726725814994,-0.08615038713741942,Global_G05 | Global_G05_S01,4,2,3,Iroquois (into) | Iroquois-Z2 | PNGTS,0.8006568454646201,0.5415963733373167,0.9555368310307946,0.18564353864790123,0.8006568454646201,-0.488186341473746,0.04318634147374604,0.22167328652736354,Subgroup,Global_G05 | Global_G05_S01,3,Iroquois (into) | Iroquois-Z2 | PNGTS,0.8006568454646201,-0.488186341473746,0.04318634147374604,0.18564353864790123,0.22167328652736354,0.17748423431477378,Lower than own-history expected value,Higher than peer-implied value,True,False,0.19835199400900555,-1.0269959999999987,0.3369959999999984,-1.3679939999999982,0.6779939999999978,-1.7089919999999974,1.018991999999997,1.3969691080928783,2.7939382161857567,2.2351505729486054,-0.7475246300819104,-0.22884805286558163,-1.0068629186900748,0.03049023574258275,-0.903127603246809,-0.073245079700683,0.35403826733960486,In-family,history=Lower than own-history expected value; peers=Higher than peer-implied value; subgroup peers=3; peer model trusted; history/peer direction disagree; pattern=mild weaker than history; historical check type=forward_transition; current month name=August; mark month name=September; current transition=-0.34; transition mean=-0.48; transition delta=+0.14; transition magnitude delta=-0.14; transition degree=mild; transition degree score=0.67; component current-month sd=0.22; component historical month sd=0.64; transition degree scale source=current-month; actual-to-date z=-0.08; mark z=0.49; transition z=0.29; pattern years=7,,,False,,0
AGT-CG (non-G),Global_G05,5,regular,Global_G05_S02,2,supergroup,Northeast,Northeast - Demand,3,Global_G05,Global_G05_S02,AGT-CG (non-G),GLOBAL,Summer,Algonquin,Algonquin CG FDt Com,ICE Algonquin CG (Excl J-Lat & G-Lat del & Brookfield) FDt Com,"Algonquin, city-gates",,AGT-CG (non-G),62,-0.2988129032258065,0.4977773811075115,0.3807751289118214,-0.4650000000000003,0.3484109999999998,-0.855,1.8099999999999996,2026-08-06,0.8835999999999999,-0.5492,0.3484109999999998,-0.4650000000000003,-0.08419999999999972,-0.5030101934666134,-0.2416686040337411,0.2416686040337411,True,forward_transition,,,August,September,0.020000000000000018,0.8515755401993065,,,0.24616805756136945,-0.5692,-0.3427510626050492,-0.22644893739495087,0.22644893739495087,-0.6298355699522373,26,mild stronger than history,mild,0.5680391118418604,0.39865025607249605,0.6297265143173469,current-month,Global_G05,7,4,6,Iroquois (into) | Iroquois-Z2 | PNGTS | TGP-Z6 200L North | TGP-Z6 200L South | TGP-Z6 300L,0.843551271501108,0.6368179334835835,0.9567606908277915,0.14193787322933935,0.843551271501108,-0.5304933617328734,-0.018706638267126704,-0.04999603661457101,Global_G05 | Global_G05_S02,3,1,2,TGP-Z6 200L South | TGP-Z6 300L,0.9531428535432911,0.9495250162587906,0.9567606908277915,0.09636900000000008,0.9531428535432911,-0.515,-0.03420000000000001,-0.3548859072938385,Subgroup,Global_G05 | Global_G05_S02,2,TGP-Z6 200L South | TGP-Z6 300L,0.9531428535432911,-0.515,-0.03420000000000001,0.09636900000000008,-0.3548859072938385,0.3382569663603491,Lower than own-history expected value,Lower than peer-implied value,False,True,0.0,-1.161822,0.2318219999999993,-1.5102329999999997,0.5802329999999991,-1.8586439999999995,0.9286439999999989,1.2803568078280276,2.5607136156560553,2.0485708925248445,-0.6383867052135793,-0.3916132947864207,-0.7617734104271586,-0.2682265895728414,-0.7124187283417269,-0.3175812716582731,0.2416686040337411,In-family,history=Lower than own-history expected value; peers=Lower than peer-implied value; subgroup peers=2; peer model untrusted; pattern=mild stronger than history; historical check type=forward_transition; current month name=August; mark month name=September; current transition=-0.57; transition mean=-0.34; transition delta=-0.23; transition magnitude delta=+0.23; transition degree=mild; transition degree score=0.57; component current-month sd=0.40; component historical month sd=0.63; transition degree scale source=current-month; actual-to-date z=0.85; mark z=0.25; transition z=-0.63; pattern years=26,,,False,,0
TGP-Z6 200L South,Global_G05,5,regular,Global_G05_S02,2,supergroup,Northeast,Northeast - Demand Rest,3,Global_G05,Global_G05_S02,TGP-Z6 200L South,GLOBAL,Summer,TGP-Z6 200L SOUTH,Tennessee Zone 6 delivered South FDt Com,,"Tennessee, zone 6, del. South",,TGP-Z6 200L South,62,-0.358991935483871,0.4457751260990808,0.32815566536383683,-0.5025,0.24462900000000004,-0.7949999999999999,1.4849999999999994,2026-08-06,0.6825000000000001,-0.545,0.24462900000000004,-0.5025,-0.04250000000000009,-0.4172688282180772,-0.17373246835003245,0.17373246835003245,True,forward_transition,,,August,September,-0.11749999999999994,0.8756247859876414,,,0.7269742479683872,-0.4275000000000001,-0.3395630987349259,-0.0879369012650742,0.0879369012650742,-0.3142004705285942,7,slight stronger than history,slight,0.24448522602451878,0.35968186174266104,0.5160810772279322,current-month,Global_G05,7,4,6,Iroquois (into) | Iroquois-Z2 | PNGTS | TGP-Z6 200L North | AGT-CG (non-G) | TGP-Z6 300L,0.8955138958047876,0.6787824109379142,0.993955625309136,0.11544372447759385,0.8955138958047876,-0.5862235393100971,0.041223539310097056,0.31349881498624405,Global_G05 | Global_G05_S02,3,1,2,AGT-CG (non-G) | TGP-Z6 300L,0.9753581580684636,0.9567606908277914,0.993955625309136,0.07370596184484259,0.9753581580684636,-0.5792,0.03420000000000001,0.3548859072938385,Subgroup,Global_G05 | Global_G05_S02,2,AGT-CG (non-G) | TGP-Z6 300L,0.9753581580684636,-0.5792,0.03420000000000001,0.07370596184484259,0.3548859072938385,0.34614086486257384,Lower than own-history expected value,Higher than peer-implied value,False,False,0.0,-0.991758,-0.013241999999999865,-1.2363870000000001,0.23138700000000023,-1.481016,0.4760160000000002,1.2656917595761679,2.5313835191523357,2.0251068153218688,-0.6724890285386528,-0.4859109714613473,-0.7657780570773054,-0.39262194292269464,-0.7284624456618444,-0.4299375543381557,0.17373246835003245,In-family,history=Lower than own-history expected value; peers=Higher than peer-implied value; subgroup peers=2; peer model untrusted; pattern=slight stronger than history; historical check type=forward_transition; current month name=August; mark month name=September; current transition=-0.43; transition mean=-0.34; transition delta=-0.09; transition magnitude delta=+0.09; transition degree=slight; transition degree score=0.24; component current-month sd=0.36; component historical month sd=0.52; transition degree scale source=current-month; actual-to-date z=0.88; mark z=0.73; transition z=-0.31; pattern years=7,,,False,,0
TGP-Z6 300L,Global_G05,5,regular,Global_G05_S02,2,supergroup,Northeast,Northeast - Demand Rest,3,Global_G05,Global_G05_S02,TGP-Z6 300L,GLOBAL,Summer,,Tenn Zn6 Dlvd FDt Com,ICE Tennessee zone 6 300 leg FDt Com,,,TGP-Z6 300L,61,-0.30786885245901624,0.4589457656924123,0.3281879714931191,-0.4099999999999997,0.25204200000000054,-0.7949999999999999,1.6150000000000002,2026-08-05,0.1200000000000001,,0.25204200000000054,-0.4099999999999997,,,,,False,forward_transition,,,August,September,-0.18500000000000005,,,,,,,,,,26,,,,,,,Global_G05,7,5,6,Iroquois (into) | Iroquois-Z2 | PNGTS | TGP-Z6 200L North | AGT-CG (non-G) | TGP-Z6 200L South,0.89625010456789,0.6244833294929641,0.993955625309136,0.11461772330997094,0.89625010456789,-0.532452577825847,,,Global_G05 | Global_G05_S02,3,2,2,AGT-CG (non-G) | TGP-Z6 200L South,0.9717403207839632,0.9495250162587906,0.993955625309136,0.0736215862326916,0.9717403207839632,-0.5041519173596275,,,OwnHistoryOnly,,0,,,,,,,,,,False,False,0.0,-0.9140840000000008,0.09408400000000139,-1.1661260000000013,0.34612600000000193,-1.4181680000000019,0.5981680000000025,,,,,,,,,,0.0,No forward mark,No forward mark,,,False,,-1
ANR-SE-T,Global_G06,6,regular,Global_G06_S01,1,regular,South Central,SouthCentral - Henry,3,Global_G06,Global_G06_S01,ANR-SE-T,GLOBAL,Summer,ANR-SE,ANR LA FDt Com,ICE ANR SE Transmission Pool FDt Com,"ANR, La",,ANR-SE-T,62,-0.324691935483871,0.10803535592859732,0.07647596429437223,-0.3074999999999999,0.1074885,-0.5300000000000002,-0.14500000000000002,2026-08-06,-0.2009000000000003,-0.1525,0.1074885,-0.3074999999999999,0.1549999999999999,1.593847995443973,1.4420147271568575,1.4420147271568575,True,forward_transition,,,August,September,-0.17295000000000016,-6.914467890500115,,,-1.9088713119137184,0.020450000000000162,-0.0005360758084575497,0.020986075808457714,0.01991392419154261,0.3880948274713119,26,in-line transition,,,0.09936264388591921,0.05344331617034033,current-month,Global_G06,7,5,6,CG-Onshore | Pine Prairie | TETCO-WLA | Transco-45 | TETCO-ELA | TETCO-M1 30,0.8547520571629081,0.7573895790045352,0.9192057670979931,0.04751510516651152,0.8547520571629081,-0.2410011430044898,0.08850114300448983,2.0628940059225513,Global_G06 | Global_G06_S01,5,3,4,CG-Onshore | Pine Prairie | TETCO-WLA | Transco-45,0.8302249462258794,0.7573895790045352,0.91300796685161,0.04920261945696055,0.8302249462258794,-0.21107091362426206,0.058570913624262096,1.4089370152223302,Subgroup,Global_G06 | Global_G06_S01,4,CG-Onshore | Pine Prairie | TETCO-WLA | Transco-45,0.8302249462258794,-0.21107091362426206,0.058570913624262096,0.04920261945696055,1.4089370152223302,1.16973465769861,Higher than own-history expected value,Higher than peer-implied value,True,True,1.2837766383682145,-0.5224769999999999,-0.09252299999999988,-0.6299655,0.014965500000000131,-0.7374539999999998,0.12245400000000012,1.3718673610282437,2.7437347220564874,2.1949877776451903,-0.27857038133435946,-0.14357144591416465,-0.3460698490444568,-0.07607197820406728,-0.3190700619604179,-0.10307176528810623,1.9306705908976962,Watch,history=Higher than own-history expected value; peers=slightly above peer-implied value; subgroup peers=4; peer model trusted; peer score v2=1.28 watch; history/peer direction agree; pattern=in-line transition; historical check type=forward_transition; current month name=August; mark month name=September; current transition=+0.02; transition mean=-0.00; transition delta=+0.02; transition magnitude delta=+0.02; component current-month sd=0.10; component historical month sd=0.05; transition degree scale source=current-month; actual-to-date z=-6.91; mark z=-1.91; transition z=0.39; pattern years=26,Watch,W,True,ANR-SE-T [Watch],1
CG-Onshore,Global_G06,6,regular,Global_G06_S01,1,regular,South Central,SouthCentral - Henry,3,Global_G06,Global_G06_S01,CG-Onshore,GLOBAL,Summer,CG-ONSHORE,Col Gulf LA FDt Com,,"Columbia Gulf, La",,CG-Onshore,62,-0.3041258064516128,0.1054526743910472,0.09147199457948718,-0.2875000000000001,0.08154299999999957,-0.54,-0.10499999999999998,2026-08-06,-0.18579999999999997,-0.15,0.08154299999999957,-0.2875000000000001,0.1375000000000001,1.4615637520967215,1.6862268986914979,1.6862268986914979,True,forward_transition,,,August,September,-0.16039999999999988,-1.17329468540378,,,-1.5347291130659064,0.010399999999999882,0.008740622079539689,0.0016593779204601925,0.0016593779204601925,0.032383920774468236,26,in-line transition,,,0.09370080042347564,0.05371893467297915,current-month,Global_G06,7,5,6,ANR-SE-T | Pine Prairie | TETCO-WLA | Transco-45 | TETCO-ELA | TETCO-M1 30,0.8408982363729903,0.7749624792406286,0.8803837895062953,0.0544977690859382,0.8408982363729903,-0.21656090877655632,0.06656090877655632,1.3933256264664613,Global_G06 | Global_G06_S01,5,3,4,ANR-SE-T | Pine Prairie | TETCO-WLA | Transco-45,0.8252265093090038,0.7749624792406286,0.8803837895062953,0.058800694461056804,0.8252265093090038,-0.18350035521330557,0.03350035521330554,0.6163820676314387,Subgroup,Global_G06 | Global_G06_S01,4,ANR-SE-T | Pine Prairie | TETCO-WLA | Transco-45,0.8252265093090038,-0.18350035521330557,0.03350035521330554,0.058800694461056804,0.6163820676314387,0.5086548220721584,Higher than own-history expected value,Higher than peer-implied value,True,True,0.5599336665530467,-0.45058599999999926,-0.12441400000000094,-0.5321289999999987,-0.04287100000000138,-0.6136719999999984,0.03867199999999821,1.3760158221640084,2.752031644328017,2.2016253154624135,-0.2644110411459513,-0.10258966928065984,-0.34532172707859704,-0.021678983348014103,-0.31295745270553876,-0.05404325772107241,1.7767630300099915,In-family,history=Higher than own-history expected value; peers=Higher than peer-implied value; subgroup peers=4; peer model trusted; history/peer direction agree; pattern=in-line transition; historical check type=forward_transition; current month name=August; mark month name=September; current transition=+0.01; transition mean=+0.01; transition delta=+0.00; transition magnitude delta=+0.00; component current-month sd=0.09; component historical month sd=0.05; transition degree scale source=current-month; actual-to-date z=-1.17; mark z=-1.53; transition z=0.03; pattern years=26,,,False,,0
Pine Prairie,Global_G06,6,regular,Global_G06_S01,1,regular,South Central,SouthCentral - Henry,3,Global_G06,Global_G06_S01,Pine Prairie,GLOBAL,Summer,PINE PRAIRIE,Pine Prairie Hub FDt Com,,Pine Prairie Hub,,Pine Prairie,62,-0.26015,0.1083982559142253,0.07741175727197011,-0.25,0.09636899999999991,-0.49499999999999966,-0.0950000000000002,2026-08-06,-0.17930000000000001,-0.15,0.09636899999999991,-0.25,0.1,1.0161602607994065,1.037678091502455,1.037678091502455,True,forward_transition,,,August,September,-0.1571499999999999,-1.943965719235586,,,-1.8463128506754976,0.007149999999999906,0.014609914773120517,-0.007459914773120611,-0.007459914773120611,-0.3511254413612996,12,in-line transition,,,0.09018470860776052,0.059790400591815396,current-month,Global_G06,7,5,6,ANR-SE-T | CG-Onshore | TETCO-WLA | Transco-45 | TETCO-ELA | TETCO-M1 30,0.9129245244012719,0.8245391902330664,0.9647143214830761,0.038021789358127854,0.9129245244012719,-0.17148767041321825,0.02148767041321823,0.7326099533722632,Global_G06 | Global_G06_S01,5,3,4,ANR-SE-T | CG-Onshore | TETCO-WLA | Transco-45,0.8956613170185119,0.8245391902330664,0.9647143214830761,0.03950741576955319,0.8956613170185119,-0.13605200193261435,-0.01394799806738563,-0.20744646540745773,Subgroup,Global_G06 | Global_G06_S01,4,ANR-SE-T | CG-Onshore | TETCO-WLA | Transco-45,0.8956613170185119,-0.13605200193261435,-0.01394799806738563,0.03950741576955319,-0.20744646540745773,0.18580177441767876,Higher than own-history expected value,Lower than peer-implied value,True,False,0.19632605881385504,-0.44273799999999985,-0.057262000000000174,-0.5391069999999998,0.039106999999999725,-0.6354759999999997,0.13547599999999965,1.3208031747083713,2.6416063494167425,2.113285079533394,-0.18823352210556377,-0.08387048175966494,-0.24041504227851318,-0.03168896158671551,-0.21954243420933342,-0.052561569655895285,1.056086995921055,In-family,history=Higher than own-history expected value; peers=Lower than peer-implied value; subgroup peers=4; peer model trusted; history/peer direction disagree; pattern=in-line transition; historical check type=forward_transition; current month name=August; mark month name=September; current transition=+0.01; transition mean=+0.01; transition delta=-0.01; transition magnitude delta=-0.01; component current-month sd=0.09; component historical month sd=0.06; transition degree scale source=current-month; actual-to-date z=-1.94; mark z=-1.85; transition z=-0.35; pattern years=12,,,False,,0
TETCO-WLA,Global_G06,6,regular,Global_G06_S01,1,regular,South Central,SouthCentral - Henry,3,Global_G06,Global_G06_S01,TETCO-WLA,GLOBAL,Summer,TETCO-WLA,TX Eastern W LA FDt Com,,"Texas Eastern, WLA",,TETCO-WLA,62,-0.29303709677419354,0.09842780533753788,0.07280038468942973,-0.27249999999999996,0.10007549999999983,-0.5,-0.16500000000000004,2026-08-06,-0.20330000000000004,-0.2292,0.10007549999999983,-0.27249999999999996,0.04329999999999998,0.6485677147354589,0.43267333163461635,0.43267333163461635,True,forward_transition,,,August,September,-0.19914999999999994,-2.26885864357238,,,-2.8317583249043445,-0.03005000000000005,0.009182056267084205,-0.03923205626708425,0.020867943732915846,-0.8984742442671956,26,slight stronger than history,slight,0.2822136698354964,0.07394377368424379,0.05918129376682211,current-month,Global_G06,7,5,5,CG-Onshore | Pine Prairie | Transco-45 | TETCO-ELA | TETCO-M1 30,0.874710749984543,0.7356756423844931,0.9647143214830762,0.04617519050071023,0.874710749984543,-0.21604371901494254,-0.013156280985057441,-0.374989838725862,Global_G06 | Global_G06_S01,5,3,4,ANR-SE-T | CG-Onshore | Pine Prairie | Transco-45,0.8555765524896757,0.7356756423844931,0.9647143214830762,0.04468156271837398,0.8555765524896757,-0.15613558786532442,-0.07306441213467556,-1.710920522307687,Subgroup,Global_G06 | Global_G06_S01,4,ANR-SE-T | CG-Onshore | Pine Prairie | Transco-45,0.8555765524896757,-0.15613558786532442,-0.07306441213467556,0.04468156271837398,-1.710920522307687,1.4638234820598461,Higher than own-history expected value,Lower than peer-implied value,True,False,1.582556677181607,-0.4726509999999996,-0.0723490000000003,-0.5727264999999995,0.027726499999999543,-0.6728019999999992,0.12780199999999936,1.351389611330291,2.702779222660582,2.1622233781284654,-0.21651778754093784,-0.09575338818971099,-0.2768999872165513,-0.035371188514097554,-0.2527471073463059,-0.05952406838434293,1.6406376347017912,Watch,history=Higher than own-history expected value; peers=slightly below peer-implied value; subgroup peers=4; peer model trusted; peer score v2=1.58; history/peer direction disagree; pattern=slight stronger than history; historical check type=forward_transition; current month name=August; mark month name=September; current transition=-0.03; transition mean=+0.01; transition delta=-0.04; transition magnitude delta=+0.02; transition degree=slight; transition degree score=0.28; component current-month sd=0.07; component historical month sd=0.06; transition degree scale source=current-month; actual-to-date z=-2.27; mark z=-2.83; transition z=-0.90; pattern years=26,Watch,W,True,TETCO-WLA [Watch],1
Transco-45,Global_G06,6,regular,Global_G06_S01,1,regular,South Central,SouthCentral - Henry,3,Global_G06,Global_G06_S01,Transco-45,GLOBAL,Summer,,Transco Zn2 FDt Com,,"Transco, station 45",,Transco-45,61,-0.339672131147541,0.11822601537048641,0.08061136452384043,-0.33499999999999996,0.15567299999999998,-0.5799999999999996,-0.1299999999999999,2026-08-05,-0.3400000000000003,,0.15567299999999998,-0.33499999999999996,,,,,False,forward_transition,,,August,September,-0.21499999999999986,,,,,,,,,,26,,,,,,,Global_G06,7,6,6,ANR-SE-T | CG-Onshore | Pine Prairie | TETCO-WLA | TETCO-ELA | TETCO-M1 30,0.8013324497633607,0.7356756423844931,0.8779232464241129,0.06145076660345596,0.8013324497633607,-0.24215137082617974,,,Global_G06 | Global_G06_S01,5,4,4,ANR-SE-T | CG-Onshore | Pine Prairie | TETCO-WLA,0.7731417227156808,0.7356756423844931,0.8245391902330664,0.06464909497925883,0.7731417227156808,-0.21144395792706802,,,OwnHistoryOnly,,0,,,,,,,,,,False,False,0.0,-0.6463459999999999,-0.02365400000000001,-0.8020189999999999,0.132019,-0.9576919999999999,0.28769199999999995,,,,,,,,,,0.0,No forward mark,No forward mark,,,False,,-1
TETCO-ELA,Global_G06,6,regular,Global_G06_S02,2,regular,South Central,SouthCentral - Perryville,3,Global_G06,Global_G06_S02,TETCO-ELA,GLOBAL,Summer,TETCO-ELA,TX Eastern E LA FDt Com,,"Texas Eastern, ELA",,TETCO-ELA,62,-0.30667096774193553,0.10879879517639433,0.06843664374916604,-0.2950000000000004,0.09636900000000025,-0.5699999999999998,-0.13500000000000023,2026-08-06,-0.17359999999999998,-0.2533,0.09636900000000025,-0.2950000000000004,0.04170000000000035,0.49054741511986155,0.43271176415652585,0.43271176415652585,True,forward_transition,,,August,September,-0.17179999999999995,-0.18109080632688207,,,-0.2260120755430238,-0.08150000000000007,-0.05948249775033091,-0.02201750224966916,0.02201750224966916,-0.16233459769254632,26,slight stronger than history,slight,0.29930836094830676,0.07356126698201987,0.10199316639746131,current-month,Global_G06,7,5,5,CG-Onshore | Pine Prairie | TETCO-WLA | Transco-45 | TETCO-M1 30,0.9084038622548437,0.8375045612933277,0.9684462994304033,0.039618208844462835,0.9084038622548437,-0.2212958925260337,-0.03200410747396632,-0.7424838110531934,Global_G06 | Global_G06_S02,2,1,1,TETCO-M1 30,0.9684462994304033,0.9684462994304033,0.9684462994304033,0.025945500000000104,0.9684462994304033,-0.28250000000000014,0.029200000000000115,1.1254360100980902,Parent,Global_G06,5,CG-Onshore | Pine Prairie | TETCO-WLA | Transco-45 | TETCO-M1 30,0.9084038622548437,-0.2212958925260337,-0.03200410747396632,0.039618208844462835,-0.7424838110531934,0.6744751616224165,Higher than own-history expected value,Lower than peer-implied value,True,False,0.7076629766083078,-0.4877380000000009,-0.10226199999999988,-0.584107000000001,-0.0058929999999996485,-0.6804760000000014,0.09047600000000061,1.3115067404892637,2.6230134809785275,2.0984107847828217,-0.27325544047165806,-0.16933634458040933,-0.32521498841728247,-0.11737679663478497,-0.3044311692390327,-0.13816061581303474,0.829473543460901,In-family,history=Higher than own-history expected value; peers=Lower than peer-implied value; parent peers=5; peer model trusted; history/peer direction disagree; pattern=slight stronger than history; historical check type=forward_transition; current month name=August; mark month name=September; current transition=-0.08; transition mean=-0.06; transition delta=-0.02; transition magnitude delta=+0.02; transition degree=slight; transition degree score=0.30; component current-month sd=0.07; component historical month sd=0.10; transition degree scale source=current-month; actual-to-date z=-0.18; mark z=-0.23; transition z=-0.16; pattern years=26,,,False,,0
TETCO-M1 30,Global_G06,6,regular,Global_G06_S02,2,regular,South Central,SouthCentral - Perryville,3,Global_G06,Global_G06_S02,TETCO-M1 30,GLOBAL,Summer,,TX Eastern M-1 30-in (Kosi) FDt Com,,"Texas Eastern, M-1 30-in",,TETCO-M1 30,62,-0.2753564516129033,0.11438871981095611,0.07783431260427007,-0.2650000000000001,0.1186080000000001,-0.5299999999999998,-0.08000000000000007,2026-08-06,-0.1520999999999999,-0.2575,0.1186080000000001,-0.2650000000000001,0.007500000000000118,0.15610325600648076,0.06323350870093174,0.06323350870093174,True,forward_transition,,,August,September,-0.1310499999999999,0.2199454248699452,,,-1.066652982741974,-0.12645000000000012,-0.016474587644464404,-0.1099754123555357,0.1099754123555357,-1.2432081047525136,24,moderate stronger than history,moderate,1.1686600471449946,0.09410385220595391,0.13463601000785017,current-month,Global_G06,7,5,5,CG-Onshore | Pine Prairie | TETCO-WLA | Transco-45 | TETCO-ELA,0.9128726505856521,0.8760911871104765,0.9684462994304034,0.04400648289982897,0.9128726505856521,-0.1816278115538514,-0.07587218844614857,-1.8125071981705794,Global_G06 | Global_G06_S02,2,1,1,TETCO-ELA,0.9684462994304034,0.9684462994304034,0.9684462994304034,0.025945500000000104,0.9684462994304034,-0.2282999999999999,-0.029200000000000115,-1.1254360100980902,Parent,Global_G06,5,CG-Onshore | Pine Prairie | TETCO-WLA | Transco-45 | TETCO-ELA,0.9128726505856521,-0.1816278115538514,-0.07587218844614857,0.04400648289982897,-1.8125071981705794,1.6545882501995506,Higher than own-history expected value,Lower than peer-implied value,True,False,1.7317485710966096,-0.5022160000000003,-0.02778399999999992,-0.6208240000000005,0.09082400000000018,-0.7394320000000005,0.20943200000000028,1.308292690710025,2.61658538142005,2.0932683051360397,-0.23920117147555336,-0.12405445163214947,-0.2967745313972553,-0.06648109171044753,-0.2737451874285745,-0.08951043567912831,1.732902648771067,Watch,history=Higher than own-history expected value; peers=slightly below peer-implied value; parent peers=5; peer model trusted; peer score v2=1.73; history/peer direction disagree; pattern=moderate stronger than history; historical check type=forward_transition; current month name=August; mark month name=September; current transition=-0.13; transition mean=-0.02; transition delta=-0.11; transition magnitude delta=+0.11; transition degree=moderate; transition degree score=1.17; component current-month sd=0.09; component historical month sd=0.13; transition degree scale source=current-month; actual-to-date z=0.22; mark z=-1.07; transition z=-1.24; pattern years=24,Watch,W,True,TETCO-M1 30 [Watch],1
ANR-SW,Global_G07,7,regular,Global_G07_S01,1,regular,South Central,SouthCentral - Midcon,3,Global_G07,Global_G07_S01,ANR-SW,GLOBAL,Summer,ANR-SW,ANR OK FDt Com,,"ANR, Okla",,ANR-SW,62,-0.5196403225806452,0.18873262678458383,0.09784510229804987,-0.5449999999999999,0.2372160000000002,-0.8500000000000001,-0.18999999999999995,2026-08-06,-0.26270000000000016,-0.4523,0.2372160000000002,-0.5449999999999999,0.09269999999999995,0.3568027623411732,0.39078308377175175,0.39078308377175175,True,forward_transition,,,August,September,-0.29499999999999993,0.3919725795104012,,,-0.007582044346492291,-0.15730000000000005,-0.09714776579796276,-0.06015223420203729,0.06015223420203729,-0.2808130547117413,26,mild stronger than history,mild,0.8118002421869241,0.07409733463492452,0.314620485871419,current-month,Global_G07,7,5,6,Enable West Pool  | NGPL-Midcont Pool | Panhandle | Southern Star | OGT | ONEOK Westex,0.942907792141059,0.9015332564164431,0.9866635994919467,0.05869914275303027,0.942907792141059,-0.4791748977215352,0.02687489772153522,0.15067665677865702,Global_G07 | Global_G07_S01,5,3,4,Enable West Pool  | NGPL-Midcont Pool | Panhandle | Southern Star,0.9613228419581532,0.9447071954437218,0.9866635994919467,0.04891669250511043,0.9613228419581532,-0.427214877986362,-0.025085122013638047,-0.5834484077090796,Subgroup,Global_G07 | Global_G07_S01,4,Enable West Pool  | NGPL-Midcont Pool | Panhandle | Southern Star,0.9613228419581532,-0.427214877986362,-0.025085122013638047,0.04891669250511043,-0.5834484077090796,0.5608822814348516,Higher than own-history expected value,Lower than peer-implied value,True,False,0.572054083120993,-1.0194320000000003,-0.07056799999999952,-1.2566480000000007,0.16664800000000068,-1.4938640000000007,0.4038640000000009,1.2748978307390137,2.5497956614780275,2.0398365291824216,-0.48957866314805465,-0.3648510928246693,-0.5519424483097473,-0.30248730766297666,-0.5269969342450702,-0.32743282172765376,0.6927895009146429,In-family,history=Higher than own-history expected value; peers=Lower than peer-implied value; subgroup peers=4; peer model trusted; history/peer direction disagree; pattern=mild stronger than history; historical check type=forward_transition; current month name=August; mark month name=September; current transition=-0.16; transition mean=-0.10; transition delta=-0.06; transition magnitude delta=+0.06; transition degree=mild; transition degree score=0.81; component current-month sd=0.07; component historical month sd=0.31; transition degree scale source=current-month; actual-to-date z=0.39; mark z=-0.01; transition z=-0.28; pattern years=26,,,False,,0
Enable West Pool ,Global_G07,7,regular,Global_G07_S01,1,regular,South Central,SouthCentral - Midcon,3,Global_G07,Global_G07_S01,Enable West Pool ,GLOBAL,Summer,,,ICE Enable Gas West Pool FDt Com,,Panhandle,Enable West Pool ,61,-0.44923278688524587,0.1752212237157279,0.1065907381286117,-0.42669999999999986,0.23173037999999982,-0.7877000000000001,-0.14329999999999998,2026-08-06,-0.2549999999999999,,0.23173037999999982,-0.42669999999999986,,,,,False,forward_transition,,,August,September,-0.2704,,,,,,,,,,12,,,,,,,Global_G07,7,6,6,ANR-SW | NGPL-Midcont Pool | Panhandle | Southern Star | OGT | ONEOK Westex,0.9522068506602969,0.9306762567223589,0.9826961422683789,0.05700021784408281,0.9522068506602969,-0.4070499974022745,,,Global_G07 | Global_G07_S01,5,4,4,ANR-SW | NGPL-Midcont Pool | Panhandle | Southern Star,0.9627920604122333,0.9474903937220055,0.9826961422683789,0.04742738072597013,0.9627920604122333,-0.3764121219528237,,,OwnHistoryOnly,,0,,,,,,,,,,False,False,0.0,-0.8901607599999994,0.03676075999999978,-1.1218911399999993,0.26849113999999963,-1.353621519999999,0.5002215199999994,,,,,,,,,,0.0,No forward mark,No forward mark,,,False,,-1
NGPL-Midcont Pool,Global_G07,7,regular,Global_G07_S01,1,regular,South Central,SouthCentral - Midcon,3,Global_G07,Global_G07_S01,NGPL-Midcont Pool,GLOBAL,Summer,NGPL-MIDCONT POOL,NGPL Midcont FDt Com,,"NGPL, Midcontinent",,NGPL-Midcont Pool,62,-0.4631370967741935,0.1578053939881681,0.08581579745534137,-0.45999999999999996,0.185325,-0.79,-0.17000000000000037,2026-08-06,-0.2695000000000003,-0.3936,0.185325,-0.45999999999999996,0.06639999999999996,0.4406509499884855,0.35828949143396716,0.35828949143396716,True,forward_transition,,,August,September,-0.26475000000000004,0.4288294147199071,,,0.22088870402951033,-0.12884999999999996,-0.12278633445336072,-0.006063665546639244,0.006063665546639244,-0.026086392578238093,26,in-line transition,,,0.08907323765681059,0.3358331687239461,current-month,Global_G07,7,5,6,ANR-SW | Enable West Pool  | Panhandle | Southern Star | OGT | ONEOK Westex,0.954872837918224,0.9433402931224762,0.967274441488258,0.04888118026652744,0.954872837918224,-0.4464692279946613,0.052869227994661296,0.8761827097975127,Global_G07 | Global_G07_S01,5,3,4,ANR-SW | Enable West Pool  | Panhandle | Southern Star,0.9583143249683913,0.9447071954437217,0.967274441488258,0.04490497219982179,0.9583143249683913,-0.39830143763979303,0.004701437639792997,0.06840289355553353,Subgroup,Global_G07 | Global_G07_S01,4,ANR-SW | Enable West Pool  | Panhandle | Southern Star,0.9583143249683913,-0.39830143763979303,0.004701437639792997,0.04490497219982179,0.06840289355553353,0.06555147276355584,Higher than own-history expected value,Higher than peer-implied value,True,True,0.06696200724182307,-0.8306499999999999,-0.08934999999999998,-1.015975,0.09597500000000003,-1.2012999999999998,0.2813,1.2768974597137397,2.5537949194274794,2.0430359355419836,-0.4556404825702616,-0.3409623927093245,-0.5129795275007302,-0.28362334777885595,-0.4900439095285427,-0.30655896575104336,0.364493168778051,In-family,history=Higher than own-history expected value; peers=Higher than peer-implied value; subgroup peers=4; peer model trusted; history/peer direction agree; pattern=in-line transition; historical check type=forward_transition; current month name=August; mark month name=September; current transition=-0.13; transition mean=-0.12; transition delta=-0.01; transition magnitude delta=+0.01; component current-month sd=0.09; component historical month sd=0.34; transition degree scale source=current-month; actual-to-date z=0.43; mark z=0.22; transition z=-0.03; pattern years=26,,,False,,0
Panhandle,Global_G07,7,regular,Global_G07_S01,1,regular,South Central,SouthCentral - Midcon,3,Global_G07,Global_G07_S01,Panhandle,GLOBAL,Summer,PANHANDLE,Panhandle TX-OK FDt Com,,"Panhandle, Tx.-Okla",,Panhandle,62,-0.5207080645161289,0.17720286262942064,0.0928089841609292,-0.52,0.2298029999999997,-0.8249999999999997,-0.18999999999999995,2026-08-06,-0.33389999999999986,-0.43,0.2298029999999997,-0.52,0.09000000000000002,0.5118882571655977,0.3916397958251204,0.3916397958251204,True,forward_transition,,,August,September,-0.31945,0.4086432578039011,,,0.2285093888224676,-0.11054999999999998,-0.10108744446647393,-0.009462555533526054,0.009462555533526054,-0.04200477609039676,26,in-line transition,,,0.10176640735855158,0.3268714292262313,current-month,Global_G07,7,5,6,ANR-SW | Enable West Pool  | NGPL-Midcont Pool | Southern Star | OGT | ONEOK Westex,0.9597497857314488,0.9287952909670742,0.9866635994919468,0.051008172053287865,0.9597497857314488,-0.4948000995034266,0.06480009950342669,1.0140326469135612,Global_G07 | Global_G07_S01,5,3,4,ANR-SW | Enable West Pool  | NGPL-Midcont Pool | Southern Star,0.9738207692037566,0.9626045690188454,0.9866635994919468,0.04042853023548156,0.9738207692037566,-0.4422888372514398,0.012288837251439838,0.3577419630451306,Subgroup,Global_G07 | Global_G07_S01,4,ANR-SW | Enable West Pool  | NGPL-Midcont Pool | Southern Star,0.9738207692037566,-0.4422888372514398,0.012288837251439838,0.04042853023548156,0.3577419630451306,0.34837655362907094,Higher than own-history expected value,Higher than peer-implied value,True,True,0.35302820308604393,-0.9796059999999994,-0.060394000000000614,-1.209408999999999,0.16940899999999903,-1.4392119999999988,0.3992119999999988,1.2666904510669428,2.5333809021338856,2.0267047217071084,-0.49349927045139547,-0.39107840405148414,-0.5447097036513512,-0.3398679708515284,-0.5242255303713689,-0.36035214413151073,0.5272671446696665,In-family,history=Higher than own-history expected value; peers=Higher than peer-implied value; subgroup peers=4; peer model trusted; history/peer direction agree; pattern=in-line transition; historical check type=forward_transition; current month name=August; mark month name=September; current transition=-0.11; transition mean=-0.10; transition delta=-0.01; transition magnitude delta=+0.01; component current-month sd=0.10; component historical month sd=0.33; transition degree scale source=current-month; actual-to-date z=0.41; mark z=0.23; transition z=-0.04; pattern years=26,,,False,,0
Southern Star,Global_G07,7,regular,Global_G07_S01,1,regular,South Central,SouthCentral - Midcon,3,Global_G07,Global_G07_S01,Southern Star,GLOBAL,Summer,SOUTHERN STAR,Sth Star TxOkKs FDt Com,,Southern Star,,Southern Star,62,-0.5067274193548389,0.17732222237308398,0.07772131734214818,-0.5350000000000001,0.17049900000000032,-0.8500000000000001,-0.1299999999999999,2026-08-06,-0.30210000000000026,-0.4231,0.17049900000000032,-0.5350000000000001,0.11190000000000017,0.4716127411198793,0.6563088346559215,0.6563088346559215,True,forward_transition,,,August,September,-0.2985500000000001,0.3458241014221844,,,0.22116354119725873,-0.12454999999999988,-0.13212093287178012,0.007570932871780234,-0.007570932871780234,0.03492432844217043,26,in-line transition,,,0.07508529594179317,0.3148789208881573,current-month,Global_G07,7,5,6,ANR-SW | Enable West Pool  | NGPL-Midcont Pool | Panhandle | OGT | ONEOK Westex,0.9530463316440394,0.9413566482696902,0.967274441488258,0.05357332833557987,0.9530463316440394,-0.4796166932257412,0.056516693225741176,1.1021459602736394,Global_G07 | Global_G07_S01,5,3,4,ANR-SW | Enable West Pool  | NGPL-Midcont Pool | Panhandle,0.9574233906018138,0.9474903937220055,0.967274441488258,0.052037721844433726,0.9574233906018138,-0.43108449244414493,0.007984492444144965,0.1538704677910419,Subgroup,Global_G07 | Global_G07_S01,4,ANR-SW | Enable West Pool  | NGPL-Midcont Pool | Panhandle,0.9574233906018138,-0.43108449244414493,0.007984492444144965,0.052037721844433726,0.1538704677910419,0.14731918498598653,Higher than own-history expected value,Higher than peer-implied value,True,True,0.15055919735568726,-0.8759980000000007,-0.1940019999999995,-1.0464970000000011,-0.023502999999999163,-1.2169960000000013,0.14699600000000113,1.2774914327180886,2.5549828654361773,2.043986292348942,-0.49756223627857593,-0.3646067486097139,-0.5640399801130069,-0.2981290047752829,-0.5374488825792345,-0.3247201023090553,0.6733567838492477,In-family,history=Higher than own-history expected value; peers=Higher than peer-implied value; subgroup peers=4; peer model trusted; history/peer direction agree; pattern=in-line transition; historical check type=forward_transition; current month name=August; mark month name=September; current transition=-0.12; transition mean=-0.13; transition delta=+0.01; transition magnitude delta=-0.01; component current-month sd=0.08; component historical month sd=0.31; transition degree scale source=current-month; actual-to-date z=0.35; mark z=0.22; transition z=0.03; pattern years=26,,,False,,0
OGT,Global_G07,7,regular,Global_G07_S02,2,supergroup,South Central,SouthCentral - Midcon,3,Global_G07,Global_G07_S02,OGT,GLOBAL,Summer,,,,,,OGT,60,-0.5085749999999999,0.18197220557462868,0.10796447109714825,-0.4916499999999999,0.21979544999999998,-0.8882999999999996,-0.24109999999999987,2026-08-06,-0.34350000000000014,-0.4075,0.21979544999999998,-0.4916499999999999,0.08414999999999995,0.555441968078735,0.38285596903848534,0.38285596903848534,True,forward_transition,,,August,September,-0.2923,0.584994400691023,,,0.21073228607299938,-0.11519999999999997,-0.048494684807438584,-0.06670531519256138,0.06670531519256138,-0.3608377580785689,12,mild stronger than history,mild,0.5531074711215271,0.12060100193060869,0.30050606083688475,current-month,Global_G07,7,5,6,ANR-SW | Enable West Pool  | NGPL-Midcont Pool | Panhandle | Southern Star | ONEOK Westex,0.9440592237213221,0.9106221285972983,0.9887693967010917,0.05687036104899487,0.9440592237213221,-0.4999120776842214,0.09241207768422142,21.36455234789254,Global_G07 | Global_G07_S02,2,1,1,ONEOK Westex,0.9887693967010917,0.9887693967010917,0.9887693967010917,0.0031875900000001424,0.9887693967010917,-0.8187000000000001,0.4112000000000001,129.00027920779704,Parent,Global_G07,6,ANR-SW | Enable West Pool  | NGPL-Midcont Pool | Panhandle | Southern Star | ONEOK Westex,0.9440592237213221,-0.4999120776842214,0.09241207768422142,0.05687036104899487,21.36455234789254,20.169402704704982,Higher than own-history expected value,Higher than peer-implied value,True,True,20.758378065503937,-0.9312408999999999,-0.05205909999999997,-1.1510363499999998,0.16773634999999998,-1.3708318,0.3875318,1.2865017849947016,2.573003569989403,2.0584028559915226,-0.5730758986870464,-0.4267482566813964,-0.6462397196898715,-0.35358443567857134,-0.6169741912887415,-0.38284996407970134,20.76190835649323,Outlier,history=Higher than own-history expected value; peers=very far above peer-implied value; parent peers=6; peer model trusted; peer score v2=20.76 (high); history/peer direction agree; pattern=mild stronger than history; historical check type=forward_transition; current month name=August; mark month name=September; current transition=-0.12; transition mean=-0.05; transition delta=-0.07; transition magnitude delta=+0.07; transition degree=mild; transition degree score=0.55; component current-month sd=0.12; component historical month sd=0.30; transition degree scale source=current-month; actual-to-date z=0.58; mark z=0.21; transition z=-0.36; pattern years=12,Outlier,O,True,OGT [Outlier],2
ONEOK Westex,Global_G07,7,regular,Global_G07_S02,2,supergroup,South Central,SouthCentral - WesTex,3,Global_G07,Global_G07_S02,ONEOK Westex,GLOBAL,Summer,ONEOK WESTEX,Oneok OK FDt Com,ICE ONEOK Westex Pool FDt Com,"Oneok, Okla.",Waha,ONEOK Westex,62,-0.5203403225806452,0.17382212639973008,0.09793978104111985,-0.48999999999999977,0.20756399999999953,-0.8899999999999997,-0.2400000000000002,2026-08-06,-0.46110000000000007,-0.8197,0.20756399999999953,-0.48999999999999977,-0.3297000000000002,-1.7222184748271474,-1.5884257385673863,1.5884257385673863,True,forward_transition,,,August,September,-0.4055500000000001,0.06896285198446968,,,-0.8165500715369601,-0.4141499999999999,-0.08062703651212698,-0.3335229634878729,0.3335229634878729,-1.3057356359943184,26,very stronger than history,very strong,4.736948758318717,0.07040881810303772,0.3495838446913499,current-month,Global_G07,7,5,6,ANR-SW | Enable West Pool  | NGPL-Midcont Pool | Panhandle | Southern Star | OGT,0.9391985818445442,0.901533256416443,0.9887693967010917,0.05721035196179883,0.9391985818445442,-0.4354246619610817,-0.3842753380389182,-26.18680503764995,Global_G07 | Global_G07_S02,2,1,1,OGT,0.9887693967010917,0.9887693967010917,0.9887693967010917,0.0031875900000001424,0.9887693967010917,-0.40849999999999986,-0.4112000000000001,-129.00027920779704,Parent,Global_G07,6,ANR-SW | Enable West Pool  | NGPL-Midcont Pool | Panhandle | Southern Star | OGT,0.9391985818445442,-0.4354246619610817,-0.3842753380389182,0.05721035196179883,-26.18680503764995,24.5946101544004,Lower than own-history expected value,Lower than peer-implied value,True,True,25.37822415162828,-0.9051279999999988,-0.07487200000000072,-1.1126919999999982,0.1326919999999988,-1.3202559999999979,0.34025599999999834,1.2898265103770958,2.5796530207541917,2.0637224166033534,-0.5092160905894141,-0.36163323333274927,-0.5830075192177465,-0.2878418047044169,-0.5534909477664136,-0.3173583761557498,25.42788542952859,Outlier,history=Lower than own-history expected value; peers=very far below peer-implied value; parent peers=6; peer model trusted; peer score v2=25.38 (high); history/peer direction agree; pattern=very stronger than history; historical check type=forward_transition; current month name=August; mark month name=September; current transition=-0.41; transition mean=-0.08; transition delta=-0.33; transition magnitude delta=+0.33; transition degree=very strong; transition degree score=4.74; component current-month sd=0.07; component historical month sd=0.35; transition degree scale source=current-month; actual-to-date z=0.07; mark z=-0.82; transition z=-1.31; pattern years=26,Outlier,O,True,ONEOK Westex [Outlier],2
Transco-Z6 (non-NY north),Global_G08,8,regular,Global_G08_S01,1,supergroup,Northeast,Northeast - Demand,3,Global_G08,Global_G08_S01,Transco-Z6 (non-NY north),GLOBAL,Summer,TRANSCO-Z6 (NON-NY NORTH),Transco Zone 6 Non-NY North FDt Com,,"Transco, zone 6 non-N.Y. North",,Transco-Z6 (non-NY north),61,-0.7122131147540984,0.17058850242167534,0.1298391007762896,-0.7000000000000002,0.17791199999999982,-0.98,-0.22999999999999998,2026-08-05,-0.6299999999999999,-0.8572,0.17791199999999982,-0.7000000000000002,-0.15719999999999978,-0.8499217894973394,-0.8835828949143394,0.8835828949143394,True,forward_transition,,,August,September,-0.8399999999999999,-0.6059723054415863,,,0.2052967509431089,-0.017200000000000104,-0.31970472008333456,0.30250472008333446,-0.30250472008333446,1.379021375567244,11,very strong weaker than history,very strong,2.849510079042989,0.10616025621672165,0.49410883523341137,current-month,Global_G08,7,5,6,Transco-Z6 (non-NY south) | Transco-Z6 Sta-210 | Millennium-Ramapo | TETCO-M3 | TGP-Mahwah | Transco-Z6 (NY),0.9827195288907076,0.9587834688581152,0.9999801385204993,0.0210131210253342,0.9827195288907076,-0.8282963301603011,-0.02890366983969869,-0.8822087338428858,Global_G08 | Global_G08_S01,3,1,2,Transco-Z6 (non-NY south) | Transco-Z6 Sta-210,0.999916576660129,0.9998530147997587,0.9999801385204993,0.001657011341153161,0.999916576660129,-0.8578000000000003,0.000600000000000378,0.26979630379071795,Subgroup,Global_G08 | Global_G08_S01,2,Transco-Z6 (non-NY south) | Transco-Z6 Sta-210,0.999916576660129,-0.8578000000000003,0.000600000000000378,0.001657011341153161,0.26979630379071795,0.26977379648197086,Lower than own-history expected value,Higher than peer-implied value,False,False,0.0,-1.0558239999999999,-0.34417600000000054,-1.2337359999999995,-0.16626400000000074,-1.4116479999999996,0.011647999999999104,1.25005214284989,2.50010428569978,2.000083428559824,-0.8598713505777354,-0.8557286494222652,-0.8619427011554704,-0.8536572988445302,-0.8611141609243764,-0.8544858390756243,0.8835828949143394,In-family,history=Lower than own-history expected value; peers=Higher than peer-implied value; subgroup peers=2; peer model untrusted; pattern=very strong weaker than history; historical check type=forward_transition; current month name=August; mark month name=September; current transition=-0.02; transition mean=-0.32; transition delta=+0.30; transition magnitude delta=-0.30; transition degree=very strong; transition degree score=2.85; component current-month sd=0.11; component historical month sd=0.49; transition degree scale source=current-month; actual-to-date z=-0.61; mark z=0.21; transition z=1.38; pattern years=11,,,False,,0
Transco-Z6 (non-NY south),Global_G08,8,regular,Global_G08_S01,1,supergroup,Northeast,Northeast - Demand,3,Global_G08,Global_G08_S01,Transco-Z6 (non-NY south),GLOBAL,Summer,TRANSCO-Z6 (NON-NY NORTH),Transco Zn6 non-N.Y. FDt Com,ICE Transco zone 6 non-NY South FDt Com,,Transco-Z6 (non-NY north),Transco-Z6 (non-NY south),61,-0.7119672131147542,0.1704046133191151,0.1297150288153419,-0.7000000000000002,0.17791199999999982,-0.98,-0.22999999999999998,2026-08-05,-0.6299999999999999,,0.17791199999999982,-0.7000000000000002,,,,,False,forward_transition,,,August,September,-0.835,,,,,,,,,,26,,,,,,,Global_G08,7,6,6,Transco-Z6 (non-NY north) | Transco-Z6 Sta-210 | Millennium-Ramapo | TETCO-M3 | TGP-Mahwah | Transco-Z6 (NY),0.9829522825557347,0.959237870686192,0.9999801385204993,0.021040881878278662,0.9829522825557347,-0.8326269699236999,,,Global_G08 | Global_G08_S01,3,2,2,Transco-Z6 (non-NY north) | Transco-Z6 Sta-210,0.9999058613238831,0.999831584127267,0.9999801385204993,0.0017311297594911983,0.9999058613238831,-0.8574999777147433,,,OwnHistoryOnly,,0,,,,,,,,,,False,False,0.0,-1.0558239999999999,-0.34417600000000054,-1.2337359999999995,-0.16626400000000074,-1.4116479999999996,0.011647999999999104,,,,,,,,,,0.0,No forward mark,No forward mark,,,False,,-1
Transco-Z6 Sta-210,Global_G08,8,regular,Global_G08_S01,1,supergroup,Northeast,Northeast - Demand,3,Global_G08,Global_G08_S01,Transco-Z6 Sta-210,GLOBAL,Summer,,,ICE Transco zone 6 station 210 Pool FDt Com,,Transco-Z6 (non-NY north),Transco-Z6 Sta-210,61,-0.7083672131147537,0.17444052923686384,0.12706918374502577,-0.6840999999999999,0.20281968000000036,-0.9836999999999998,-0.2153999999999998,2026-08-06,-0.4899,-0.8572,0.20281968000000036,-0.6840999999999999,-0.17310000000000003,-0.8532007299929356,-0.8534674741622693,0.8534674741622693,True,forward_transition,,,August,September,-0.7497499999999999,-0.48327699967487014,,,0.11052722694166933,-0.10745000000000005,-0.33001311172241676,0.22256311172241672,-0.22256311172241672,1.093524252394504,9,moderate weaker than history,moderate,1.4995360365926451,0.14842131585456314,0.48464949179842,current-month,Global_G08,7,5,6,Transco-Z6 (non-NY north) | Transco-Z6 (non-NY south) | Millennium-Ramapo | TETCO-M3 | TGP-Mahwah | Transco-Z6 (NY),0.9798241677213636,0.9505505169008875,0.9998530147997589,0.02092252107973712,0.9798241677213636,-0.8272595661851525,-0.02994043381484759,-1.0086512462729607,Global_G08 | Global_G08_S01,3,1,2,Transco-Z6 (non-NY north) | Transco-Z6 (non-NY south),0.999842299463513,0.999831584127267,0.9998530147997589,0.0022980292055470785,0.999842299463513,-0.8565999999999996,-0.000600000000000378,-0.26979630379071795,Subgroup,Global_G08 | Global_G08_S01,2,Transco-Z6 (non-NY north) | Transco-Z6 (non-NY south),0.999842299463513,-0.8565999999999996,-0.000600000000000378,0.0022980292055470785,-0.26979630379071795,0.2697537567688679,Lower than own-history expected value,Lower than peer-implied value,False,True,0.0,-1.0897393600000007,-0.2784606399999992,-1.2925590400000009,-0.07564095999999887,-1.4953787200000015,0.12717872000000152,1.2500985744943955,2.500197148988791,2.000157719191033,-0.8594727630340004,-0.8537272369659987,-0.8623455260680014,-0.8508544739319978,-0.861196420854401,-0.8520035791455982,0.8534674741622693,In-family,history=Lower than own-history expected value; peers=Lower than peer-implied value; subgroup peers=2; peer model untrusted; pattern=moderate weaker than history; historical check type=forward_transition; current month name=August; mark month name=September; current transition=-0.11; transition mean=-0.33; transition delta=+0.22; transition magnitude delta=-0.22; transition degree=moderate; transition degree score=1.50; component current-month sd=0.15; component historical month sd=0.48; transition degree scale source=current-month; actual-to-date z=-0.48; mark z=0.11; transition z=1.09; pattern years=9,,,False,,0
Millennium-Ramapo,Global_G08,8,regular,Global_G08_S02,2,supergroup,Northeast,Northeast - Demand,3,Global_G08,Global_G08_S02,Millennium-Ramapo,GLOBAL,Summer,,,,,TETCO-M3,Millennium-Ramapo,61,-0.7508295081967213,0.17918661719397677,0.1297061573054181,-0.7677999999999998,0.18977280000000016,-1.0350000000000001,-0.25039999999999996,2026-08-06,-0.6934,-0.8135,0.18977280000000016,-0.7677999999999998,-0.045700000000000185,-0.3497498461921144,-0.2408142789693789,0.2408142789693789,True,forward_transition,,,August,September,-0.8224,-0.3841039782205716,,,0.5641973130484571,0.008900000000000019,-0.2958684423063108,0.30476844230631084,-0.2869684423063108,1.4167756715840847,8,very strong weaker than history,very strong,5.242340914525259,0.054740515160162644,0.43823683732395535,current-month,Global_G08,7,5,5,Transco-Z6 (non-NY north) | Transco-Z6 (non-NY south) | Transco-Z6 Sta-210 | TETCO-M3 | TGP-Mahwah,0.9660235292241831,0.9505505169008877,0.9901485651751243,0.028190126738461288,0.9660235292241831,-0.865523929859578,0.05202392985957797,1.7667643071356314,Global_G08 | Global_G08_S02,3,2,2,TETCO-M3 | TGP-Mahwah,0.9807728948378605,0.9713972245005966,0.9901485651751243,0.01305227157009575,0.9807728948378605,-0.8433856806186325,0.02988568061863261,1.6220226533384365,Subgroup,Global_G08 | Global_G08_S02,2,TETCO-M3 | TGP-Mahwah,0.9807728948378605,-0.8433856806186325,0.02988568061863261,0.01305227157009575,1.6220226533384365,1.590835853207326,Lower than own-history expected value,Higher than peer-implied value,False,False,0.0,-1.1473456000000002,-0.3882543999999995,-1.3371184000000003,-0.19848159999999937,-1.5268912000000006,-0.008708799999999184,1.2621930530239165,2.524386106047833,2.0195088848382663,-0.8598601671205889,-0.8269111941166761,-0.8763346536225454,-0.8104367076147196,-0.8697448590217628,-0.8170265022155022,0.2408142789693789,In-family,history=Lower than own-history expected value; peers=Higher than peer-implied value; subgroup peers=2; peer model untrusted; pattern=very strong weaker than history; historical check type=forward_transition; current month name=August; mark month name=September; current transition=+0.01; transition mean=-0.30; transition delta=+0.30; transition magnitude delta=-0.29; transition degree=very strong; transition degree score=5.24; component current-month sd=0.05; component historical month sd=0.44; transition degree scale source=current-month; actual-to-date z=-0.38; mark z=0.56; transition z=1.42; pattern years=8,,,False,,0
TETCO-M3,Global_G08,8,regular,Global_G08_S02,2,supergroup,Northeast,Northeast - Demand,3,Global_G08,Global_G08_S02,TETCO-M3,GLOBAL,Summer,TETCO-M3,TX Eastern M-3 FDt Com,,"Texas Eastern, M-3",,TETCO-M3,62,-0.6812209677419355,0.1665873011288939,0.12181620393438473,-0.6799999999999999,0.15567299999999998,-0.94,-0.19499999999999984,2026-08-06,-0.5007000000000001,-0.8135,0.15567299999999998,-0.6799999999999999,-0.13350000000000006,-0.7940523158828054,-0.8575668227631001,0.8575668227631001,True,forward_transition,,,August,September,-0.7224999999999999,-0.21909222650426466,,,0.27165209597972184,-0.09100000000000008,-0.3131974174489225,0.2221974174489224,-0.2221974174489224,0.9339179697840608,26,strong weaker than history,strong,1.994115111207673,0.11142657522631959,0.7278784571452378,current-month,Global_G08,7,5,6,Transco-Z6 (non-NY north) | Transco-Z6 (non-NY south) | Transco-Z6 Sta-210 | Millennium-Ramapo | TGP-Mahwah | Transco-Z6 (NY),0.979909672693851,0.9684116821264009,0.9879521438076605,0.023247056692487632,0.979909672693851,-0.8041875024268054,-0.009312497573194578,-0.5260387512843647,Global_G08 | Global_G08_S02,3,2,2,Millennium-Ramapo | TGP-Mahwah,0.9739680293254261,0.9713972245005966,0.9765388341502557,0.020162968665262335,0.9739680293254261,-0.7577052790332895,-0.055794720966710405,-2.7666080490621408,Subgroup,Global_G08 | Global_G08_S02,2,Millennium-Ramapo | TGP-Mahwah,0.9739680293254261,-0.7577052790332895,-0.055794720966710405,0.020162968665262335,-2.7666080490621408,2.694587789460915,Lower than own-history expected value,Lower than peer-implied value,False,True,0.0,-0.9913459999999998,-0.368654,-1.1470189999999998,-0.21298099999999998,-1.302692,-0.057308000000000026,1.2665946881488483,2.5331893762976967,2.026551501038157,-0.7832435880420225,-0.7321669700245566,-0.8087818970507554,-0.7066286610158237,-0.7985665734472622,-0.7168439846193169,0.8575668227631001,In-family,history=Lower than own-history expected value; peers=moderately below peer-implied value; subgroup peers=2; peer model untrusted; pattern=strong weaker than history; historical check type=forward_transition; current month name=August; mark month name=September; current transition=-0.09; transition mean=-0.31; transition delta=+0.22; transition magnitude delta=-0.22; transition degree=strong; transition degree score=1.99; component current-month sd=0.11; component historical month sd=0.73; transition degree scale source=current-month; actual-to-date z=-0.22; mark z=0.27; transition z=0.93; pattern years=26,,,False,,0
TGP-Mahwah,Global_G08,8,regular,Global_G08_S02,2,supergroup,Northeast,Northeast - Demand,3,Global_G08,Global_G08_S02,TGP-Mahwah,GLOBAL,Summer,,,,,TETCO-M3,TGP-Mahwah,61,-0.7437655737704918,0.1731679684441726,0.1296263258271931,-0.7531000000000003,0.2032644600000003,-1.0263,-0.24429999999999996,2026-08-06,-0.7040000000000002,-0.8135,0.2032644600000003,-0.7531000000000003,-0.060399999999999676,-0.4026981829032071,-0.2971498313084323,0.2971498313084323,True,forward_transition,,,August,September,-0.8145499999999999,-0.4541273377059724,,,0.5448403160640017,0.0010499999999998844,-0.32040477985364657,0.32145477985364646,-0.3193547798536467,1.3648564575956321,8,very strong weaker than history,very strong,7.0407896707630915,0.045357807119245266,0.4367086317339895,current-month,Global_G08,7,5,5,Transco-Z6 (non-NY north) | Transco-Z6 (non-NY south) | Transco-Z6 Sta-210 | Millennium-Ramapo | TETCO-M3,0.9729816056148899,0.9593538949091936,0.9901485651751242,0.02486929249925013,0.9729816056148899,-0.8632838811807109,0.049783881180710914,1.7260177476037806,Global_G08 | Global_G08_S02,3,2,2,Millennium-Ramapo | TETCO-M3,0.9833436996626899,0.9765388341502556,0.9901485651751242,0.012924016027678948,0.9833436996626899,-0.8389551983612232,0.02545519836122326,1.12244776331226,Subgroup,Global_G08 | Global_G08_S02,2,Millennium-Ramapo | TETCO-M3,0.9833436996626899,-0.8389551983612232,0.02545519836122326,0.012924016027678948,1.12244776331226,1.103751936253589,Lower than own-history expected value,Higher than peer-implied value,False,False,0.0,-1.159628920000001,-0.3465710799999997,-1.3628933800000014,-0.14330661999999939,-1.5661578400000016,0.05995784000000093,1.2605420659054924,2.521084131810985,2.016867305448788,-0.8552464642245493,-0.8226639324978972,-0.8715377300878755,-0.806372666634571,-0.865021223742545,-0.8128891729799015,0.2971498313084323,In-family,history=Lower than own-history expected value; peers=Higher than peer-implied value; subgroup peers=2; peer model untrusted; pattern=very strong weaker than history; historical check type=forward_transition; current month name=August; mark month name=September; current transition=+0.00; transition mean=-0.32; transition delta=+0.32; transition magnitude delta=-0.32; transition degree=very strong; transition degree score=7.04; component current-month sd=0.05; component historical month sd=0.44; transition degree scale source=current-month; actual-to-date z=-0.45; mark z=0.54; transition z=1.36; pattern years=8,,,False,,0
Transco-Z6 (NY),Global_G08,8,regular,Global_G08_S03,3,small_outlier,Northeast,Northeast - Demand,3,Global_G08,Global_G08_S03,Transco-Z6 (NY),GLOBAL,Summer,TRANSCO-Z6 (NY),Transco Zn6 NY FDt Com,,"Transco, zone 6 N.Y.",,Transco-Z6 (NY),62,-0.624748387096774,0.18900357507411994,0.1428294940535207,-0.6325000000000001,0.1593795000000002,-0.9149999999999996,-0.03500000000000014,2026-08-06,-0.3393999999999999,-0.8005,0.1593795000000002,-0.6325000000000001,-0.16799999999999993,-0.929885124312082,-1.054087884577375,1.054087884577375,True,forward_transition,,,August,September,-0.6624999999999999,-0.25932769234969666,,,0.11876513926493502,-0.13800000000000012,-0.31152871961692785,0.17352871961692773,-0.17352871961692773,0.726665989089747,26,moderate weaker than history,moderate,1.089261540988659,0.15930858943153897,0.7061752765523633,current-month,Global_G08,7,5,6,Transco-Z6 (non-NY north) | Transco-Z6 (non-NY south) | Transco-Z6 Sta-210 | Millennium-Ramapo | TETCO-M3 | TGP-Mahwah,0.9648629762669656,0.9353251859080901,0.9818412062586394,0.04611101901290163,0.9648629762669656,-0.7443293978203043,-0.0561706021796958,-1.0804353751555387,Global_G08 | Global_G08_S03,1,0,0,,,,,,,,,,Parent,Global_G08,6,Transco-Z6 (non-NY north) | Transco-Z6 (non-NY south) | Transco-Z6 Sta-210 | Millennium-Ramapo | TETCO-M3 | TGP-Mahwah,0.9648629762669656,-0.7443293978203043,-0.0561706021796958,0.04611101901290163,-1.0804353751555387,1.0424720917366885,Lower than own-history expected value,Lower than peer-implied value,True,True,1.0612839985247626,-0.9512590000000005,-0.31374099999999966,-1.1106385000000008,-0.15436149999999949,-1.2700180000000008,0.005018000000000744,1.2725568470096098,2.5451136940192196,2.036090955215376,-0.8030082907877625,-0.6856505048528461,-0.8616871837552208,-0.6269716118853877,-0.8382156265682374,-0.6504431690723711,1.495802458193432,In-family,history=Lower than own-history expected value; peers=Lower than peer-implied value; parent peers=6; peer model trusted; history/peer direction agree; pattern=moderate weaker than history; historical check type=forward_transition; current month name=August; mark month name=September; current transition=-0.14; transition mean=-0.31; transition delta=+0.17; transition magnitude delta=-0.17; transition degree=moderate; transition degree score=1.09; component current-month sd=0.16; component historical month sd=0.71; transition degree scale source=current-month; actual-to-date z=-0.26; mark z=0.12; transition z=0.73; pattern years=26,,,False,,0
EP-Waha Pool,Global_G09,9,regular,Global_G09_S01,1,supergroup,South Central,SouthCentral - WesTex,3,Global_G09,Global_G09_S01,EP-Waha Pool,GLOBAL,Summer,,El Paso West Texas FDt Com,ICE El Paso Waha Pool FDt Com,"El Paso, West Texas",,EP-Waha Pool,62,-1.8280983870967742,1.1358842097089863,0.30054480567559183,-1.5725000000000002,1.1749605000000003,-4.445,-0.5299999999999998,2026-08-06,-0.5771000000000002,-0.788,1.1749605000000003,-1.5725000000000002,0.7845000000000002,0.9156728988804655,0.6676820199487558,0.6676820199487558,True,forward_transition,,,August,September,-0.735,0.7157731622239937,,,0.7068386637047097,-0.05300000000000005,-0.2829998066972956,0.22999980669729553,-0.22999980669729553,0.2935963039667281,12,very strong weaker than history,very strong,3.1077267009572878,0.07400901972057182,1.2489712402397284,current-month,Global_G09,6,3,5,TW-Panhandle | Waha | EP-Keystone | TW-WTX | AB Pool (inter),0.9978870648195575,0.9954408998971399,0.9997756944541896,0.06135294412925041,0.9978870648195575,-0.8311179778594369,0.04311797785943687,0.9247645202190445,Global_G09 | Global_G09_S01,3,1,2,TW-Panhandle | Waha,0.9974220370471565,0.9954408998971399,0.999403174197173,0.06295896555217693,0.9974220370471565,-0.8197,0.03169999999999995,0.8552542830163243,Subgroup,Global_G09 | Global_G09_S01,2,TW-Panhandle | Waha,0.9974220370471565,-0.8197,0.03169999999999995,0.06295896555217693,0.8552542830163243,0.8530494691594475,Higher than own-history expected value,Higher than peer-implied value,False,True,0.0,-3.922421000000001,0.7774210000000004,-5.097381500000001,1.9523815000000009,-6.272342000000002,3.127342000000001,1.2516143488155218,2.5032286976310436,2.002582958104835,-0.8985003446716868,-0.7408996553283131,-0.9773006893433736,-0.6620993106566264,-0.9457805514746989,-0.6936194485253011,0.6676820199487558,In-family,history=Higher than own-history expected value; peers=Higher than peer-implied value; subgroup peers=2; peer model untrusted; pattern=very strong weaker than history; historical check type=forward_transition; current month name=August; mark month name=September; current transition=-0.05; transition mean=-0.28; transition delta=+0.23; transition magnitude delta=-0.23; transition degree=very strong; transition degree score=3.11; component current-month sd=0.07; component historical month sd=1.25; transition degree scale source=current-month; actual-to-date z=0.72; mark z=0.71; transition z=0.29; pattern years=12,,,False,,0
TW-Panhandle,Global_G09,9,regular,Global_G09_S01,1,supergroup,South Central,Mountain - Panhandle,3,Global_G09,Global_G09_S01,TW-Panhandle,GLOBAL,Summer,,Transwestn Perm FDt Com,ICE Transwestern Panhandle Pool FDt Com,"Transwestern, Permian Basin",Panhandle,TW-Panhandle,61,-1.872540983606557,1.1328333295145478,0.34222885056375957,-1.665,1.11195,-4.31,-0.5949999999999998,2026-08-05,-0.7250000000000001,,1.11195,-1.665,,,,,False,forward_transition,,,August,September,-0.75,,,,,,,,,,26,,,,,,,Global_G09,6,4,5,EP-Waha Pool | Waha | EP-Keystone | TW-WTX | AB Pool (inter),0.9960124398034653,0.994196507574891,0.9997695050905842,0.07741878424873631,0.9960124398034653,-0.850998750227865,,,Global_G09 | Global_G09_S01,3,2,2,EP-Waha Pool | Waha,0.9951461858467404,0.9948514717963409,0.9954408998971399,0.09636680462882076,0.9951461858467404,-0.831344565619703,,,OwnHistoryOnly,,0,,,,,,,,,,False,False,0.0,-3.8889,0.5589,-5.00085,1.6708499999999997,-6.1128,2.7828,,,,,,,,,,0.0,No forward mark,No forward mark,,,False,,-1
Waha,Global_G09,9,regular,Global_G09_S01,1,supergroup,South Central,SouthCentral - WesTex,3,Global_G09,Global_G09_S01,Waha,GLOBAL,Summer,WAHA,Waha FDt Com,,Waha,,Waha,62,-1.8202306451612902,1.1239509877285443,0.29891151458569226,-1.5825,1.156428,-4.435,-0.54,2026-08-06,-0.5743,-0.8197,1.156428,-1.5825,0.7628,0.8901906365003679,0.6596173734983933,0.6596173734983933,True,forward_transition,,,August,September,-0.7424999999999999,0.6309299708964861,,,0.6205791983851445,-0.07720000000000005,-0.28003089823014277,0.20283089823014272,-0.20283089823014272,0.27792423777004355,26,very strong weaker than history,very strong,2.5764782972036486,0.07872408568326887,0.915373775977963,current-month,Global_G09,6,3,5,EP-Waha Pool | TW-Panhandle | EP-Keystone | TW-WTX | AB Pool (inter),0.9976915343222418,0.9948514717963409,0.9997668916514135,0.056920256411090636,0.9976915343222418,-0.8242097421028741,0.004509742102874198,0.6921737737769215,Global_G09 | Global_G09_S01,3,1,2,EP-Waha Pool | TW-Panhandle,0.997127322996757,0.9948514717963409,0.999403174197173,0.07034736229870732,0.997127322996757,-0.788,-0.03169999999999995,-0.8552542830163243,Subgroup,Global_G09 | Global_G09_S01,2,EP-Waha Pool | TW-Panhandle,0.997127322996757,-0.788,-0.03169999999999995,0.07034736229870732,-0.8552542830163243,0.8527974137055783,Higher than own-history expected value,Lower than peer-implied value,False,False,0.0,-3.895356,0.730356,-5.051784,1.886784,-6.208212,3.043212,1.251799300663611,2.503598601327222,2.0028788810617777,-0.8760607789290515,-0.6999392210709485,-0.964121557858103,-0.611878442141897,-0.9288972462864824,-0.6471027537135177,0.6596173734983933,In-family,history=Higher than own-history expected value; peers=Lower than peer-implied value; subgroup peers=2; peer model untrusted; pattern=very strong weaker than history; historical check type=forward_transition; current month name=August; mark month name=September; current transition=-0.08; transition mean=-0.28; transition delta=+0.20; transition magnitude delta=-0.20; transition degree=very strong; transition degree score=2.58; component current-month sd=0.08; component historical month sd=0.92; transition degree scale source=current-month; actual-to-date z=0.63; mark z=0.62; transition z=0.28; pattern years=26,,,False,,0
EP-Keystone,Global_G09,9,regular,Global_G09_S02,2,supergroup,South Central,SouthCentral - WesTex,3,Global_G09,Global_G09_S02,EP-Keystone,GLOBAL,Summer,,,ICE El Paso Keystone Pool FDt Com,,,EP-Keystone,61,-1.8091098360655733,1.1308944113259674,0.3180682665593825,-1.5408000000000002,1.11595302,-4.409,-0.5234999999999999,2026-08-06,-0.5800000000000001,-0.788,1.11595302,-1.5408000000000002,0.7528000000000001,0.902922346984037,0.6745803689836335,0.6745803689836335,True,forward_transition,,,August,September,-0.7146999999999999,0.7195766507585227,,,0.6835473203274064,-0.07330000000000014,-0.27962031839503093,0.2063203183950308,-0.2063203183950308,0.2537787419362976,12,very strong weaker than history,very strong,3.47127638540012,0.059436442244355916,1.1598584323564463,current-month,Global_G09,6,3,5,EP-Waha Pool | TW-Panhandle | Waha | TW-WTX | AB Pool (inter),0.9978026697110665,0.9956197985886108,0.9997756944541895,0.058523274476307056,0.9978026697110665,-0.8225842902415569,0.03458429024155696,0.7658533154318035,Global_G09 | Global_G09_S02,2,0,1,TW-WTX,0.9956197985886108,0.9956197985886108,0.9956197985886108,0.10600589999999918,0.9956197985886108,,,,Parent,Global_G09,5,EP-Waha Pool | TW-Panhandle | Waha | TW-WTX | AB Pool (inter),0.9978026697110665,-0.8225842902415569,0.03458429024155696,0.058523274476307056,0.7658533154318035,0.7641704827449249,Higher than own-history expected value,Higher than peer-implied value,True,True,0.7650114363624393,-3.77270604,0.69110604,-4.88865906,1.80705906,-6.00461208,2.9230120800000003,1.2513755988298803,2.5027511976597605,2.0022009581278084,-0.8958188878848311,-0.7493496925982827,-0.9690534855281052,-0.6761150949550085,-0.9397596464707956,-0.7054089340123182,1.0199515537433226,In-family,history=Higher than own-history expected value; peers=Higher than peer-implied value; parent peers=5; peer model trusted; history/peer direction agree; pattern=very strong weaker than history; historical check type=forward_transition; current month name=August; mark month name=September; current transition=-0.07; transition mean=-0.28; transition delta=+0.21; transition magnitude delta=-0.21; transition degree=very strong; transition degree score=3.47; component current-month sd=0.06; component historical month sd=1.16; transition degree scale source=current-month; actual-to-date z=0.72; mark z=0.68; transition z=0.25; pattern years=12,,,False,,0
TW-WTX,Global_G09,9,regular,Global_G09_S02,2,supergroup,South Central,Mountain - Panhandle,3,Global_G09,Global_G09_S02,TW-WTX,GLOBAL,Summer,,,ICE Transwestern West Texas Pool FDt Com,,,TW-WTX,61,-1.8550311475409835,1.1368010040666723,0.3561885498434053,-1.6411999999999998,1.1582071199999997,-4.31,-0.5949999999999998,2026-08-06,-0.7521,,1.1582071199999997,-1.6411999999999998,,,,,False,forward_transition,,,August,September,-0.8060499999999999,,,,,,,,,,12,,,,,,,Global_G09,6,4,5,EP-Waha Pool | TW-Panhandle | Waha | EP-Keystone | AB Pool (inter),0.996190251797009,0.9942937911944604,0.999769505090584,0.08133859685968926,0.996190251797009,-0.865223998853536,,,Global_G09 | Global_G09_S02,2,1,1,EP-Keystone,0.9956197985886107,0.9956197985886107,0.9956197985886107,0.10600589999999918,0.9956197985886107,-0.8331000000000006,,,OwnHistoryOnly,,0,,,,,,,,,,False,False,0.0,-3.957614239999999,0.6752142399999996,-5.115821359999999,1.8334213599999993,-6.274028479999998,2.9916284799999993,,,,,,,,,,0.0,No forward mark,No forward mark,,,False,,-1
AB Pool (inter),Global_G09,9,regular,Global_G09_S03,3,small_outlier,South Central,SouthCentral - WesTex,3,Global_G09,Global_G09_S03,AB Pool (inter),GLOBAL,Summer,,,,,Waha,AB Pool (inter),61,-1.7843688524590167,1.1223621095025413,0.3094080066956003,-1.5551000000000001,1.1201043,-4.3545,-0.4838,2026-08-06,-0.5566,-0.86,1.1201043,-1.5551000000000001,0.6951000000000002,0.8235923545821765,0.6205672096785989,0.6205672096785989,True,forward_transition,,,August,September,-0.7204000000000002,1.1540015903078422,,,1.1927056007317878,-0.13959999999999984,-0.5308775085381465,0.3912775085381467,-0.3912775085381467,0.5225342213860747,4,very strong weaker than history,very strong,4.879510884301119,0.08018785444192905,1.4646444208774867,current-month,Global_G09,6,3,5,EP-Waha Pool | TW-Panhandle | Waha | EP-Keystone | TW-WTX,0.9971472774050618,0.9941965075748911,0.9997668916514135,0.056448020838590726,0.9971472774050618,-0.7777715029624017,-0.08222849703759816,-2.3833631602502776,Global_G09 | Global_G09_S03,1,0,0,,,,,,,,,,Parent,Global_G09,5,EP-Waha Pool | TW-Panhandle | Waha | EP-Keystone | TW-WTX,0.9971472774050618,-0.7777715029624017,-0.08222849703759816,0.056448020838590726,-2.3833631602502776,2.376564086311088,Higher than own-history expected value,Lower than peer-implied value,True,False,2.3799611953323336,-3.7953086000000003,0.6851085999999997,-4.9154129,1.8052128999999997,-6.0355172,2.9253171999999994,1.2517867754128809,2.5035735508257617,2.0028588406606094,-0.8484323889463803,-0.7071106169784231,-0.9190932749303589,-0.6364497309944446,-0.8908289205367674,-0.664714085388036,2.459536328866885,Watch,history=Higher than own-history expected value; peers=moderately below peer-implied value; parent peers=5; peer model trusted; peer score v2=2.38 (strong-support); history/peer direction disagree; pattern=very strong weaker than history; historical check type=forward_transition; current month name=August; mark month name=September; current transition=-0.14; transition mean=-0.53; transition delta=+0.39; transition magnitude delta=-0.39; transition degree=very strong; transition degree score=4.88; component current-month sd=0.08; component historical month sd=1.46; transition degree scale source=current-month; actual-to-date z=1.15; mark z=1.19; transition z=0.52; pattern years=4,Watch,W,True,AB Pool (inter) [Watch],1
FGT-Z3,Global_G10,10,regular,Global_G10_S01,1,regular,Southeast,Southeast,3,Global_G10,Global_G10_S01,FGT-Z3,GLOBAL,Summer,FGT-Z3,FL Gas Zn3 FDt Com,,"Florida Gas, zone 3",,FGT-Z3,62,0.8809016129032258,0.2843100769114973,0.1252421813490608,0.8799999999999999,0.22238999999999987,0.1499999999999999,1.3949999999999996,2026-08-06,0.6808999999999998,0.5908,0.22238999999999987,0.8799999999999999,-0.2891999999999999,-1.0203704914530038,-1.3004181842708757,1.3004181842708757,True,forward_transition,,,August,September,0.6099999999999999,0.12347569129484882,,,1.706012546323974,-0.019199999999999884,-0.26803195032907934,0.24883195032907945,-0.24883195032907945,0.45464543961347564,26,very strong weaker than history,very strong,4.459524628800202,0.055797864355785744,0.4932321216437597,current-month,Global_G10,6,5,4,Sonat-Z0 South | TGP-500L | Transco-65 | Transco-85,0.9056411356986951,0.8878022225576909,0.9197793029788573,0.11849803614779117,0.9056411356986951,0.570908586892386,0.019891413107614022,0.25017958003274116,Global_G10 | Global_G10_S01,6,5,5,Sonat-Z0 South | TGP-500L | Transco-65 | Transco-85 | Transco-Z5 South,0.8913286994707962,0.8340789545592008,0.9197793029788573,0.12059967597508979,0.8913286994707962,0.5530608729246641,0.037739127075335895,0.35815005434320785,Subgroup,Global_G10 | Global_G10_S01,5,Sonat-Z0 South | TGP-500L | Transco-65 | Transco-85 | Transco-Z5 South,0.8913286994707962,0.5530608729246641,0.037739127075335895,0.12059967597508979,0.35815005434320785,0.31922942215312644,Lower than own-history expected value,Higher than peer-implied value,True,False,0.3381302040517722,0.43522000000000016,1.3247799999999996,0.2128300000000003,1.5471699999999995,-0.009559999999999569,1.7695599999999994,1.324009398049702,2.648018796099404,2.118415036879523,0.39338576853189633,0.7127359773174319,0.2337106641391286,0.8724110817101995,0.2975807058962357,0.8085410399530926,1.3436589927784708,In-family,history=Lower than own-history expected value; peers=Higher than peer-implied value; subgroup peers=5; peer model trusted; history/peer direction disagree; pattern=very strong weaker than history; historical check type=forward_transition; current month name=August; mark month name=September; current transition=-0.02; transition mean=-0.27; transition delta=+0.25; transition magnitude delta=-0.25; transition degree=very strong; transition degree score=4.46; component current-month sd=0.06; component historical month sd=0.49; transition degree scale source=current-month; actual-to-date z=0.12; mark z=1.71; transition z=0.45; pattern years=26,,,False,,0
Sonat-Z0 South,Global_G10,10,regular,Global_G10_S01,1,regular,South Central,Southeast,3,Global_G10,Global_G10_S01,Sonat-Z0 South,GLOBAL,Summer,SONAT-Z0 SOUTH,SoNat LA FDt Com,ICE Sonat Zone 0 South Louisiana Pool FDt Com,"Southern Natural, La",,Sonat-Z0 South,62,0.7277919354838709,0.2746144637567169,0.1442268198837182,0.7050000000000001,0.17049900000000032,0.02499999999999991,1.3699999999999997,2026-08-06,0.6431,0.4683,0.17049900000000032,0.7050000000000001,-0.23670000000000008,-0.944931785216371,-1.3882779371139986,1.3882779371139986,True,forward_transition,,,August,September,0.5950000000000002,0.49497974360908314,,,3.0034819721078905,-0.1267000000000002,-0.21496773830691734,0.08826773830691714,-0.08826773830691714,0.17117547085932425,26,moderate weaker than history,moderate,1.4694153130242666,0.06006997308694812,0.26596573203883783,current-month,Global_G10,6,5,4,FGT-Z3 | TGP-500L | Transco-65 | Transco-85,0.9618304864124624,0.9161826057884404,0.9867195196088346,0.06771799155758179,0.9618304864124624,0.43371294232951546,0.03458705767048461,0.7261206033687368,Global_G10 | Global_G10_S01,6,5,5,FGT-Z3 | TGP-500L | Transco-65 | Transco-85 | Transco-Z5 South,0.9620845890466383,0.9161826057884404,0.9867195196088346,0.06974383121994299,0.9620845890466383,0.41756252223950563,0.050737477760494414,0.8386963298348606,Subgroup,Global_G10 | Global_G10_S01,5,FGT-Z3 | TGP-500L | Transco-65 | Transco-85 | Transco-Z5 South,0.9620845890466383,0.41756252223950563,0.050737477760494414,0.06974383121994299,0.8386963298348606,0.8068968138240957,Lower than own-history expected value,Higher than peer-implied value,True,False,0.8226429336654585,0.36400199999999944,1.0459980000000006,0.1935029999999991,1.216497000000001,0.023003999999998803,1.3869960000000012,1.2743930196085695,2.548786039217139,2.0390288313737113,0.32868147057205205,0.5064435739069592,0.2398004189045985,0.5953246255744128,0.2753528395715799,0.5597722049074314,1.613709089949986,In-family,history=Lower than own-history expected value; peers=Higher than peer-implied value; subgroup peers=5; peer model trusted; history/peer direction disagree; pattern=moderate weaker than history; historical check type=forward_transition; current month name=August; mark month name=September; current transition=-0.13; transition mean=-0.21; transition delta=+0.09; transition magnitude delta=-0.09; transition degree=moderate; transition degree score=1.47; component current-month sd=0.06; component historical month sd=0.27; transition degree scale source=current-month; actual-to-date z=0.49; mark z=3.00; transition z=0.17; pattern years=26,,,False,,0
TGP-500L,Global_G10,10,regular,Global_G10_S01,1,regular,Southeast,Southeast,3,Global_G10,Global_G10_S01,TGP-500L,GLOBAL,Summer,TGP-500L,Tenn LA 500 Leg FDt Com,,"Tennessee, Louisiana, 500 Leg",,TGP-500L,62,0.6914983870967741,0.24186035158637928,0.1243182431253373,0.7050000000000001,0.1890314999999999,0.015000000000000124,1.1099999999999994,2026-08-06,0.6778999999999997,0.4483,0.1890314999999999,0.7050000000000001,-0.2567000000000001,-1.0055322648032992,-1.357974729079546,1.357974729079546,True,forward_transition,,,August,September,0.5800000000000001,2.2231730819257796,,,4.050323160999756,-0.1317000000000001,-0.06452898259086276,-0.06717101740913733,0.06717101740913733,-0.5140762095728867,26,mild stronger than history,mild,0.6745696077458175,0.09957610991933072,0.13148334747114127,current-month,Global_G10,6,5,4,FGT-Z3 | Sonat-Z0 South | Transco-85 | Transco-Z5 South,0.939124180428764,0.898800411469792,0.9614804320058752,0.07863951724521347,0.939124180428764,0.4079387637629509,0.040361236237049083,0.5403066109788898,Global_G10 | Global_G10_S01,6,5,5,FGT-Z3 | Sonat-Z0 South | Transco-65 | Transco-85 | Transco-Z5 South,0.9442282109774599,0.898800411469792,0.9646443331722427,0.07241681399176043,0.9442282109774599,0.39112077285435254,0.05717922714564744,0.9179366885638286,Subgroup,Global_G10 | Global_G10_S01,5,FGT-Z3 | Sonat-Z0 South | Transco-65 | Transco-85 | Transco-Z5 South,0.9442282109774599,0.39112077285435254,0.05717922714564744,0.07241681399176043,0.9179366885638286,0.8667417172331977,Lower than own-history expected value,Higher than peer-implied value,True,False,0.8919719848499547,0.32693700000000026,1.0830629999999999,0.13790550000000035,1.2720944999999997,-0.05112599999999956,1.4611259999999997,1.2863866580942025,2.572773316188405,2.058218652950724,0.29796474951366236,0.4842767961950427,0.20480872617297216,0.5774328195357329,0.24207113550924825,0.5401704101994569,1.6247182483667235,In-family,history=Lower than own-history expected value; peers=Higher than peer-implied value; subgroup peers=5; peer model trusted; history/peer direction disagree; pattern=mild stronger than history; historical check type=forward_transition; current month name=August; mark month name=September; current transition=-0.13; transition mean=-0.06; transition delta=-0.07; transition magnitude delta=+0.07; transition degree=mild; transition degree score=0.67; component current-month sd=0.10; component historical month sd=0.13; transition degree scale source=current-month; actual-to-date z=2.22; mark z=4.05; transition z=-0.51; pattern years=26,,,False,,0
Transco-65,Global_G10,10,regular,Global_G10_S01,1,regular,South Central,Southeast,3,Global_G10,Global_G10_S01,Transco-65,GLOBAL,Summer,TRANSCO-65,Transco Station 65 FDt Com,,"Transco, station 65",,Transco-65,62,0.7241000000000001,0.2738100759740555,0.14150968068219208,0.7250000000000001,0.214977,0.0,1.3249999999999997,2026-08-06,0.6842000000000001,0.3425,0.214977,0.7250000000000001,-0.38250000000000006,-1.393666754747762,-1.7792601068951566,1.7792601068951566,True,forward_transition,,,August,September,0.5449999999999999,0.13580613745494546,,,1.2148320822246816,-0.2024999999999999,-0.30643809207117473,0.10393809207117483,-0.10393809207117483,0.15904283857919746,12,moderate weaker than history,moderate,1.466064674838294,0.07089598013992059,0.4141699116571738,current-month,Global_G10,6,5,5,FGT-Z3 | Sonat-Z0 South | TGP-500L | Transco-85 | Transco-Z5 South,0.966799036865925,0.9197793029788572,0.9916737505859202,0.05361267312081314,0.966799036865925,0.43345174951629845,-0.09095174951629839,-1.8304870491588328,Global_G10 | Global_G10_S01,6,5,5,FGT-Z3 | Sonat-Z0 South | TGP-500L | Transco-85 | Transco-Z5 South,0.966799036865925,0.9197793029788572,0.9916737505859202,0.05361267312081314,0.966799036865925,0.43345174951629845,-0.09095174951629839,-1.8304870491588328,Subgroup,Global_G10 | Global_G10_S01,5,FGT-Z3 | Sonat-Z0 South | TGP-500L | Transco-85 | Transco-Z5 South,0.966799036865925,0.43345174951629845,-0.09095174951629839,0.05361267312081314,-1.8304870491588328,1.7697131161223087,Lower than own-history expected value,Lower than peer-implied value,True,True,1.7998435875898795,0.2950460000000001,1.154954,0.08006900000000006,1.3699310000000002,-0.13490799999999992,1.584908,1.2712820309638595,2.542564061927719,2.034051249542175,0.3652949215458696,0.5016085774867273,0.29713809357544074,0.5697654054571561,0.3244008247636123,0.5425026742689846,2.530850344800532,Outlier,history=Lower than own-history expected value; peers=slightly below peer-implied value; subgroup peers=5; peer model trusted; peer score v2=1.80; history/peer direction agree; pattern=moderate weaker than history; historical check type=forward_transition; current month name=August; mark month name=September; current transition=-0.20; transition mean=-0.31; transition delta=+0.10; transition magnitude delta=-0.10; transition degree=moderate; transition degree score=1.47; component current-month sd=0.07; component historical month sd=0.41; transition degree scale source=current-month; actual-to-date z=0.14; mark z=1.21; transition z=0.16; pattern years=12,Outlier,O,True,Transco-65 [Outlier],2
Transco-85,Global_G10,10,regular,Global_G10_S01,1,regular,Southeast,Southeast,3,Global_G10,Global_G10_S01,Transco-85,GLOBAL,Summer,TRANSCO-85,Transco Zn4 FDt Com,,"Transco, zone 4",,Transco-85,62,0.7586096774193547,0.284153173718543,0.1528393406283731,0.7324999999999999,0.19644450000000008,0.009999999999999787,1.3599999999999999,2026-08-06,0.6888000000000001,0.4733,0.19644450000000008,0.7324999999999999,-0.25919999999999993,-1.004070000998677,-1.3194566404251573,1.3194566404251573,True,forward_transition,,,August,September,0.605,0.3273895810970278,,,2.5480590394547717,-0.13169999999999998,-0.25109466497174887,0.11939466497174889,-0.11939466497174889,0.2073042680052665,26,strong weaker than history,strong,1.9883265760814388,0.06004781428162064,0.30758686043108296,current-month,Global_G10,6,5,4,FGT-Z3 | Sonat-Z0 South | TGP-500L | Transco-Z5 South,0.9562167383300839,0.8878022225576908,0.9892581936625094,0.06277785108134369,0.9562167383300839,0.4670470438384779,0.006252956161522048,0.36960861814938223,Global_G10 | Global_G10_S01,6,5,5,FGT-Z3 | Sonat-Z0 South | TGP-500L | Transco-65 | Transco-Z5 South,0.9633081407812512,0.8878022225576908,0.9916737505859201,0.05748385253807111,0.9633081407812512,0.4486896891961211,0.02461031080387883,0.8193790588971519,Subgroup,Global_G10 | Global_G10_S01,5,FGT-Z3 | Sonat-Z0 South | TGP-500L | Transco-65 | Transco-Z5 South,0.9633081407812512,0.4486896891961211,0.02461031080387883,0.05748385253807111,0.8193790588971519,0.7893145178213067,Lower than own-history expected value,Higher than peer-implied value,True,False,0.8042063085964207,0.3396109999999998,1.1253890000000002,0.14316649999999975,1.3218335,-0.05327800000000038,1.5182780000000002,1.2735834233991712,2.5471668467983424,2.037733477438674,0.3754792074905114,0.5219001709017309,0.3022687257849016,0.5951106526073406,0.3315529184671455,0.5658264599250967,1.5452228359522533,In-family,history=Lower than own-history expected value; peers=Higher than peer-implied value; subgroup peers=5; peer model trusted; history/peer direction disagree; pattern=strong weaker than history; historical check type=forward_transition; current month name=August; mark month name=September; current transition=-0.13; transition mean=-0.25; transition delta=+0.12; transition magnitude delta=-0.12; transition degree=strong; transition degree score=1.99; component current-month sd=0.06; component historical month sd=0.31; transition degree scale source=current-month; actual-to-date z=0.33; mark z=2.55; transition z=0.21; pattern years=26,,,False,,0
Transco-Z5 South,Global_G10,10,regular,Global_G10_S01,1,regular,Northeast,Northeast - Demand,3,Global_G10,Global_G10_S01,Transco-Z5 South,GLOBAL,Summer,,Transco Zone 5 South FDt Com,,"Transco, zone 5 del. South",,Transco-Z5 South,62,0.8390387096774192,0.29197773514646386,0.1713653971613356,0.8325,0.2557484999999998,0.09499999999999975,1.4899999999999998,2026-08-06,0.8003999999999998,0.475,0.2557484999999998,0.8325,-0.35750000000000004,-1.2468029779558625,-1.397857660944249,1.397857660944249,True,forward_transition,,,August,September,0.665,0.2207154803315689,,,1.817907127705897,-0.19000000000000006,-0.28022071432759876,0.0902207143275987,-0.0902207143275987,0.15256337079593407,10,moderate weaker than history,moderate,1.4448308973188821,0.06244378805507126,0.4625380028853458,current-month,Global_G10,6,5,5,FGT-Z3 | Sonat-Z0 South | TGP-500L | Transco-65 | Transco-85,0.9393050835798092,0.8340789545592009,0.9892581936625093,0.07009461034806291,0.9393050835798092,0.5584873317908684,-0.08348733179086842,-1.2195434159174081,Global_G10 | Global_G10_S01,6,5,5,FGT-Z3 | Sonat-Z0 South | TGP-500L | Transco-65 | Transco-85,0.9393050835798092,0.8340789545592009,0.9892581936625093,0.07009461034806291,0.9393050835798092,0.5584873317908684,-0.08348733179086842,-1.2195434159174081,Subgroup,Global_G10 | Global_G10_S01,5,FGT-Z3 | Sonat-Z0 South | TGP-500L | Transco-65 | Transco-85,0.9393050835798092,0.5584873317908684,-0.08348733179086842,0.07009461034806291,-1.2195434159174081,1.1455233302175072,Lower than own-history expected value,Lower than peer-implied value,True,True,1.181954074888929,0.32100300000000037,1.3439969999999997,0.06525450000000055,1.5997454999999996,-0.19049399999999928,1.8554939999999993,1.289753385756561,2.579506771513122,2.063605417210498,0.4680825707711674,0.6488920928105695,0.37767780975146636,0.7392968538302704,0.4138397141593467,0.7031349494223901,1.8305795463205283,In-family,history=Lower than own-history expected value; peers=Lower than peer-implied value; subgroup peers=5; peer model trusted; history/peer direction agree; pattern=moderate weaker than history; historical check type=forward_transition; current month name=August; mark month name=September; current transition=-0.19; transition mean=-0.28; transition delta=+0.09; transition magnitude delta=-0.09; transition degree=moderate; transition degree score=1.44; component current-month sd=0.06; component historical month sd=0.46; transition degree scale source=current-month; actual-to-date z=0.22; mark z=1.82; transition z=0.15; pattern years=10,,,False,,0
Socal-Border,Global_G11,11,regular,Global_G11_S01,1,regular,West,West - California,3,Global_G11,Global_G11_S01,Socal-Border,GLOBAL,Summer,SOCAL-BORDER,SoCal Gas FDt Com,ICE Socal sellers' choice dlvd incl. CA production FDt Com,SoCal Gas,,Socal-Border,61,-0.6909016393442624,0.886273804662307,0.3054433080078522,-0.585,1.149015,-2.4250000000000003,0.7650000000000001,2026-08-05,0.054999999999999716,0.1,1.149015,-0.585,0.6849999999999999,0.8923897278512211,0.5961628003115712,0.5961628003115712,True,forward_transition,,,August,September,0.20500000000000007,-0.48539651327224576,,,0.3569908594852841,-0.10500000000000007,-0.7995693166182732,0.6945693166182731,-0.6945693166182731,0.6438229828916052,26,very strong weaker than history,very strong,6.548462317131822,0.10606601717798222,0.8487214158376295,current-month,Global_G11,5,3,4,Socal-Citygate | Socal-Needles | EP-S.Mainline | Socal-Ehrenberg,0.9714155996922476,0.9264969845998192,0.9890388681579488,0.07377132244888532,0.9714155996922476,0.08537090943802378,0.014629090561976234,0.14584610781048665,Global_G11 | Global_G11_S01,3,2,2,Socal-Citygate | Socal-Needles,0.9850632730056111,0.9829013300650778,0.9872252159461444,0.07933970335803203,0.9850632730056111,0.09261046467231479,0.007389535327685219,-0.014860850549542429,Subgroup,Global_G11 | Global_G11_S01,2,Socal-Citygate | Socal-Needles,0.9850632730056111,0.09261046467231479,0.007389535327685219,0.07933970335803203,-0.014860850549542429,0.0146388780819795,Higher than own-history expected value,Higher than peer-implied value,False,True,0.0,-2.8830299999999998,1.7130299999999998,-4.032045,2.8620449999999997,-5.1810599999999996,4.01106,1.2594413542130551,2.5188827084261103,2.0151061667408885,-0.007313238767787153,0.19253416811241675,-0.1072369422078891,0.2924578715525187,-0.06726746083184834,0.25248839017647795,0.5961628003115712,In-family,history=Higher than own-history expected value; peers=Higher than peer-implied value; subgroup peers=2; peer model untrusted; pattern=very strong weaker than history; historical check type=forward_transition; current month name=August; mark month name=September; current transition=-0.11; transition mean=-0.80; transition delta=+0.69; transition magnitude delta=-0.69; transition degree=very strong; transition degree score=6.55; component current-month sd=0.11; component historical month sd=0.85; transition degree scale source=current-month; actual-to-date z=-0.49; mark z=0.36; transition z=0.64; pattern years=26,,,False,,0
Socal-Citygate,Global_G11,11,regular,Global_G11_S01,1,regular,West,West - California,3,Global_G11,Global_G11_S01,Socal-Citygate,GLOBAL,Summer,SOCAL-CITYGATE,SoCal Gas CG FDt Com,,SoCal Gas city-gate,,Socal-Citygate,62,0.19066935483870967,0.7934040013595517,0.23880311757125078,0.20750000000000002,0.9525704999999998,-1.3950000000000002,1.5349999999999997,2026-08-06,1.2614999999999998,0.955,0.9525704999999998,0.20750000000000002,0.7474999999999999,0.963356176489604,0.7847188213365837,0.7847188213365837,True,forward_transition,,,August,September,1.085,-0.3241542325577443,,,0.6314036045262378,-0.13,-1.6215008403587665,1.4915008403587664,-1.4915008403587664,0.4665137820128679,17,very strong weaker than history,very strong,11.145186210859,0.1338246676314447,2.5051890641494228,current-month,Global_G11,5,3,4,Socal-Border | Socal-Needles | EP-S.Mainline | Socal-Ehrenberg,0.946488442176877,0.8504539726684124,0.9962262513517347,0.12136531164922609,0.946488442176877,0.9927950985287177,-0.03779509852871773,-0.4122620965438196,Global_G11 | Global_G11_S01,3,2,2,Socal-Border | Socal-Needles,0.9895637907084063,0.9829013300650778,0.9962262513517347,0.09005024617278089,0.9895637907084063,1.0030371887857472,-0.04803718878574714,-0.5681951897786992,Subgroup,Global_G11 | Global_G11_S01,2,Socal-Border | Socal-Needles,0.9895637907084063,1.0030371887857472,-0.04803718878574714,0.09005024617278089,-0.5681951897786992,0.5622653858596919,Higher than own-history expected value,Lower than peer-implied value,False,False,0.0,-1.6976409999999995,2.1126409999999995,-2.6502114999999993,3.0652114999999993,-3.602781999999999,4.017781999999999,1.2565741325609168,2.5131482651218335,2.0105186120974667,0.889882378814288,1.1161919987572064,0.7767275688428289,1.2293468087286654,0.8219894928314125,1.1840848847400818,0.7847188213365837,In-family,history=Higher than own-history expected value; peers=Lower than peer-implied value; subgroup peers=2; peer model untrusted; pattern=very strong weaker than history; historical check type=forward_transition; current month name=August; mark month name=September; current transition=-0.13; transition mean=-1.62; transition delta=+1.49; transition magnitude delta=-1.49; transition degree=very strong; transition degree score=11.15; component current-month sd=0.13; component historical month sd=2.51; transition degree scale source=current-month; actual-to-date z=-0.32; mark z=0.63; transition z=0.47; pattern years=17,,,False,,0
Socal-Needles,Global_G11,11,regular,Global_G11_S01,1,regular,West,West - California,3,Global_G11,Global_G11_S01,Socal-Needles,GLOBAL,Summer,,,ICE Socal Needles FDt Com,,,Socal-Needles,61,-0.7545819672131147,0.8476364699382625,0.26013923161969166,-0.8356999999999997,0.9832603200000006,-2.3625000000000003,0.6675,2026-08-06,0.38039999999999985,0.1,0.9832603200000006,-0.8356999999999997,0.9356999999999996,1.008193957576363,0.9516299813664799,0.9516299813664799,True,forward_transition,,,August,September,0.29769999999999985,-0.3227731309920927,,,1.465394669834813,-0.19769999999999985,-1.0318674799054053,0.8341674799054054,-0.8341674799054054,0.5111830698506291,11,very strong weaker than history,very strong,5.159162918029515,0.16168659396086807,0.8894512695435894,current-month,Global_G11,5,3,4,Socal-Border | Socal-Citygate | EP-S.Mainline | Socal-Ehrenberg,0.9550853396639594,0.880551349110642,0.9962262513517346,0.08642885156980039,0.9550853396639594,0.05556636877550103,0.04443363122449897,0.5459843112468883,Global_G11 | Global_G11_S01,3,2,2,Socal-Border | Socal-Citygate,0.9917257336489395,0.9872252159461443,0.9962262513517346,0.06580208900014926,0.9917257336489395,0.05940742343571221,0.040592576564287795,0.5817175498905517,Subgroup,Global_G11 | Global_G11_S01,2,Socal-Border | Socal-Citygate,0.9917257336489395,0.05940742343571221,0.040592576564287795,0.06580208900014926,0.5817175498905517,0.5769042639416709,Higher than own-history expected value,Higher than peer-implied value,False,True,0.0,-2.8022206400000007,1.1308206400000016,-3.7854809600000014,2.114080960000002,-4.768741280000002,3.097341280000003,1.2552037316247233,2.5104074632494466,2.0083259705995573,-0.0231876042259773,0.14200245109740173,-0.10578263188766682,0.22459747875909122,-0.07274462082299102,0.19155946769441543,0.9516299813664799,In-family,history=Higher than own-history expected value; peers=Higher than peer-implied value; subgroup peers=2; peer model untrusted; pattern=very strong weaker than history; historical check type=forward_transition; current month name=August; mark month name=September; current transition=-0.20; transition mean=-1.03; transition delta=+0.83; transition magnitude delta=-0.83; transition degree=very strong; transition degree score=5.16; component current-month sd=0.16; component historical month sd=0.89; transition degree scale source=current-month; actual-to-date z=-0.32; mark z=1.47; transition z=0.51; pattern years=11,,,False,,0
EP-S.Mainline,Global_G11,11,regular,Global_G11_S02,2,regular,South Central,Mountain - WesTex,3,Global_G11,Global_G11_S02,EP-S.Mainline,GLOBAL,Summer,,El Paso S Mainline FDt Com,,,,EP-S.Mainline,62,-0.47600161290322573,1.1441109026393985,0.5486418102517198,-0.38249999999999984,1.2268515,-2.6599999999999997,2.28,2026-08-06,0.4078999999999997,,1.2268515,-0.38249999999999984,,,,,False,forward_transition,,,August,September,0.22999999999999998,,,,,,,,,,18,,,,,,,Global_G11,5,4,4,Socal-Border | Socal-Citygate | Socal-Needles | Socal-Ehrenberg,0.9082089929320183,0.8504539726684124,0.9753336653491996,0.0872414574658439,0.9082089929320183,0.11205630935342645,,,Global_G11 | Global_G11_S02,2,1,1,Socal-Ehrenberg,0.9753336653491996,0.9753336653491996,0.9753336653491996,0.052039260000001177,0.9753336653491996,0.11120000000000055,,,OwnHistoryOnly,,0,,,,,,,,,,False,False,0.0,-2.836203,2.071203,-4.0630545,3.2980545,-5.289906,4.524906,,,,,,,,,,0.0,No forward mark,No forward mark,,,False,,-1
Socal-Ehrenberg,Global_G11,11,regular,Global_G11_S02,2,regular,Rockies,West - California,3,Global_G11,Global_G11_S02,Socal-Ehrenberg,GLOBAL,Summer,,,ICE Socal Ehrenberg Dlvd FDt Com,,,Socal-Ehrenberg,61,-0.5938344262295081,0.9739621258695923,0.3742579588501918,-0.41179999999999994,1.1840043600000003,-2.5101000000000004,0.8578000000000001,2026-08-06,0.43179999999999996,0.1,1.1840043600000003,-0.41179999999999994,0.5117999999999999,0.7123833748771545,0.43226192173819344,0.43226192173819344,True,forward_transition,,,August,September,0.4041999999999999,-0.41571915332205844,,,-0.014317162474513083,-0.3041999999999999,-0.7188723589393129,0.414672358939313,-0.414672358939313,0.4627453601412883,12,very strong weaker than history,very strong,2.1240961781519547,0.195222967398818,1.21669890447833,current-month,Global_G11,5,3,4,Socal-Border | Socal-Citygate | Socal-Needles | EP-S.Mainline,0.9692708225941871,0.9563385422473167,0.9890388681579487,0.10210086996288978,0.9692708225941871,0.12169999073246025,-0.021699990732460265,-0.284816675480442,Global_G11 | Global_G11_S02,2,0,1,EP-S.Mainline,0.9753336653491996,0.9753336653491996,0.9753336653491996,0.052039260000001177,0.9753336653491996,,,,Parent,Global_G11,4,Socal-Border | Socal-Citygate | Socal-Needles | EP-S.Mainline,0.9692708225941871,0.12169999073246025,-0.021699990732460265,0.10210086996288978,-0.284816675480442,0.27606449333146965,Higher than own-history expected value,Lower than peer-implied value,True,False,0.28040643931418874,-2.7798087200000006,1.9562087200000007,-3.963813080000001,3.140213080000001,-5.147817440000001,4.324217440000002,1.2696600164436296,2.539320032887259,2.031456026309807,-0.007933401503531265,0.25133338296845176,-0.1375667937395228,0.3809667752044433,-0.08571343684512615,0.32911341831004665,0.5152457085640383,In-family,history=Higher than own-history expected value; peers=Lower than peer-implied value; parent peers=4; peer model trusted; history/peer direction disagree; pattern=very strong weaker than history; historical check type=forward_transition; current month name=August; mark month name=September; current transition=-0.30; transition mean=-0.72; transition delta=+0.41; transition magnitude delta=-0.41; transition degree=very strong; transition degree score=2.12; component current-month sd=0.20; component historical month sd=1.22; transition degree scale source=current-month; actual-to-date z=-0.42; mark z=-0.01; transition z=0.46; pattern years=12,,,False,,0
Atmos Zone 3,Global_G12,12,regular,Global_G12_S01,1,regular,South Central,SouthCentral - TexCoast,3,Global_G12,Global_G12_S01,Atmos Zone 3,GLOBAL,Summer,Waha,,ICE Atmos zone 3 receipts FDt Com,,NGPL-TXOK East,Atmos Zone 3,61,-0.5413245901639345,0.14706978803245943,0.09153817917002012,-0.5234000000000001,0.12913445999999992,-0.8117000000000001,-0.2653000000000003,2026-08-06,-0.3139000000000003,-0.8197,0.12913445999999992,-0.5234000000000001,-0.2962999999999999,-1.8928116614584762,-2.2945076008371434,2.2945076008371434,True,forward_transition,,,August,September,-0.2946000000000002,-0.2257190413887566,,,-3.0319452786071017,-0.5250999999999998,-0.028008297458665052,-0.4970917025413347,0.4970917025413347,-7.168537432160505,12,very stronger than history,very strong,5.159406961071184,0.0963466743933938,0.18635975033260624,current-month,Global_G12,4,0,3,Nortex-Tolar Hub | TETCO-ETX | Tres Palacios (w/d),0.9158172224576043,0.8673018940544011,0.9485947348169591,0.05682973723171317,0.9158172224576043,,,,Global_G12 | Global_G12_S01,2,0,1,Nortex-Tolar Hub,0.9485947348169591,0.9485947348169591,0.9485947348169591,0.05500446000000019,0.9485947348169591,,,,OwnHistoryOnly,,0,,,,,,,,Lower than own-history expected value,,False,False,0.0,-0.78166892,-0.26513108000000024,-0.9108033799999998,-0.13599662000000035,-1.03993784,-0.006862160000000395,,,,,,,,,,2.2945076008371434,Watch,history=slightly below own-history expected value; own z=2.29 watch; pattern=very stronger than history; historical check type=forward_transition; current month name=August; mark month name=September; current transition=-0.53; transition mean=-0.03; transition delta=-0.50; transition magnitude delta=+0.50; transition degree=very strong; transition degree score=5.16; component current-month sd=0.10; component historical month sd=0.19; transition degree scale source=current-month; actual-to-date z=-0.23; mark z=-3.03; transition z=-7.17; pattern years=12,Watch,W,True,Atmos Zone 3 [Watch],1
Nortex-Tolar Hub,Global_G12,12,regular,Global_G12_S01,1,regular,South Central,SouthCentral - TexCoast,3,Global_G12,Global_G12_S01,Nortex-Tolar Hub,GLOBAL,Summer,,,ICE NorTex Tolar Hub FDt Com,,NGPL-TXOK East,Nortex-Tolar Hub,61,-0.48048032786885253,0.14357876214778667,0.08779638518420003,-0.45710000000000006,0.10882284000000052,-0.7799999999999998,-0.23690000000000033,2026-08-06,-0.30489999999999995,,0.10882284000000052,-0.45710000000000006,,,,,False,forward_transition,,,August,September,-0.29095000000000004,,,,,,,,,,12,,,,,,,Global_G12,4,1,3,Atmos Zone 3 | TETCO-ETX | Tres Palacios (w/d),0.8952422121470599,0.8635097380205465,0.9485947348169591,0.05934751532181373,0.8952422121470599,-0.7642000000000001,,,Global_G12 | Global_G12_S01,2,1,1,Atmos Zone 3,0.9485947348169591,0.9485947348169591,0.9485947348169591,0.05500446000000019,0.9485947348169591,-0.7642000000000001,,,OwnHistoryOnly,,0,,,,,,,,,,False,False,0.0,-0.6747456800000011,-0.23945431999999903,-0.7835685200000015,-0.13063147999999852,-0.8923913600000022,-0.021808639999997992,,,,,,,,,,0.0,No forward mark,No forward mark,,,False,,-1
TETCO-ETX,Global_G12,12,regular,Global_G12_S02,2,regular,South Central,SouthCentral - TexCoast,3,Global_G12,Global_G12_S02,TETCO-ETX,GLOBAL,Summer,,TX Eastern E TX FDt Com,,"Texas Eastern, ETX",,TETCO-ETX,61,-0.4342622950819672,0.12839014780988767,0.07116955762264786,-0.44999999999999973,0.16308599999999981,-0.665,-0.16999999999999993,2026-08-05,-0.375,,0.16308599999999981,-0.44999999999999973,,,,,False,forward_transition,,,August,September,-0.21499999999999986,,,,,,,,,,26,,,,,,,Global_G12,4,1,3,Atmos Zone 3 | Nortex-Tolar Hub | Tres Palacios (w/d),0.888576399916006,0.8605519976428911,0.9315550385014528,0.061099399216535295,0.888576399916006,-0.7132499999999996,,,Global_G12 | Global_G12_S02,2,0,1,Tres Palacios (w/d),0.8605519976428911,0.8605519976428911,0.8605519976428911,0.08532362999999998,0.8605519976428911,,,,OwnHistoryOnly,,0,,,,,,,,,,False,False,0.0,-0.7761719999999994,-0.1238280000000001,-0.9392579999999991,0.03925799999999968,-1.102343999999999,0.20234399999999952,,,,,,,,,,0.0,No forward mark,No forward mark,,,False,,-1
Tres Palacios (w/d),Global_G12,12,regular,Global_G12_S02,2,regular,South Central,SouthCentral - TexCoast,3,Global_G12,Global_G12_S02,Tres Palacios (w/d),GLOBAL,Summer,,,ICE Tres Palacios Hub - Withdrawal FDt Com,,,Tres Palacios (w/d),61,-0.37251639344262294,0.11998992899451716,0.07994742303009232,-0.36960000000000015,0.09696203999999985,-0.6165999999999996,-0.1865000000000001,2026-08-06,-0.2684000000000002,,0.09696203999999985,-0.36960000000000015,,,,,False,forward_transition,,,August,September,-0.2472000000000001,,,,,,,,,,12,,,,,,,Global_G12,4,1,3,Atmos Zone 3 | Nortex-Tolar Hub | TETCO-ETX,0.8637878765726129,0.8605519976428911,0.8673018940544011,0.07530809740240138,0.8637878765726129,-0.6455000000000001,,,Global_G12 | Global_G12_S02,2,0,1,TETCO-ETX,0.8605519976428911,0.8605519976428911,0.8605519976428911,0.08532362999999998,0.8605519976428911,,,,OwnHistoryOnly,,0,,,,,,,,,,False,False,0.0,-0.5635240799999999,-0.17567592000000046,-0.6604861199999996,-0.07871388000000062,-0.7574481599999996,0.018248159999999236,,,,,,,,,,0.0,No forward mark,No forward mark,,,False,,-1
HSC-HPL Pool,Global_G13,13,regular,Global_G13_S01,1,regular,South Central,SouthCentral - TexCoast,3,Global_G13,Global_G13_S01,HSC-HPL Pool,GLOBAL,Summer,HSC-HPL POOL,Houston ShipChl FDt Com,,Houston Ship Channel,,HSC-HPL Pool,62,-0.4567145161290323,0.10491944114457481,0.05882390921285293,-0.44750000000000023,0.07783649999999966,-0.6699999999999999,-0.14000000000000012,2026-08-06,-0.3212999999999999,-0.3433,0.07783649999999966,-0.44750000000000023,0.10420000000000024,1.0809675965844272,1.3387035645230798,1.3387035645230798,True,forward_transition,,,August,September,-0.3799999999999999,-1.0345227121753395,,,-0.4309524309152255,0.0366999999999999,-0.032721101464366534,0.06942110146436643,0.003978898535633366,0.550180864598189,26,opposite transition,,,0.0447647368658263,0.15983874213765983,current-month,Global_G13,4,2,3,Katy-Enstor Pool | Katy-Lonestar Inter | Katy-Oasis,0.8901880178048823,0.8778363318541819,0.904756042830663,0.045772354988867225,0.8901880178048823,-0.37297583769673087,0.029675837696730874,0.6742938914966525,Global_G13 | Global_G13_S01,4,2,3,Katy-Enstor Pool | Katy-Lonestar Inter | Katy-Oasis,0.8901880178048823,0.8778363318541819,0.904756042830663,0.045772354988867225,0.8901880178048823,-0.37297583769673087,0.029675837696730874,0.6742938914966525,Subgroup,Global_G13 | Global_G13_S01,3,Katy-Enstor Pool | Katy-Lonestar Inter | Katy-Oasis,0.8901880178048823,-0.37297583769673087,0.029675837696730874,0.045772354988867225,0.6742938914966525,0.6002483426893455,Higher than own-history expected value,Higher than peer-implied value,True,True,0.6361947743076919,-0.6031729999999995,-0.29182700000000095,-0.6810094999999992,-0.21399050000000125,-0.7588459999999988,-0.1361540000000016,1.3248574153851314,2.6497148307702627,2.1197718646162103,-0.4336176816233722,-0.3123339937700895,-0.49425952555001357,-0.2516921498434482,-0.470002787979357,-0.2759488874141047,1.482184544691792,In-family,history=Higher than own-history expected value; peers=Higher than peer-implied value; subgroup peers=3; peer model trusted; history/peer direction agree; pattern=opposite transition; historical check type=forward_transition; current month name=August; mark month name=September; current transition=+0.04; transition mean=-0.03; transition delta=+0.07; transition magnitude delta=+0.00; component current-month sd=0.04; component historical month sd=0.16; transition degree scale source=current-month; actual-to-date z=-1.03; mark z=-0.43; transition z=0.55; pattern years=26,,,False,,0
Katy-Enstor Pool,Global_G13,13,regular,Global_G13_S01,1,regular,South Central,SouthCentral - TexCoast,3,Global_G13,Global_G13_S01,Katy-Enstor Pool,GLOBAL,Summer,,,ICE Katy ENSTOR Pool (excl. Kinder Morgan Texas) FDt Com,Katy,,Katy-Enstor Pool,61,-0.43872950819672135,0.12131955097216368,0.07899322024473215,-0.4196,0.10422678000000003,-0.6868999999999996,-0.20500000000000007,2026-08-06,-0.29380000000000006,-0.355,0.10422678000000003,-0.4196,0.06459999999999999,0.6901567597784202,0.6198023195190331,0.6198023195190331,True,forward_transition,,,August,September,-0.2594000000000001,-0.33112742821098146,,,-0.818587667702993,-0.09559999999999991,0.002357732666849632,-0.09795773266684954,0.09324226733315027,-1.669094970803274,12,mild stronger than history,mild,0.8246697342270581,0.1130661930021524,0.18876640757397276,current-month,Global_G13,4,2,3,HSC-HPL Pool | Katy-Lonestar Inter | Katy-Oasis,0.9480519948098248,0.8778363318541819,0.9906560994521671,0.027798980986279406,0.9480519948098248,-0.34086030957951924,-0.014139690420480746,-0.2409671198993246,Global_G13 | Global_G13_S01,4,2,3,HSC-HPL Pool | Katy-Lonestar Inter | Katy-Oasis,0.9480519948098248,0.8778363318541819,0.9906560994521671,0.027798980986279406,0.9480519948098248,-0.34086030957951924,-0.014139690420480746,-0.2409671198993246,Subgroup,Global_G13 | Global_G13_S01,3,HSC-HPL Pool | Katy-Lonestar Inter | Katy-Oasis,0.9480519948098248,-0.34086030957951924,-0.014139690420480746,0.027798980986279406,-0.2409671198993246,0.2284493587041329,Higher than own-history expected value,Lower than peer-implied value,True,False,0.23462477279644325,-0.62805356,-0.2111464399999999,-0.7322803400000001,-0.10691965999999986,-0.83650712,-0.002692879999999842,1.2837898414737299,2.5675796829474598,2.0540637463579676,-0.37654835897302613,-0.30517226018601235,-0.41223640836653297,-0.2694842107925055,-0.3979611886091302,-0.28375943054990826,0.6627244520092466,In-family,history=Higher than own-history expected value; peers=Lower than peer-implied value; subgroup peers=3; peer model trusted; history/peer direction disagree; pattern=mild stronger than history; historical check type=forward_transition; current month name=August; mark month name=September; current transition=-0.10; transition mean=+0.00; transition delta=-0.10; transition magnitude delta=+0.09; transition degree=mild; transition degree score=0.82; component current-month sd=0.11; component historical month sd=0.19; transition degree scale source=current-month; actual-to-date z=-0.33; mark z=-0.82; transition z=-1.67; pattern years=12,,,False,,0
Katy-Lonestar Inter,Global_G13,13,regular,Global_G13_S01,1,regular,South Central,SouthCentral - TexCoast,3,Global_G13,Global_G13_S01,Katy-Lonestar Inter,GLOBAL,Summer,,,ICE Katy Lonestar Interstate FDt Com,,Katy-Enstor Pool,Katy-Lonestar Inter,61,-0.45444590163934434,0.1226524514957752,0.07948896329246424,-0.45500000000000007,0.09547944000000001,-0.6938,-0.2250000000000001,2026-08-06,-0.2986,,0.09547944000000001,-0.45500000000000007,,,,,False,forward_transition,,,August,September,-0.26855000000000007,,,,,,,,,,12,,,,,,,Global_G13,4,3,3,HSC-HPL Pool | Katy-Enstor Pool | Katy-Oasis,0.9554497027178456,0.8879716787298021,0.9906560994521671,0.023312834956005956,0.9554497027178456,-0.3588883654161551,,,Global_G13 | Global_G13_S01,4,3,3,HSC-HPL Pool | Katy-Enstor Pool | Katy-Oasis,0.9554497027178456,0.8879716787298021,0.9906560994521671,0.023312834956005956,0.9554497027178456,-0.3588883654161551,,,OwnHistoryOnly,,0,,,,,,,,,,False,False,0.0,-0.6459588800000001,-0.26404112,-0.7414383200000001,-0.16856168000000005,-0.8369177600000002,-0.07308224000000002,,,,,,,,,,0.0,No forward mark,No forward mark,,,False,,-1
Katy-Oasis,Global_G13,13,regular,Global_G13_S01,1,regular,South Central,SouthCentral - TexCoast,3,Global_G13,Global_G13_S01,Katy-Oasis,GLOBAL,Summer,,,ICE Katy Oasis Pipeline FDt Com,,Katy-Enstor Pool,Katy-Oasis,61,-0.44182459016393455,0.11925451725299922,0.07577533435498761,-0.4401999999999999,0.10526460000000025,-0.6647999999999996,-0.19810000000000016,2026-08-06,-0.2845,-0.355,0.10526460000000025,-0.4401999999999999,0.08519999999999994,0.7280612270622474,0.8093889113719117,0.8093889113719117,True,forward_transition,,,August,September,-0.25245000000000006,-0.3791294490086341,,,-0.8602844546043935,-0.10254999999999992,0.004690147553451374,-0.10724014755345129,0.09785985244654855,-1.8396738049504755,11,mild stronger than history,mild,0.8789936328982395,0.11133169659475532,0.17749716429886525,current-month,Global_G13,4,2,3,HSC-HPL Pool | Katy-Enstor Pool | Katy-Lonestar Inter,0.9560469753084521,0.904756042830663,0.9877213299715676,0.023463068469473013,0.9560469753084521,-0.34080529181889163,-0.014194708181108368,-0.40169684568653835,Global_G13 | Global_G13_S01,4,2,3,HSC-HPL Pool | Katy-Enstor Pool | Katy-Lonestar Inter,0.9560469753084521,0.904756042830663,0.9877213299715676,0.023463068469473013,0.9560469753084521,-0.34080529181889163,-0.014194708181108368,-0.40169684568653835,Subgroup,Global_G13 | Global_G13_S01,3,HSC-HPL Pool | Katy-Enstor Pool | Katy-Lonestar Inter,0.9560469753084521,-0.34080529181889163,-0.014194708181108368,0.023463068469473013,-0.40169684568653835,0.38404105430956104,Higher than own-history expected value,Lower than peer-implied value,True,False,0.3927697546022138,-0.6507292000000005,-0.22967079999999943,-0.7559938000000006,-0.12440619999999919,-0.861258400000001,-0.019141599999998926,1.2784107004794885,2.556821400958977,2.045457120767182,-0.3708007296163488,-0.31080985402143446,-0.400796167413806,-0.28081441622397724,-0.38879799229482315,-0.2928125913429601,0.8996546503976354,In-family,history=Higher than own-history expected value; peers=Lower than peer-implied value; subgroup peers=3; peer model trusted; history/peer direction disagree; pattern=mild stronger than history; historical check type=forward_transition; current month name=August; mark month name=September; current transition=-0.10; transition mean=+0.00; transition delta=-0.11; transition magnitude delta=+0.10; transition degree=mild; transition degree score=0.88; component current-month sd=0.11; component historical month sd=0.18; transition degree scale source=current-month; actual-to-date z=-0.38; mark z=-0.86; transition z=-1.84; pattern years=11,,,False,,0
GTN-Malin,Global_G14,14,regular,Global_G14_S01,1,small_outlier,West,West - California,3,Global_G14,Global_G14_S01,GTN-Malin,GLOBAL,Summer,,,,,,GTN-Malin,61,-1.1623426229508198,0.814139230815593,0.16099078367837866,-1.5923000000000003,0.9928972200000002,-2.4920999999999998,0.054300000000000015,2026-08-06,0.054300000000000015,-0.2575,0.9928972200000002,-1.5923000000000003,1.3348000000000002,1.1114101724889995,1.3443486124374484,1.3443486124374484,True,forward_transition,,,August,September,-0.06809999999999983,-0.176204541503492,,,-0.3115507442021633,-0.18940000000000018,-0.21567810075891786,0.026278100758917677,-0.026278100758917677,0.03962308047622808,12,slight weaker than history,slight,0.22300934089283755,0.11783408109145108,0.4611509204451532,current-month,Global_G14,2,1,1,PG&E-Citygate,0.9843034453358859,0.9843034453358859,0.9843034453358859,0.18161850000000007,0.9843034453358859,-0.0709999999999999,-0.1865000000000001,-1.0268777685092656,Global_G14 | Global_G14_S01,2,1,1,PG&E-Citygate,0.9843034453358859,0.9843034453358859,0.9843034453358859,0.18161850000000007,0.9843034453358859,-0.0709999999999999,-0.1865000000000001,-1.0268777685092656,OwnHistoryOnly,,0,,,,,,,,Higher than own-history expected value,,False,False,0.0,-3.578094440000001,0.3934944400000002,-4.570991660000001,1.3863916600000006,-5.563888880000001,2.3792888800000007,,,,,,,,,,1.3443486124374484,In-family,history=Higher than own-history expected value; pattern=slight weaker than history; historical check type=forward_transition; current month name=August; mark month name=September; current transition=-0.19; transition mean=-0.22; transition delta=+0.03; transition magnitude delta=-0.03; transition degree=slight; transition degree score=0.22; component current-month sd=0.12; component historical month sd=0.46; transition degree scale source=current-month; actual-to-date z=-0.18; mark z=-0.31; transition z=0.04; pattern years=12,,,False,,0
PG&E-Citygate,Global_G14,14,regular,Global_G14_S01,1,small_outlier,West,West - California,3,Global_G14,Global_G14_S01,PG&E-Citygate,GLOBAL,Summer,PG&E-CITYGATE,PG&E CG FDt Com,,PG&E city-gate,,PG&E-Citygate,62,-0.7628451612903224,0.8649673458590403,0.20291227181874633,-1.0974999999999997,0.9451575000000001,-2.2699999999999996,0.5949999999999998,2026-08-06,0.43359999999999976,0.305,0.9451575000000001,-1.0974999999999997,1.4024999999999996,1.2345496814446728,1.483879670848509,1.483879670848509,True,forward_transition,,,August,September,0.48929999999999985,-0.5856639046762673,,,-0.9421690156308452,-0.18429999999999985,-0.24257798979505057,0.05827798979505072,-0.05827798979505072,0.06977233315495356,26,slight weaker than history,slight,0.38177274445307946,0.15265099628455323,0.6894848932714219,current-month,Global_G14,2,1,1,GTN-Malin,0.9843034453358859,0.9843034453358859,0.9843034453358859,0.18161850000000007,0.9843034453358859,0.11849999999999988,0.1865000000000001,1.0268777685092656,Global_G14 | Global_G14_S01,2,1,1,GTN-Malin,0.9843034453358859,0.9843034453358859,0.9843034453358859,0.18161850000000007,0.9843034453358859,0.11849999999999988,0.1865000000000001,1.0268777685092656,OwnHistoryOnly,,0,,,,,,,,Higher than own-history expected value,,False,False,0.0,-2.987815,0.7928150000000005,-3.9329725,1.7379725000000006,-4.8781300000000005,2.6831300000000007,,,,,,,,,,1.483879670848509,In-family,history=Higher than own-history expected value; pattern=slight weaker than history; historical check type=forward_transition; current month name=August; mark month name=September; current transition=-0.18; transition mean=-0.24; transition delta=+0.06; transition magnitude delta=-0.06; transition degree=slight; transition degree score=0.38; component current-month sd=0.15; component historical month sd=0.69; transition degree scale source=current-month; actual-to-date z=-0.59; mark z=-0.94; transition z=0.07; pattern years=26,,,False,,0
Transco-165,Global_G15,15,regular,Global_G15_S01,1,supergroup,Northeast,Northeast - Demand,3,Global_G15,Global_G15_S01,Transco-165,GLOBAL,Summer,,Transco Station 165 FDt Com,,"Transco, station 165",,Transco-165,62,-0.6721193548387097,0.1535839321329318,0.12170063557538865,-0.6699999999999999,0.13714050000000003,-0.9199999999999999,-0.2250000000000001,2026-08-06,-0.49140000000000006,-0.7777,0.13714050000000003,-0.6699999999999999,-0.10770000000000002,-0.6874459046269688,-0.785325997790587,0.785325997790587,True,forward_transition,,,August,September,-0.7349999999999999,,,,,,,,,,2,,,,,,,Global_G15,2,1,1,Transco-Z5 North,0.984478133937275,0.984478133937275,0.984478133937275,0.029652000000000026,0.984478133937275,0.3024999999999998,-1.0801999999999998,-36.42924591933087,Global_G15 | Global_G15_S01,2,1,1,Transco-Z5 North,0.984478133937275,0.984478133937275,0.984478133937275,0.029652000000000026,0.984478133937275,0.3024999999999998,-1.0801999999999998,-36.42924591933087,OwnHistoryOnly,,0,,,,,,,,Lower than own-history expected value,,False,False,0.0,-0.9442809999999999,-0.3957189999999999,-1.0814215,-0.2585784999999998,-1.218562,-0.12143799999999982,,,,,,,,,,0.785325997790587,In-family,history=Lower than own-history expected value,,,False,,0
Transco-Z5 North,Global_G15,15,regular,Global_G15_S01,1,supergroup,Northeast,Northeast - Demand,3,Global_G15,Global_G15_S01,Transco-Z5 North,GLOBAL,Summer,,Transco Zone 5 North FDt Com,,,,Transco-Z5 North,62,-0.6011435483870967,0.1629138227598227,0.1323366387524035,-0.5800000000000001,0.17049899999999965,-0.9099999999999997,-0.0950000000000002,2026-08-06,-0.42090000000000005,0.3775,0.17049899999999965,-0.5800000000000001,0.9575,6.007124084430035,5.615868714772533,5.615868714772533,True,forward_transition,,,August,September,-0.6525,-0.9288887427624765,,,1.1742249030486318,1.03,-0.4004890765772203,1.4304890765772202,0.6295109234227797,2.739768660765277,10,opposite transition,,,0.10698318403686939,0.5685386069045651,current-month,Global_G15,2,1,1,Transco-165,0.984478133937275,0.984478133937275,0.984478133937275,0.029652000000000026,0.984478133937275,-0.7026999999999998,1.0801999999999998,36.42924591933087,Global_G15 | Global_G15_S01,2,1,1,Transco-165,0.984478133937275,0.984478133937275,0.984478133937275,0.029652000000000026,0.984478133937275,-0.7026999999999998,1.0801999999999998,36.42924591933087,OwnHistoryOnly,,0,,,,,,,,Higher than own-history expected value,,False,False,0.0,-0.9209979999999993,-0.23900200000000077,-1.091496999999999,-0.06850300000000109,-1.2619959999999986,0.10199599999999853,,,,,,,,,,5.615868714772533,Strong outlier,Strong: own-history |z| alone clears the strong tier (≥4); history=very far above own-history expected value; own z=5.62 (very high); pattern=opposite transition; historical check type=forward_transition; current month name=August; mark month name=September; current transition=+1.03; transition mean=-0.40; transition delta=+1.43; transition magnitude delta=+0.63; component current-month sd=0.11; component historical month sd=0.57; transition degree scale source=current-month; actual-to-date z=-0.93; mark z=1.17; transition z=2.74; pattern years=10,Strong outlier,SO,True,Transco-Z5 North [Strong outlier],3
EP-Plains Pool,Global_OUTLIER,999,outlier,Global_OUTLIER_S01,1,outlier,South Central,SouthCentral - WesTex,3,Global_OUTLIER,Global_OUTLIER_S01,EP-Plains Pool,GLOBAL,Summer,,,ICE El Paso Plains Pool FDt Com,,,EP-Plains Pool,61,-1.5786819672131147,0.963786786156253,0.3605799783987374,-1.4049999999999998,1.1156564999999998,-3.7058,-0.4270999999999998,2026-08-06,-0.5697000000000001,-0.788,1.1156564999999998,-1.4049999999999998,0.6169999999999998,0.8203909605012224,0.5530376061090487,0.5530376061090487,True,forward_transition,,,August,September,-0.63765,0.40402627357720805,,,0.5886124306037497,-0.15034999999999998,-0.6449904941193104,0.49464049411931044,-0.49464049411931044,0.4249585358262447,10,very strong weaker than history,very strong,15.26864802870099,0.032395827920685454,0.8183259480340803,current-month,Global_OUTLIER,8,4,4,FGT-CG | GTN-Kingsgate | GTN-Stanfield | NWP-Sumas,0.6479378391724686,0.5446901188642561,0.7395517496475659,0.6524686726190045,0.6479378391724686,-0.9841098622167465,0.1961098622167465,0.3270187345922425,Global_OUTLIER | Global_OUTLIER_S01,1,0,0,,,,,,,,,,OwnHistoryOnly,,0,,,,,,,,Higher than own-history expected value,,False,False,0.0,-3.6363129999999995,0.8263129999999999,-4.7519694999999995,1.9419694999999995,-5.867626,3.0576259999999995,,,,,,,,,,0.5530376061090487,In-family,history=Higher than own-history expected value; pattern=very strong weaker than history; historical check type=forward_transition; current month name=August; mark month name=September; current transition=-0.15; transition mean=-0.64; transition delta=+0.49; transition magnitude delta=-0.49; transition degree=very strong; transition degree score=15.27; component current-month sd=0.03; component historical month sd=0.82; transition degree scale source=current-month; actual-to-date z=0.40; mark z=0.59; transition z=0.42; pattern years=10,,,False,,0
FGT-CG,Global_OUTLIER,999,outlier,Global_OUTLIER_S02,2,outlier,Southeast,Southeast,3,Global_OUTLIER,Global_OUTLIER_S02,FGT-CG,GLOBAL,Summer,,Florida CG FDt Com,,,FGT-Z3,FGT-CG,61,1.5963114754098355,0.4534156496704985,0.20844153687253716,1.6550000000000002,0.3558240000000003,0.43000000000000016,2.53,2026-08-05,1.3349999999999995,,0.3558240000000003,1.6550000000000002,,,,,False,forward_transition,,,August,September,1.5999999999999996,,,,,,,,,,24,,,,,,,Global_OUTLIER,8,5,3,EP-Plains Pool | Transco Zn3 | Transco-Z5,0.5319742618054554,0.47838725845994967,0.6044547839768367,0.6178799660755742,0.5319742618054554,1.998235674692675,,,Global_OUTLIER | Global_OUTLIER_S02,1,0,0,,,,,,,,,,OwnHistoryOnly,,0,,,,,,,,,,False,False,0.0,0.9433519999999996,2.366648000000001,0.5875279999999994,2.722472000000001,0.23170399999999902,3.0782960000000017,,,,,,,,,,0.0,No forward mark,No forward mark,,,False,,-1
GTN-Kingsgate,Global_OUTLIER,999,outlier,Global_OUTLIER_S03,3,outlier,Rockies,West - California,3,Global_OUTLIER,Global_OUTLIER_S03,GTN-Kingsgate,GLOBAL,Summer,,GTNW Kingsgate FDt Com,,,,GTN-Kingsgate,62,-1.602343548387097,0.5287183168420134,0.23001887449283545,-1.7125000000000001,0.3595305000000002,-2.3850000000000002,-0.2649999999999997,2026-08-06,-1.4203000000000001,-1.6245,0.3595305000000002,-1.7125000000000001,0.08800000000000008,-0.04190596562880896,0.2447636570471769,0.2447636570471769,True,forward_transition,,,August,September,-1.425,-0.13846924612962438,,,0.03184514637094544,-0.1995,-0.3975517855326015,0.1980517855326015,-0.1980517855326015,0.5039207835191934,26,very strong weaker than history,very strong,2.1431513181540836,0.09241148016705855,1.1897924573610952,current-month,Global_OUTLIER,8,4,3,EP-Plains Pool | GTN-Stanfield | NWP-Sumas,0.7058468487543719,0.5446901188642561,0.7894042387233838,0.2532726325286546,0.7058468487543719,-0.7086049979557625,-0.9158950020442375,-7.281708769149002,Global_OUTLIER | Global_OUTLIER_S03,1,0,0,,,,,,,,,,OwnHistoryOnly,,0,,,,,,,,Higher than own-history expected value,,False,False,0.0,-2.4315610000000003,-0.9934389999999997,-2.7910915000000007,-0.6339084999999995,-3.150622000000001,-0.27437799999999934,,,,,,,,,,0.2447636570471769,In-family,history=Higher than own-history expected value; pattern=very strong weaker than history; historical check type=forward_transition; current month name=August; mark month name=September; current transition=-0.20; transition mean=-0.40; transition delta=+0.20; transition magnitude delta=-0.20; transition degree=very strong; transition degree score=2.14; component current-month sd=0.09; component historical month sd=1.19; transition degree scale source=current-month; actual-to-date z=-0.14; mark z=0.03; transition z=0.50; pattern years=26,,,False,,0
GTN-Stanfield,Global_OUTLIER,999,outlier,Global_OUTLIER_S04,4,outlier,West,West - California,3,Global_OUTLIER,Global_OUTLIER_S04,GTN-Stanfield,GLOBAL,Summer,,Stanfield OR FDt Com,,,,GTN-Stanfield,62,-1.1870741935483868,0.8015623393805832,0.16201085405182297,-1.64,0.9562769999999996,-2.4299999999999997,-0.023600000000000065,2026-08-06,-0.023600000000000065,-0.5475,0.9562769999999996,-1.64,1.0924999999999998,0.7979094851719523,1.1424514026793495,1.1424514026793495,True,forward_transition,,,August,September,-0.09499999999999975,0.31587533200172413,,,-0.5816805367097434,-0.45250000000000024,0.04360465657857243,-0.49610465657857267,0.4088953434214278,-0.5446577376266158,26,opposite transition,,,0.12237984583527904,0.5046316260506948,current-month,Global_OUTLIER,8,4,4,EP-Plains Pool | GTN-Kingsgate | NWP-Sumas | REX-Z3 (receipt) ,0.7385722245749811,0.44006336209844316,0.9912275978784401,0.29370256857898003,0.7385722245749811,-0.7907988228166208,0.24329882281662077,1.772117737375953,Global_OUTLIER | Global_OUTLIER_S04,1,0,0,,,,,,,,,,OwnHistoryOnly,,0,,,,,,,,Higher than own-history expected value,,False,False,0.0,-3.552553999999999,0.2725539999999993,-4.508830999999999,1.228830999999999,-5.465107999999998,2.1851079999999987,,,,,,,,,,1.1424514026793495,In-family,history=Higher than own-history expected value; pattern=opposite transition; historical check type=forward_transition; current month name=August; mark month name=September; current transition=-0.45; transition mean=+0.04; transition delta=-0.50; transition magnitude delta=+0.41; component current-month sd=0.12; component historical month sd=0.50; transition degree scale source=current-month; actual-to-date z=0.32; mark z=-0.58; transition z=-0.54; pattern years=26,,,False,,0
NWP-Sumas,Global_OUTLIER,999,outlier,Global_OUTLIER_S05,5,outlier,West,West - California,3,Global_OUTLIER,Global_OUTLIER_S05,NWP-Sumas,GLOBAL,Summer,NWP-SUMAS,NW Can Bd Sumas FDt Com,,"Northwest, Canadian border (Sumas",,NWP-Sumas,61,-1.2533606557377046,0.8055105634065658,0.13467944260311965,-1.6400000000000001,1.0007549999999996,-2.425,-0.07500000000000018,2026-08-05,-0.28500000000000014,-0.4842,1.0007549999999996,-1.6400000000000001,1.1558000000000002,0.9548734562646396,1.1549280293378505,1.1549280293378505,True,forward_transition,,,August,September,-0.18999999999999995,0.3529663289544998,,,0.3551574841902663,-0.2942000000000001,-0.1626789521235074,-0.13152104787649269,0.13152104787649269,-0.18372986419611367,26,very stronger than history,very strong,2.149880674915298,0.061175975676731185,0.5987910872750659,current-month,Global_OUTLIER,8,4,4,EP-Plains Pool | GTN-Kingsgate | GTN-Stanfield | REX-Z3 (receipt) ,0.7277395930447755,0.42727183137606295,0.9912275978784401,0.32810273060998396,0.7277395930447755,-0.8618677198295949,0.3776677198295948,4.152668429118116,Global_OUTLIER | Global_OUTLIER_S05,1,0,0,,,,,,,,,,OwnHistoryOnly,,0,,,,,,,,Higher than own-history expected value,,False,False,0.0,-3.6415099999999994,0.3615099999999991,-4.642264999999998,1.3622649999999985,-5.643019999999998,2.3630199999999983,,,,,,,,,,1.1549280293378505,In-family,history=Higher than own-history expected value; pattern=very stronger than history; historical check type=forward_transition; current month name=August; mark month name=September; current transition=-0.29; transition mean=-0.16; transition delta=-0.13; transition magnitude delta=+0.13; transition degree=very strong; transition degree score=2.15; component current-month sd=0.06; component historical month sd=0.60; transition degree scale source=current-month; actual-to-date z=0.35; mark z=0.36; transition z=-0.18; pattern years=26,,,False,,0
REX-Z3 (receipt) ,Global_OUTLIER,999,outlier,Global_OUTLIER_S06,6,outlier,Northeast,Northeast - Appalachia,3,Global_OUTLIER,Global_OUTLIER_S06,REX-Z3 (receipt) ,GLOBAL,Summer,,,ICE REX zone 3 receipts FDt Com,,TETCO-M2 (receipt),REX-Z3 (receipt) ,61,-0.8316377049180328,0.6339076452617616,0.4553750380196662,-0.6782000000000004,0.21512526000000098,-3.13,-0.2833999999999999,2026-08-06,-0.5028000000000001,,0.21512526000000098,-0.6782000000000004,,,,,False,forward_transition,,,August,September,-0.5326,,,,,,,,,,7,,,,,,,Global_OUTLIER,8,5,2,GTN-Stanfield | NWP-Sumas,0.4336675967372531,0.42727183137606306,0.44006336209844316,1.0136917015761322,0.4336675967372531,-0.18054868210632538,,,Global_OUTLIER | Global_OUTLIER_S06,1,0,0,,,,,,,,,,OwnHistoryOnly,,0,,,,,,,,,,False,False,0.0,-1.1084505200000023,-0.2479494799999984,-1.3235757800000032,-0.032824219999997406,-1.5387010400000043,0.18230104000000358,,,,,,,,,,0.0,No forward mark,No forward mark,,,False,,-1
Transco Zn3,Global_OUTLIER,999,outlier,Global_OUTLIER_S07,7,outlier,South Central,Southeast,3,Global_OUTLIER,Global_OUTLIER_S07,Transco Zn3,GLOBAL,Summer,,Transco Zn3 FDt Com,,"Transco, zone 3",,,61,0.2933606557377049,0.15684047445168445,0.11222137499447107,0.2799999999999998,0.1111949999999996,-0.020000000000000018,0.7899999999999996,2026-08-05,0.2250000000000001,,0.1111949999999996,0.2799999999999998,,,,,False,forward_transition,,,August,September,0.3500000000000001,,,,,,,,,,26,,,,,,,Global_OUTLIER,8,5,1,FGT-CG,0.5130807429795798,0.5130807429795798,0.5130807429795798,0.27428100000000005,0.5130807429795798,,,,Global_OUTLIER | Global_OUTLIER_S07,1,0,0,,,,,,,,,,OwnHistoryOnly,,0,,,,,,,,,,False,False,0.0,0.057610000000000605,0.502389999999999,-0.053584999999998995,0.6135849999999986,-0.1647799999999986,0.7247799999999982,,,,,,,,,,0.0,No forward mark,No forward mark,,,False,,-1
Transco-Z5,Global_OUTLIER,999,outlier,Global_OUTLIER_S08,8,outlier,Northeast,Northeast - Demand,3,Global_OUTLIER,Global_OUTLIER_S08,Transco-Z5,GLOBAL,Summer,TRANSCO-Z5,Transco Zn5 Dlv FDt Com,,"Transco, zone 5 del",,Transco-Z5,61,0.3913114754098361,0.29694542377254035,0.2837945440284908,0.45500000000000007,0.24462900000000004,-0.26000000000000023,0.9650000000000003,2026-08-05,0.32499999999999973,0.3775,0.24462900000000004,0.45500000000000007,-0.07750000000000007,-0.04651183114515897,-0.3168062658147646,0.3168062658147646,True,forward_transition,,,August,September,0.46499999999999986,0.2104531004168573,,,1.3892302289797853,-0.08749999999999986,-0.2789331968545664,0.19143319685456656,-0.19143319685456656,0.3444327708326932,26,moderate weaker than history,moderate,1.265164298173983,0.15131093813733354,0.3521121370266818,current-month,Global_OUTLIER,8,4,1,FGT-CG,0.4783872584599497,0.4783872584599497,0.4783872584599497,0.4225409999999989,0.4783872584599497,,,,Global_OUTLIER | Global_OUTLIER_S08,1,0,0,,,,,,,,,,OwnHistoryOnly,,0,,,,,,,,Lower than own-history expected value,,False,False,0.0,-0.03425800000000001,0.9442580000000002,-0.2788870000000001,1.1888870000000002,-0.5235160000000001,1.4335160000000002,,,,,,,,,,0.3168062658147646,In-family,history=Lower than own-history expected value; pattern=moderate weaker than history; historical check type=forward_transition; current month name=August; mark month name=September; current transition=-0.09; transition mean=-0.28; transition delta=+0.19; transition magnitude delta=-0.19; transition degree=moderate; transition degree score=1.27; component current-month sd=0.15; component historical month sd=0.35; transition degree scale source=current-month; actual-to-date z=0.21; mark z=1.39; transition z=0.34; pattern years=26,,,False,,0
