Component,Parent_Group_Label,Parent_Group_Number,Parent_Group_Type,Subgroup_Label,Subgroup_Number,Subgroup_Type,REGION,PriceRegionLabel,Tree_Depth,Tree_Level_1,Tree_Level_2,Tree_Level_3,Scope,Season,Fin Basis Name,Platts Market,Platt Market w/ ICE in the name,Platts Forward Settle,GasDaily,ICE Market,Hist_Count,Hist_Mean,Hist_SD,Hist_Daily_Change_SD,Hist_Median,Hist_Robust_SD,Hist_Min,Hist_Max,History_Last_Date,History_Last_Basis,Final Mark,Group_Outlier_Flag,Plot_Flag_Label,Plot_Flag_Short,Plot_Annotate,Plot_Label_Text,Chosen_Group_Level,Chosen_Group_Reliability,Overall_Combined_Score,Outlier_Reasons,History_Window_Start,History_Window_End,Has_Forward_Final_Mark
Chicago,Global_G01,1,regular,Global_G01_S01,1,supergroup,Midwest,Midwest - Chicago,3,Global_G01,Global_G01_S01,Chicago,GLOBAL,Summer,Chicago,Chicago CG FDt Com,,Chicago city-gates,,,62,-0.32911290322580655,0.17395242470366873,0.07733867397236181,-0.2825,0.19644450000000008,-0.6999999999999997,-0.050000000000000266,2026-08-17,-0.24499999999999966,-0.1895,In-family,,,False,,Subgroup,0.9988634082373904,0.581034373010487,history=Higher than own-history expected value; peers=Lower than peer-implied value; subgroup peers=3; peer model trusted; history/peer direction disagree; pattern=moderate weaker than history; historical check type=forward_transition; current month name=August; mark month name=September; current transition=+0.00; transition mean=-0.09; transition delta=+0.09; transition magnitude delta=-0.09; transition degree=moderate; transition degree score=1.04; component current-month sd=0.09; component historical month sd=0.17; transition degree scale source=current-month; actual-to-date z=-0.07; mark z=0.38; transition z=0.57; pattern years=26,2026-06-17,2026-08-17,True
NGPL-Nicor,Global_G01,1,regular,Global_G01_S01,1,supergroup,Midwest,Midwest - Chicago,3,Global_G01,Global_G01_S01,NGPL-Nicor,GLOBAL,Summer,Chicago,Chicago Nicor FDt Com,,Chicago-Nicor,Chicago,NGPL-Nicor,62,-0.3281451612903227,0.17313936836503244,0.07781695279356866,-0.27749999999999986,0.200151,-0.6999999999999997,-0.05500000000000016,2026-08-17,-0.24499999999999966,-0.187,In-family,,,False,,Subgroup,0.9981939048042432,0.5049466940659714,history=Higher than own-history expected value; peers=Higher than peer-implied value; subgroup peers=3; peer model trusted; history/peer direction agree; pattern=moderate weaker than history; historical check type=forward_transition; current month name=August; mark month name=September; current transition=+0.00; transition mean=-0.10; transition delta=+0.10; transition magnitude delta=-0.10; transition degree=moderate; transition degree score=1.12; component current-month sd=0.09; component historical month sd=0.15; transition degree scale source=current-month; actual-to-date z=0.14; mark z=0.58; transition z=0.65; pattern years=10,2026-06-17,2026-08-17,True
NGPL-Nipsco,Global_G01,1,regular,Global_G01_S01,1,supergroup,Midwest,Midwest - Chicago,3,Global_G01,Global_G01_S01,NGPL-Nipsco,GLOBAL,Summer,Chicago,Chicago NIPSCO FDt Com,,Chicago-NIPSCO,Chicago,NGPL-Nipsco,62,-0.32903225806451625,0.1742191918567268,0.07831804292112085,-0.2975000000000001,0.19644450000000008,-0.6949999999999998,-0.050000000000000266,2026-08-17,-0.24499999999999966,-0.1895,In-family,,,False,,Subgroup,0.9984799346498202,0.6275175340031618,history=Higher than own-history expected value; peers=Lower than peer-implied value; subgroup peers=3; peer model trusted; history/peer direction disagree; pattern=moderate weaker than history; historical check type=forward_transition; current month name=August; mark month name=September; current transition=-0.00; transition mean=-0.10; transition delta=+0.09; transition magnitude delta=-0.09; transition degree=moderate; transition degree score=1.01; component current-month sd=0.09; component historical month sd=0.15; transition degree scale source=current-month; actual-to-date z=0.20; mark z=0.55; transition z=0.60; pattern years=10,2026-06-17,2026-08-17,True
PGLC,Global_G01,1,regular,Global_G01_S01,1,supergroup,Midwest,Midwest - Demand,3,Global_G01,Global_G01_S01,PGLC,GLOBAL,Summer,,Chicago Peoples FDt Com,,Chicago-Peoples,Chicago,PGLC,62,-0.3323677419354839,0.17427774400970603,0.07892681690166849,-0.28749999999999987,0.20756399999999983,-0.6999999999999997,-0.05500000000000016,2026-08-17,-0.22999999999999998,-0.1895,In-family,,,False,,Subgroup,0.9974161960962524,0.6285675019110989,history=Higher than own-history expected value; peers=Higher than peer-implied value; subgroup peers=3; peer model trusted; history/peer direction agree; pattern=mild weaker than history; historical check type=forward_transition; current month name=August; mark month name=September; current transition=+0.01; transition mean=-0.09; transition delta=+0.10; transition magnitude delta=-0.08; transition degree=mild; transition degree score=0.89; component current-month sd=0.09; component historical month sd=0.17; transition degree scale source=current-month; actual-to-date z=-0.01; mark z=0.47; transition z=0.63; pattern years=12,2026-06-17,2026-08-17,True
Lebanon,Global_G01,1,regular,Global_G01_S02,2,regular,Northeast,Northeast - Appalachia,3,Global_G01,Global_G01_S02,Lebanon,GLOBAL,Summer,,Lebanon Hub-Ohio FDt Com,,Lebanon Hub,,Lebanon,62,-0.3831451612903225,0.1560060787775506,0.07426654109141648,-0.34999999999999987,0.200151,-0.7199999999999998,-0.15500000000000025,2026-08-17,-0.3099999999999996,,No forward mark,,,False,,OwnHistoryOnly,,0.0,No forward mark,2026-06-17,2026-08-17,False
NGPL-MidAm,Global_G01,1,regular,Global_G01_S02,2,regular,Midwest,Midwest - Chicago,3,Global_G01,Global_G01_S02,NGPL-MidAm,GLOBAL,Summer,,,ICE NGPL Mid-American Citygate FDt Com,,Chicago,NGPL-MidAm,50,-0.35365999999999986,0.173793768235662,0.0704509952349279,-0.3125,0.2005216499999998,-0.6924999999999999,-0.10000000000000009,2026-08-16,-0.23999999999999977,-0.1895,Outlier,Outlier,O,True,NGPL-MidAm [Outlier],Subgroup,0.980726234290021,5.812966798671998,history=Higher than own-history expected value; peers=very far below peer-implied value; subgroup peers=3; peer model trusted; peer score v2=5.78 (high); history/peer direction disagree; pattern=moderate weaker than history; historical check type=forward_transition; current month name=August; mark month name=September; current transition=-0.00; transition mean=-0.10; transition delta=+0.10; transition magnitude delta=-0.10; transition degree=moderate; transition degree score=1.43; component current-month sd=0.07; component historical month sd=0.15; transition degree scale source=current-month; actual-to-date z=-0.03; mark z=0.47; transition z=0.66; pattern years=12,2026-06-17,2026-08-17,True
REX E-ANR,Global_G01,1,regular,Global_G01_S02,2,regular,Midwest,Midwest - Chicago,3,Global_G01,Global_G01_S02,REX E-ANR,GLOBAL,Summer,,,ICE REX (East) delivered into ANR FDt Com,,REX-Z3 Del Pool,REX E-ANR,48,-0.3353979166666667,0.15007854892232667,0.06964330323495874,-0.28500000000000014,0.1303205399999998,-0.645,-0.15169999999999995,2026-08-16,-0.30479999999999974,-0.0912,Outlier,Outlier,O,True,REX E-ANR [Outlier],Subgroup,0.9893206916381448,9.865078414491665,history=Higher than own-history expected value; peers=very far above peer-implied value; subgroup peers=3; peer model trusted; peer score v2=9.75 (high); history/peer direction agree; pattern=opposite transition; historical check type=forward_transition; current month name=August; mark month name=September; current transition=+0.13; transition mean=-0.10; transition delta=+0.23; transition magnitude delta=+0.04; component current-month sd=0.08; component historical month sd=0.17; transition degree scale source=current-month; actual-to-date z=0.16; mark z=1.35; transition z=2.07; pattern years=11,2026-06-17,2026-08-17,True
Trunkline-Z1A,Global_G01,1,regular,Global_G01_S02,2,regular,South Central,SouthCentral - Perryville,3,Global_G01,Global_G01_S02,Trunkline-Z1A,GLOBAL,Summer,TRUNKLINE-Z1A,Trunkline Zn 1A FDt Com,,"Trunkline, zone 1A",,Trunkline-Z1A,62,-0.3604032258064516,0.13087128699571718,0.07452536517619228,-0.3299999999999996,0.16308600000000045,-0.665,-0.16000000000000014,2026-08-17,-0.3299999999999996,-0.3675,Outlier,Outlier,O,True,Trunkline-Z1A [Outlier],Subgroup,0.971017978521446,4.059237800268095,history=Lower than own-history expected value; peers=very far below peer-implied value; subgroup peers=3; peer model trusted; peer score v2=4.05 (high); history/peer direction agree; pattern=mild stronger than history; historical check type=forward_transition; current month name=August; mark month name=September; current transition=-0.14; transition mean=-0.08; transition delta=-0.05; transition magnitude delta=+0.05; transition degree=mild; transition degree score=0.71; component current-month sd=0.08; component historical month sd=0.15; transition degree scale source=current-month; actual-to-date z=0.00; mark z=-0.25; transition z=-0.50; pattern years=18,2026-06-17,2026-08-17,True
REX E-MidW,Global_G01,1,regular,Global_G01_S03,3,supergroup,Midwest,Midwest - Chicago,3,Global_G01,Global_G01_S03,REX E-MidW,GLOBAL,Summer,,,ICE REX (East) delivered into Midwestern Gas FDt Com,,REX-Z3 Del Pool,REX E-MidW,60,-0.3585433333333334,0.1693673926221214,0.06685359804087666,-0.32565,0.22335369000000024,-0.7271000000000001,-0.12170000000000014,2026-08-16,-0.27,-0.0912,In-family,,,False,,Subgroup,0.9946768887958072,1.0496804418140562,history=Higher than own-history expected value; peers=Lower than peer-implied value; subgroup peers=2; peer model untrusted; pattern=opposite transition; historical check type=forward_transition; current month name=August; mark month name=September; current transition=+0.10; transition mean=-0.07; transition delta=+0.17; transition magnitude delta=+0.03; component current-month sd=0.08; component historical month sd=0.17; transition degree scale source=current-month; actual-to-date z=0.37; mark z=1.33; transition z=1.79; pattern years=12,2026-06-17,2026-08-17,True
REX E-NGPL,Global_G01,1,regular,Global_G01_S03,3,supergroup,Midwest,Midwest - Chicago,3,Global_G01,Global_G01_S03,REX E-NGPL,GLOBAL,Summer,,,ICE REX (East) delivered into NGPL FDt Com,,REX-Z3 Del Pool,REX E-NGPL,60,-0.3742216666666665,0.16991445114833387,0.06860187823414945,-0.34214999999999995,0.21060333,-0.7216999999999998,-0.12780000000000014,2026-08-16,-0.2824,-0.0912,In-family,,,False,,Subgroup,0.9971221761484768,1.191576600426973,history=Higher than own-history expected value; peers=Higher than peer-implied value; subgroup peers=2; peer model untrusted; pattern=opposite transition; historical check type=forward_transition; current month name=August; mark month name=September; current transition=+0.11; transition mean=-0.07; transition delta=+0.18; transition magnitude delta=+0.04; component current-month sd=0.08; component historical month sd=0.16; transition degree scale source=current-month; actual-to-date z=0.36; mark z=1.39; transition z=1.81; pattern years=11,2026-06-17,2026-08-17,True
REX-Z3 Del Pool,Global_G01,1,regular,Global_G01_S03,3,supergroup,Midwest,Midwest - Chicago,3,Global_G01,Global_G01_S03,REX-Z3 Del Pool,GLOBAL,Summer,,REX Zone 3 delivered FDt Com,ICE REX zone 3 delivered Pool FDt Com,"REX, zone 3 delivered",,REX-Z3 Del Pool,62,-0.37314516129032266,0.16657650699039492,0.07491361144897413,-0.3400000000000001,0.20756399999999983,-0.7199999999999998,-0.13000000000000034,2026-08-17,-0.2849999999999997,,No forward mark,,,False,,OwnHistoryOnly,,0.0,No forward mark,2026-06-17,2026-08-17,False
Rover-ANR,Global_G01,1,regular,Global_G01_S04,4,supergroup,Northeast,Northeast - Appalachia,3,Global_G01,Global_G01_S04,Rover-ANR,GLOBAL,Summer,,Rover delivered FDt Com,ICE Rover delivered into ANR FDt Com,"Rover, delivered",REX-Z3 Del Pool,Rover-ANR,62,-0.38467741935483873,0.15597359740774416,0.0755564060275718,-0.33499999999999996,0.1779119999999995,-0.7250000000000001,-0.16000000000000014,2026-08-17,-0.32499999999999973,-0.35,Watch,Watch,W,True,Rover-ANR [Watch],Parent,0.9763850741172886,1.928622672378581,history=Lower than own-history expected value; peers=slightly below peer-implied value; parent peers=21; peer model trusted; peer score v2=1.93; history/peer direction agree; pattern=slight stronger than history; historical check type=forward_transition; current month name=August; mark month name=September; current transition=-0.12; transition mean=-0.09; transition delta=-0.02; transition magnitude delta=+0.02; transition degree=slight; transition degree score=0.33; component current-month sd=0.07; component historical month sd=0.16; transition degree scale source=current-month; actual-to-date z=0.54; mark z=0.15; transition z=-0.20; pattern years=8,2026-06-17,2026-08-17,True
Rover-PEPL,Global_G01,1,regular,Global_G01_S04,4,supergroup,Northeast,Northeast - Appalachia,3,Global_G01,Global_G01_S04,Rover-PEPL,GLOBAL,Summer,,Rover delivered FDt Com,ICE Rover delivered into Panhandle FDt Com,"Rover, delivered",REX-Z3 Del Pool,Rover-PEPL,62,-0.38467741935483873,0.15597359740774416,0.0755564060275718,-0.33499999999999996,0.1779119999999995,-0.7250000000000001,-0.16000000000000014,2026-08-17,-0.32499999999999973,-0.35,Watch,Watch,W,True,Rover-PEPL [Watch],Parent,0.9763850741172886,1.928622672378581,history=Lower than own-history expected value; peers=slightly below peer-implied value; parent peers=21; peer model trusted; peer score v2=1.93; history/peer direction agree; pattern=slight stronger than history; historical check type=forward_transition; current month name=August; mark month name=September; current transition=-0.12; transition mean=-0.09; transition delta=-0.03; transition magnitude delta=+0.03; transition degree=slight; transition degree score=0.34; component current-month sd=0.07; component historical month sd=0.16; transition degree scale source=current-month; actual-to-date z=0.49; mark z=0.13; transition z=-0.21; pattern years=8,2026-06-17,2026-08-17,True
TGP-Z1 100L,Global_G01,1,regular,Global_G01_S05,5,supergroup,South Central,SouthCentral - Perryville,3,Global_G01,Global_G01_S05,TGP-Z1 100L,GLOBAL,Summer,,Tennessee Zone 1 FDt Com,ICE Tennessee zone 1 100 Leg Pool FDt Com,"Tennessee, zone 1",,TGP-Z1 100L,62,-0.36330645161290315,0.13778679047653833,0.07468586306709257,-0.355,0.14455349999999986,-0.685,-0.14000000000000012,2026-08-17,-0.27,-0.43,Outlier,Outlier,O,True,TGP-Z1 100L [Outlier],Parent,0.956321637432437,3.587219975313794,history=Lower than own-history expected value; peers=very far below peer-implied value; parent peers=22; peer model trusted; peer score v2=3.55 (high); history/peer direction agree; pattern=moderate stronger than history; historical check type=forward_transition; current month name=August; mark month name=September; current transition=-0.19; transition mean=-0.08; transition delta=-0.11; transition magnitude delta=+0.11; transition degree=moderate; transition degree score=1.45; component current-month sd=0.07; component historical month sd=0.17; transition degree scale source=current-month; actual-to-date z=-0.06; mark z=-0.48; transition z=-0.86; pattern years=10,2026-06-17,2026-08-17,True
TGP-Z1 Sta-87,Global_G01,1,regular,Global_G01_S05,5,supergroup,South Central,SouthCentral - Perryville,3,Global_G01,Global_G01_S05,TGP-Z1 Sta-87,GLOBAL,Summer,,,ICE Tennessee zone 1 Station 87 Pool FDt Com,"Tennessee, zone 1",,TGP-Z1 Sta-87,60,-0.36330333333333337,0.14008388765993354,0.07055721227882193,-0.3538500000000002,0.1472221799999999,-0.6861000000000002,-0.1394000000000002,2026-08-16,-0.27159999999999984,-0.3412,In-family,,,False,,Parent,0.9555943642454576,0.845232913634279,history=Higher than own-history expected value; peers=Lower than peer-implied value; parent peers=21; peer model trusted; history/peer direction disagree; pattern=mild stronger than history; historical check type=forward_transition; current month name=August; mark month name=September; current transition=-0.11; transition mean=-0.04; transition delta=-0.07; transition magnitude delta=+0.07; transition degree=mild; transition degree score=0.92; component current-month sd=0.08; component historical month sd=0.17; transition degree scale source=current-month; actual-to-date z=0.03; mark z=-0.43; transition z=-1.22; pattern years=9,2026-06-17,2026-08-17,True
NBPL-Ventura,Global_G01,1,regular,Global_G01_S06,6,supergroup,Midwest,Midwest - Chicago,3,Global_G01,Global_G01_S06,NBPL-Ventura,GLOBAL,Summer,,No Border VentTP FDt Com,,"Northern Bdr., Ventura TP",,NBPL-Ventura,62,-0.3686290322580646,0.19350555834529284,0.08845686794330215,-0.32000000000000006,0.20756399999999983,-0.7799999999999998,-0.08999999999999986,2026-08-17,-0.2799999999999998,-0.28,In-family,,,False,,Parent,0.961135564744782,0.214374443685765,history=Higher than own-history expected value; peers=Higher than peer-implied value; parent peers=21; peer model trusted; history/peer direction agree; pattern=mild weaker than history; historical check type=forward_transition; current month name=August; mark month name=September; current transition=-0.01; transition mean=-0.09; transition delta=+0.07; transition magnitude delta=-0.07; transition degree=mild; transition degree score=0.82; component current-month sd=0.09; component historical month sd=0.18; transition degree scale source=current-month; actual-to-date z=-0.04; mark z=0.29; transition z=0.48; pattern years=17,2026-06-17,2026-08-17,True
NNG-Ventura,Global_G01,1,regular,Global_G01_S06,6,supergroup,Midwest,Midwest - Chicago,3,Global_G01,Global_G01_S06,NNG-Ventura,GLOBAL,Summer,NNG-VENTURA,Nrthrn Ventura FDt Com,,"Northern, Ventura",,NNG-Ventura,62,-0.36427419354838725,0.1863933940779456,0.08490544403175518,-0.30000000000000027,0.24462899999999937,-0.7850000000000001,-0.10000000000000009,2026-08-17,-0.29499999999999993,-0.2802,In-family,,,False,,Parent,0.958243673065905,0.0936925492629898,history=Higher than own-history expected value; peers=Lower than peer-implied value; parent peers=21; peer model trusted; history/peer direction disagree; pattern=mild weaker than history; historical check type=forward_transition; current month name=August; mark month name=September; current transition=-0.02; transition mean=-0.09; transition delta=+0.08; transition magnitude delta=-0.08; transition degree=mild; transition degree score=0.87; component current-month sd=0.09; component historical month sd=0.24; transition degree scale source=current-month; actual-to-date z=-0.01; mark z=0.31; transition z=0.50; pattern years=26,2026-06-17,2026-08-17,True
APC-ACE,Global_G01,1,regular,Global_G01_S07,7,supergroup,Midwest,Midwest - Chicago,3,Global_G01,Global_G01_S07,APC-ACE,GLOBAL,Summer,Chicago,Alliance Interstates FDt Com,ICE Alliance Chicago Exchange Hub FDt Com,,Chicago,APC-ACE,62,-0.33330645161290323,0.18362458036731186,0.07575882065544462,-0.26000000000000023,0.20015100000000033,-0.7149999999999999,-0.05500000000000016,2026-08-17,-0.2549999999999999,-0.1908,In-family,,,False,,Parent,0.971120611403575,1.166143992207231,history=Higher than own-history expected value; peers=Higher than peer-implied value; parent peers=22; peer model trusted; history/peer direction agree; pattern=mild weaker than history; historical check type=forward_transition; current month name=August; mark month name=September; current transition=+0.01; transition mean=-0.09; transition delta=+0.09; transition magnitude delta=-0.08; transition degree=mild; transition degree score=0.91; component current-month sd=0.08; component historical month sd=0.18; transition degree scale source=current-month; actual-to-date z=0.03; mark z=0.42; transition z=0.62; pattern years=25,2026-06-17,2026-08-17,True
Consumers,Global_G01,1,regular,Global_G01_S07,7,supergroup,Midwest,Midwest - Demand,3,Global_G01,Global_G01_S07,Consumers,GLOBAL,Summer,,Cons Energy CG FDt Com,,Consumers city-gate,,Consumers,62,-0.3193548387096773,0.1672474456933712,0.08041856010115554,-0.26750000000000007,0.20385749999999958,-0.71,-0.06000000000000005,2026-08-17,-0.27,-0.3075,Watch,Watch,W,True,Consumers [Watch],Parent,0.9746165108038324,2.33728196891784,history=Lower than own-history expected value; peers=moderately below peer-implied value; parent peers=22; peer model trusted; peer score v2=2.33 (strong-support); history/peer direction agree; pattern=mild stronger than history; historical check type=forward_transition; current month name=August; mark month name=September; current transition=-0.15; transition mean=-0.07; transition delta=-0.08; transition magnitude delta=+0.08; transition degree=mild; transition degree score=0.87; component current-month sd=0.09; component historical month sd=0.19; transition degree scale source=current-month; actual-to-date z=0.12; mark z=-0.27; transition z=-0.58; pattern years=26,2026-06-17,2026-08-17,True
Michcon,Global_G01,1,regular,Global_G01_S08,8,regular,Midwest,Midwest - Demand,3,Global_G01,Global_G01_S08,Michcon,GLOBAL,Summer,MICHCON,Mich Con CG FDt Com,,Mich Con city-gate,,Michcon,62,-0.3403225806451612,0.1608860480755315,0.07461916058012884,-0.27500000000000036,0.1667924999999994,-0.71,-0.11500000000000021,2026-08-17,-0.2749999999999999,-0.2975,Watch,Watch,W,True,Michcon [Watch],Parent,0.9726089304319924,1.2903257331796107,history=Lower than own-history expected value; peers=slightly below peer-implied value; parent peers=22; peer model trusted; peer score v2=1.28 watch; history/peer direction agree; pattern=mild stronger than history; historical check type=forward_transition; current month name=August; mark month name=September; current transition=-0.11; transition mean=-0.06; transition delta=-0.05; transition magnitude delta=+0.05; transition degree=mild; transition degree score=0.73; component current-month sd=0.07; component historical month sd=0.20; transition degree scale source=current-month; actual-to-date z=0.04; mark z=-0.21; transition z=-0.40; pattern years=26,2026-06-17,2026-08-17,True
Union-Dawn,Global_G01,1,regular,Global_G01_S08,8,regular,Northeast,Northeast - Appalachia,3,Global_G01,Global_G01_S08,Union-Dawn,GLOBAL,Summer,,Dawn Ontario FDt Com,,"Dawn, Ontario",,Union-Dawn,62,-0.317016129032258,0.18299301177515068,0.07561604912481151,-0.2650000000000001,0.2223900000000005,-0.7250000000000001,-0.06000000000000005,2026-08-17,-0.27,-0.27,In-family,,,False,,Parent,0.9611507337163318,1.1312881530714254,history=Lower than own-history expected value; peers=Lower than peer-implied value; parent peers=22; peer model trusted; history/peer direction agree; pattern=mild stronger than history; historical check type=forward_transition; current month name=August; mark month name=September; current transition=-0.15; transition mean=-0.07; transition delta=-0.08; transition magnitude delta=+0.08; transition degree=mild; transition degree score=0.98; component current-month sd=0.09; component historical month sd=0.24; transition degree scale source=current-month; actual-to-date z=0.34; mark z=-0.09; transition z=-0.57; pattern years=26,2026-06-17,2026-08-17,True
NGPL-AM Pool,Global_G01,1,regular,Global_G01_S09,9,regular,South Central,SouthCentral - Midcon,3,Global_G01,Global_G01_S09,NGPL-AM Pool,GLOBAL,Summer,NGPL-MIDCONT POOL,NGPL Amarillo Rcpt FDt Com,ICE NGPL Amarillo Pooling PIN FDt Com,,,NGPL-AM Pool,62,-0.3858870967741936,0.16566192166516042,0.08857454950307189,-0.3599999999999999,0.17049899999999998,-0.7249999999999996,-0.13500000000000023,2026-08-17,-0.31499999999999995,-0.3825,Watch,Watch,W,True,NGPL-AM Pool [Watch],Parent,0.9452145702289716,1.5197083031248386,history=Lower than own-history expected value; peers=slightly below peer-implied value; parent peers=22; peer model trusted; peer score v2=1.51; history/peer direction agree; pattern=slight stronger than history; historical check type=forward_transition; current month name=August; mark month name=September; current transition=-0.14; transition mean=-0.11; transition delta=-0.03; transition magnitude delta=+0.03; transition degree=slight; transition degree score=0.40; component current-month sd=0.08; component historical month sd=0.30; transition degree scale source=current-month; actual-to-date z=0.28; mark z=0.03; transition z=-0.16; pattern years=26,2026-06-17,2026-08-17,True
NNG-Demarc,Global_G01,1,regular,Global_G01_S09,9,regular,Midwest,Midwest - Chicago,3,Global_G01,Global_G01_S09,NNG-Demarc,GLOBAL,Summer,NNG-DEMARC,Northern Demarc FDt Com,,"Northern, demarc",,NNG-Demarc,62,-0.37249999999999983,0.19803491578217325,0.08918222886514549,-0.3175000000000001,0.22238999999999953,-0.7999999999999998,-0.09499999999999975,2026-08-17,-0.3099999999999996,-0.31,In-family,,,False,,Parent,0.9680605841716078,1.0027529482094812,history=Higher than own-history expected value; peers=Lower than peer-implied value; parent peers=21; peer model trusted; history/peer direction disagree; pattern=in-line transition; historical check type=forward_transition; current month name=August; mark month name=September; current transition=-0.08; transition mean=-0.09; transition delta=+0.01; transition magnitude delta=-0.01; component current-month sd=0.09; component historical month sd=0.27; transition degree scale source=current-month; actual-to-date z=0.19; mark z=0.14; transition z=0.06; pattern years=26,2026-06-17,2026-08-17,True
MountainWest-North,Global_G02,2,regular,Global_G02_S01,1,regular,Rockies,Mountain - WesTex,3,Global_G02,Global_G02_S01,MountainWest-North,GLOBAL,Summer,,MountainWest FDt Com,ICE MountainWest North Pool FDt Com,,,MountainWest-North,61,-0.8523770491803278,0.7275493147989907,0.20097846808244998,-0.4299999999999997,0.34841099999999914,-2.51,-0.18500000000000005,2026-08-17,-0.4099999999999997,,No forward mark,,,False,,OwnHistoryOnly,,0.0,No forward mark,2026-06-17,2026-08-17,False
NWP-Rocky Mtn,Global_G02,2,regular,Global_G02_S01,1,regular,Rockies,Mountain - Opal,3,Global_G02,Global_G02_S01,NWP-Rocky Mtn,GLOBAL,Summer,NWP-ROCKY MTN,Northwest Rocky Mountain Pool FDt Com,,"Northwest, Rocky Mountains",,NWP-Rocky Mtn,59,-0.8388728813559323,0.7221683672324688,0.19844846098336633,-0.44369999999999976,0.40845629999999944,-2.4089,-0.14939999999999998,2026-08-16,-0.3696999999999999,-0.34,In-family,,,False,,Subgroup,0.9976809073785248,0.2601574961551848,history=Higher than own-history expected value; peers=Higher than peer-implied value; subgroup peers=3; peer model trusted; history/peer direction agree; pattern=moderate weaker than history; historical check type=forward_transition; current month name=August; mark month name=September; current transition=-0.11; transition mean=-0.23; transition delta=+0.12; transition magnitude delta=-0.12; transition degree=moderate; transition degree score=1.10; component current-month sd=0.11; component historical month sd=0.29; transition degree scale source=current-month; actual-to-date z=-0.00; mark z=0.59; transition z=0.29; pattern years=12,2026-06-17,2026-08-17,True
NWP-Wyoming,Global_G02,2,regular,Global_G02_S01,1,regular,Rockies,Mountain - WesTex,3,Global_G02,Global_G02_S01,NWP-Wyoming,GLOBAL,Summer,,NW S of Grn Rvr FDt Com,,"Northwest, Wyoming Pool",,NWP-Wyoming,62,-0.8381451612903228,0.7092689805563767,0.19719106708948736,-0.43499999999999983,0.32987849999999985,-2.525,-0.17000000000000037,2026-08-17,-0.36499999999999977,-0.34,In-family,,,False,,Subgroup,0.9964463204526752,0.560692022854397,history=Higher than own-history expected value; peers=Higher than peer-implied value; subgroup peers=3; peer model trusted; history/peer direction agree; pattern=very strong weaker than history; historical check type=forward_transition; current month name=August; mark month name=September; current transition=+0.00; transition mean=-0.23; transition delta=+0.23; transition magnitude delta=-0.23; transition degree=very strong; transition degree score=2.83; component current-month sd=0.08; component historical month sd=0.81; transition degree scale source=current-month; actual-to-date z=-0.17; mark z=0.37; transition z=0.54; pattern years=26,2026-06-17,2026-08-17,True
Ruby-Rec Pool,Global_G02,2,regular,Global_G02_S01,1,regular,Rockies,Mountain - Opal,3,Global_G02,Global_G02_S01,Ruby-Rec Pool,GLOBAL,Summer,,,ICE Ruby Receipt Pool FDt Com,,Opal,Ruby-Rec Pool,60,-0.7997333333333334,0.7707201962476102,0.18398342014849675,-0.3272499999999998,0.4174260299999996,-2.4368000000000003,-0.013700000000000045,2026-08-16,-0.2546999999999997,-0.3401,In-family,,,False,,Subgroup,0.995611453887402,0.425707659344051,history=Lower than own-history expected value; peers=Lower than peer-implied value; subgroup peers=3; peer model trusted; history/peer direction agree; pattern=in-line transition; historical check type=forward_transition; current month name=August; mark month name=September; current transition=-0.21; transition mean=-0.21; transition delta=+0.00; transition magnitude delta=-0.00; component current-month sd=0.11; component historical month sd=0.51; transition degree scale source=current-month; actual-to-date z=-0.18; mark z=-0.46; transition z=0.00; pattern years=9,2026-06-17,2026-08-17,True
EP-SJ Blanco Pool,Global_G02,2,regular,Global_G02_S02,2,supergroup,South Central,Mountain - WesTex,3,Global_G02,Global_G02_S02,EP-SJ Blanco Pool,GLOBAL,Summer,,El Paso SanJuan FDt Com,,"El Paso, San Juan",,EP-SJ Blanco Pool,62,-0.84508064516129,0.7147901743796853,0.19975924717169186,-0.46499999999999986,0.41512799999999966,-2.635,-0.1200000000000001,2026-08-17,-0.3999999999999999,-0.4375,In-family,,,False,,Subgroup,0.9988934210362892,0.0662446281628796,history=Higher than own-history expected value; peers=Higher than peer-implied value; subgroup peers=2; peer model untrusted; pattern=strong weaker than history; historical check type=forward_transition; current month name=August; mark month name=September; current transition=-0.04; transition mean=-0.24; transition delta=+0.20; transition magnitude delta=-0.20; transition degree=strong; transition degree score=1.80; component current-month sd=0.11; component historical month sd=0.46; transition degree scale source=current-month; actual-to-date z=-0.40; mark z=0.13; transition z=0.47; pattern years=26,2026-06-17,2026-08-17,True
EP-SJ Bondad Stn,Global_G02,2,regular,Global_G02_S02,2,supergroup,South Central,Mountain - WesTex,3,Global_G02,Global_G02_S02,EP-SJ Bondad Stn,GLOBAL,Summer,,El Paso Bondad FDt Com,,,,EP-SJ Bondad Stn,62,-0.8510483870967742,0.721202966530076,0.20800509661683586,-0.48,0.45960600000000007,-2.7249999999999996,-0.11000000000000032,2026-08-17,-0.3999999999999999,-0.4375,In-family,,,False,,Subgroup,0.9984976212821152,0.0924705073475976,history=Higher than own-history expected value; peers=Higher than peer-implied value; subgroup peers=2; peer model untrusted; pattern=strong weaker than history; historical check type=forward_transition; current month name=August; mark month name=September; current transition=-0.04; transition mean=-0.23; transition delta=+0.19; transition magnitude delta=-0.19; transition degree=strong; transition degree score=1.56; component current-month sd=0.12; component historical month sd=0.50; transition degree scale source=current-month; actual-to-date z=-0.37; mark z=0.17; transition z=0.46; pattern years=26,2026-06-17,2026-08-17,True
TW-Blanco,Global_G02,2,regular,Global_G02_S02,2,supergroup,South Central,Mountain - WesTex,3,Global_G02,Global_G02_S02,TW-Blanco,GLOBAL,Summer,,Transwestern-SJ FDt Com,,"Transwestern, San Juan Basin",,TW-Blanco,62,-0.8102419354838711,0.7258547405935254,0.2094101134816924,-0.4175,0.39659549999999977,-2.695,-0.03000000000000025,2026-08-17,-0.33999999999999986,-0.4375,In-family,,,False,,Subgroup,0.9981897658312376,0.0504292156618015,history=Lower than own-history expected value; peers=Lower than peer-implied value; subgroup peers=2; peer model untrusted; pattern=moderate weaker than history; historical check type=forward_transition; current month name=August; mark month name=September; current transition=-0.11; transition mean=-0.25; transition delta=+0.13; transition magnitude delta=-0.13; transition degree=moderate; transition degree score=1.33; component current-month sd=0.10; component historical month sd=0.31; transition degree scale source=current-month; actual-to-date z=-0.30; mark z=0.06; transition z=0.32; pattern years=16,2026-06-17,2026-08-17,True
KRGT-Rec Pool,Global_G02,2,regular,Global_G02_S03,3,supergroup,Rockies,Mountain - Rockies,3,Global_G02,Global_G02_S03,KRGT-Rec Pool,GLOBAL,Summer,,Kern River Opal FDt Com,ICE Kern River receipt FDt Com,,Opal,KRGT-Rec Pool,62,-0.7741129032258066,0.7404448840988466,0.19262218462817038,-0.3474999999999997,0.40400849999999927,-2.58,-0.020000000000000018,2026-08-17,-0.2549999999999999,-0.2775,In-family,,,False,,Parent,0.994320440273296,1.1650231754351414,history=Higher than own-history expected value; peers=Higher than peer-implied value; parent peers=14; peer model trusted; history/peer direction agree; pattern=mild weaker than history; historical check type=forward_transition; current month name=August; mark month name=September; current transition=-0.15; transition mean=-0.22; transition delta=+0.07; transition magnitude delta=-0.07; transition degree=mild; transition degree score=0.67; component current-month sd=0.11; component historical month sd=0.91; transition degree scale source=current-month; actual-to-date z=-0.04; mark z=0.09; transition z=0.11; pattern years=26,2026-06-17,2026-08-17,True
White River Hub,Global_G02,2,regular,Global_G02_S03,3,supergroup,South Central,Mountain - WesTex,3,Global_G02,Global_G02_S03,White River Hub,GLOBAL,Summer,,White River Hub FDt Com,ICE Waha Hub West Texas FDt Com,White River Hub,,White River Hub,62,-0.824032258064516,0.7103115448489045,0.19048736745115133,-0.41500000000000004,0.3187589999999998,-2.51,-0.17000000000000037,2026-08-17,-0.3599999999999999,-0.4,In-family,,,False,,Parent,0.9953345560236948,0.0735599629492866,history=Higher than own-history expected value; peers=Higher than peer-implied value; parent peers=13; peer model trusted; history/peer direction agree; pattern=moderate weaker than history; historical check type=forward_transition; current month name=August; mark month name=September; current transition=-0.13; transition mean=-0.23; transition delta=+0.10; transition magnitude delta=-0.10; transition degree=moderate; transition degree score=1.09; component current-month sd=0.09; component historical month sd=0.26; transition degree scale source=current-month; actual-to-date z=-0.15; mark z=0.24; transition z=0.27; pattern years=15,2026-06-17,2026-08-17,True
CIG-Mainline,Global_G02,2,regular,Global_G02_S04,4,supergroup,Rockies,Mountain - Rockies,3,Global_G02,Global_G02_S04,CIG-Mainline,GLOBAL,Summer,CIG,CIG Rocky Mtns FDt Com,ICE CIG Mainline Pool FDt Com,"CIG, Rockies",,CIG-Mainline,62,-0.8480645161290322,0.7221423925471322,0.18709506364821613,-0.4374999999999998,0.38918249999999927,-2.5349999999999997,-0.14500000000000002,2026-08-17,-0.36499999999999977,-0.4912,Watch,Watch,W,True,CIG-Mainline [Watch],Parent,0.9942093001289718,1.5270310260470694,history=Lower than own-history expected value; peers=slightly below peer-implied value; parent peers=14; peer model trusted; peer score v2=1.52; history/peer direction agree; pattern=mild stronger than history; historical check type=forward_transition; current month name=August; mark month name=September; current transition=-0.22; transition mean=-0.14; transition delta=-0.08; transition magnitude delta=+0.08; transition degree=mild; transition degree score=0.78; component current-month sd=0.10; component historical month sd=0.82; transition degree scale source=current-month; actual-to-date z=0.50; mark z=0.10; transition z=-0.33; pattern years=26,2026-06-17,2026-08-17,True
Cheyenne,Global_G02,2,regular,Global_G02_S04,4,supergroup,Rockies,Mountain - Rockies,3,Global_G02,Global_G02_S04,Cheyenne,GLOBAL,Summer,CIG,Cheyenne Hub FDt Com,,Cheyenne Hub,,Cheyenne,62,-0.8454838709677418,0.7053865988477173,0.19288710988158314,-0.4299999999999997,0.33358499999999947,-2.48,-0.18999999999999995,2026-08-17,-0.3849999999999998,-0.4862,Watch,Watch,W,True,Cheyenne [Watch],Parent,0.9932954204433192,1.3503982529535128,history=Lower than own-history expected value; peers=slightly below peer-implied value; parent peers=14; peer model trusted; peer score v2=1.34 watch; history/peer direction agree; pattern=mild stronger than history; historical check type=forward_transition; current month name=August; mark month name=September; current transition=-0.20; transition mean=-0.14; transition delta=-0.06; transition magnitude delta=+0.06; transition degree=mild; transition degree score=0.64; component current-month sd=0.09; component historical month sd=0.70; transition degree scale source=current-month; actual-to-date z=0.48; mark z=0.08; transition z=-0.20; pattern years=26,2026-06-17,2026-08-17,True
CIG-Mainline South,Global_G02,2,regular,Global_G02_S05,5,regular,Rockies,Mountain - Opal,3,Global_G02,Global_G02_S05,CIG-Mainline South,GLOBAL,Summer,CIG,,ICE CIG - Mainline South (sellers' choice) FDt Com,,CIG-Mainline,CIG-Mainline South,60,-0.8917166666666667,0.7279610669340438,0.19225806225347514,-0.4727000000000001,0.3654609000000002,-2.5544,-0.17010000000000014,2026-08-16,-0.4453999999999998,-0.4912,In-family,,,False,,Parent,0.9918902442621642,0.7440337631528874,history=Lower than own-history expected value; peers=Lower than peer-implied value; parent peers=14; peer model trusted; history/peer direction agree; pattern=slight weaker than history; historical check type=forward_transition; current month name=August; mark month name=September; current transition=-0.13; transition mean=-0.18; transition delta=+0.05; transition magnitude delta=-0.05; transition degree=slight; transition degree score=0.43; component current-month sd=0.11; component historical month sd=0.31; transition degree scale source=current-month; actual-to-date z=0.44; mark z=0.39; transition z=0.26; pattern years=12,2026-06-17,2026-08-17,True
REX Cheyenne Comp Pool,Global_G02,2,regular,Global_G02_S05,5,regular,Rockies,Mountain - Rockies,3,Global_G02,Global_G02_S05,REX Cheyenne Comp Pool,GLOBAL,Summer,,,ICE REX Cheyenne Comp Pool FDt Com,,Cheyenne,REX Cheyenne Comp Pool,60,-0.8493150000000003,0.7338432060918182,0.19794048443148896,-0.41384999999999983,0.33276956999999974,-2.5583,-0.17540000000000022,2026-08-16,-0.3677999999999999,-0.43,In-family,,,False,,Parent,0.9924291024235168,0.1828771264654482,history=Lower than own-history expected value; peers=Lower than peer-implied value; parent peers=14; peer model trusted; history/peer direction agree; pattern=mild stronger than history; historical check type=forward_transition; current month name=August; mark month name=September; current transition=-0.16; transition mean=-0.08; transition delta=-0.08; transition magnitude delta=+0.08; transition degree=mild; transition degree score=0.91; component current-month sd=0.09; component historical month sd=0.19; transition degree scale source=current-month; actual-to-date z=1.13; mark z=0.12; transition z=-0.92; pattern years=5,2026-06-17,2026-08-17,True
KRGT-Del Pool,Global_G02,2,regular,Global_G02_S06,6,regular,Rockies,West - California,3,Global_G02,Global_G02_S06,KRGT-Del Pool,GLOBAL,Summer,,Kern River Dlvd FDt Com,,"Kern River, delivered",,KRGT-Del Pool,62,-0.5727419354838709,0.8492873953214719,0.22169700683935734,-0.2650000000000001,0.7857779999999996,-2.5149999999999997,0.42500000000000027,2026-08-17,-0.06499999999999995,-0.0087,In-family,,,False,,Parent,0.9850437183078082,0.9351761986882036,history=Higher than own-history expected value; peers=Higher than peer-implied value; parent peers=14; peer model trusted; history/peer direction agree; pattern=very strong weaker than history; historical check type=forward_transition; current month name=August; mark month name=September; current transition=-0.14; transition mean=-0.67; transition delta=+0.53; transition magnitude delta=-0.53; transition degree=very strong; transition degree score=2.72; component current-month sd=0.19; component historical month sd=1.09; transition degree scale source=current-month; actual-to-date z=-0.53; mark z=0.08; transition z=0.57; pattern years=20,2026-06-17,2026-08-17,True
PG&E-Topock,Global_G02,2,regular,Global_G02_S06,6,regular,Rockies,West - California,3,Global_G02,Global_G02_S06,PG&E-Topock,GLOBAL,Summer,,,ICE PG&E Topock FDt Com,,,PG&E-Topock,60,-0.7967616666666667,0.8329359517346399,0.20802337973568477,-0.33930000000000016,0.6022321200000001,-2.6818999999999997,0.14739999999999975,2026-08-16,-0.1671999999999998,-0.1025,In-family,,,False,,Parent,0.9792074372649257,1.2905100943076646,history=Higher than own-history expected value; peers=Higher than peer-implied value; parent peers=14; peer model trusted; history/peer direction agree; pattern=very strong weaker than history; historical check type=forward_transition; current month name=August; mark month name=September; current transition=-0.06; transition mean=-0.42; transition delta=+0.36; transition magnitude delta=-0.36; transition degree=very strong; transition degree score=2.94; component current-month sd=0.12; component historical month sd=0.60; transition degree scale source=current-month; actual-to-date z=-0.28; mark z=0.84; transition z=0.54; pattern years=12,2026-06-17,2026-08-17,True
CG-Mainline,Global_G03,3,regular,Global_G03_S01,1,regular,South Central,SouthCentral - Perryville,3,Global_G03,Global_G03_S01,CG-Mainline,GLOBAL,Summer,CG-MAINLINE,Col Gulf Mnline FDt Com,,"Columbia Gulf, mainline",,CG-Mainline,62,-0.3866935483870968,0.10648998855579038,0.07318262581590984,-0.3899999999999997,0.08895599999999974,-0.6400000000000001,-0.20000000000000018,2026-08-17,-0.4099999999999997,-0.325,In-family,,,False,,Subgroup,0.9243508822524716,1.3414989864168496,history=Higher than own-history expected value; peers=Lower than peer-implied value; subgroup peers=7; peer model trusted; history/peer direction disagree; pattern=mild weaker than history; historical check type=forward_transition; current month name=August; mark month name=September; current transition=-0.03; transition mean=-0.07; transition delta=+0.05; transition magnitude delta=-0.05; transition degree=mild; transition degree score=0.65; component current-month sd=0.07; component historical month sd=0.16; transition degree scale source=current-month; actual-to-date z=-0.37; mark z=-0.05; transition z=0.34; pattern years=26,2026-06-17,2026-08-17,True
Carthage,Global_G03,3,regular,Global_G03_S01,1,regular,South Central,SouthCentral - Perryville,3,Global_G03,Global_G03_S01,Carthage,GLOBAL,Summer,HSC-HPL POOL,Carthage Hub FDt Com,ICE Carthage Hub Tailgate FDt Com,,,Carthage,62,-0.38419354838709674,0.14309000248149184,0.08384859826910637,-0.36250000000000004,0.15196650000000003,-0.6799999999999997,-0.13500000000000023,2026-08-17,-0.32499999999999973,-0.3825,Watch,Watch,W,True,Carthage [Watch],Subgroup,0.9370562682468756,2.2282843142450948,history=Lower than own-history expected value; peers=moderately below peer-implied value; subgroup peers=7; peer model trusted; peer score v2=2.22 (strong-support); history/peer direction agree; pattern=mild stronger than history; historical check type=forward_transition; current month name=August; mark month name=September; current transition=-0.12; transition mean=-0.07; transition delta=-0.05; transition magnitude delta=+0.05; transition degree=mild; transition degree score=0.93; component current-month sd=0.06; component historical month sd=0.18; transition degree scale source=current-month; actual-to-date z=-0.34; mark z=-0.36; transition z=-0.33; pattern years=26,2026-06-17,2026-08-17,True
EGT-Flex,Global_G03,3,regular,Global_G03_S01,1,regular,South Central,SouthCentral - Midcon,3,Global_G03,Global_G03_S01,EGT-Flex,GLOBAL,Summer,Enable Gas,,ICE Enable Gas Flex Pool only FDt Com,,Enable East Pool,EGT-Flex,57,-0.3688666666666667,0.15837391597704703,0.07971110627939941,-0.3409,0.1897727999999995,-0.6587999999999998,-0.1232000000000002,2026-08-16,-0.30749999999999966,-0.35,Watch,Watch,W,True,EGT-Flex [Watch],Subgroup,0.9295827832045018,2.002664733586698,history=Lower than own-history expected value; peers=moderately below peer-implied value; subgroup peers=7; peer model trusted; peer score v2=2.00 (strong-support); history/peer direction agree; pattern=mild stronger than history; historical check type=forward_transition; current month name=August; mark month name=September; current transition=-0.17; transition mean=-0.09; transition delta=-0.08; transition magnitude delta=+0.08; transition degree=mild; transition degree score=0.98; component current-month sd=0.08; component historical month sd=0.16; transition degree scale source=current-month; actual-to-date z=0.59; mark z=-0.05; transition z=-0.60; pattern years=12,2026-06-17,2026-08-17,True
Gulf S. Pool 16,Global_G03,3,regular,Global_G03_S01,1,regular,South Central,SouthCentral - TexCoast,3,Global_G03,Global_G03_S01,Gulf S. Pool 16,GLOBAL,Summer,,,ICE Gulf South Pool Area #16 FDt Com,,,Gulf S. Pool 16,59,-0.3834796610169492,0.14308947017773588,0.07486721330428413,-0.3729,0.1513734600000001,-0.6499999999999999,-0.14830000000000032,2026-08-16,-0.3211999999999997,-0.3825,Outlier,Outlier,O,True,Gulf S. Pool 16 [Outlier],Subgroup,0.9363014841166046,2.6358527963403287,history=Lower than own-history expected value; peers=moderately below peer-implied value; subgroup peers=7; peer model trusted; peer score v2=2.64 (high); history/peer direction agree; pattern=moderate stronger than history; historical check type=forward_transition; current month name=August; mark month name=September; current transition=-0.13; transition mean=-0.02; transition delta=-0.11; transition magnitude delta=+0.11; transition degree=moderate; transition degree score=1.28; component current-month sd=0.09; component historical month sd=0.22; transition degree scale source=current-month; actual-to-date z=0.11; mark z=-0.40; transition z=-1.39; pattern years=11,2026-06-17,2026-08-17,True
Moss Bluff Inter,Global_G03,3,regular,Global_G03_S01,1,regular,South Central,Unassigned,3,Global_G03,Global_G03_S01,Moss Bluff Inter,GLOBAL,Summer,,,ICE Moss Bluff Interconnect (buyers' choice dlvd) FDt Com,,,Moss Bluff Inter,60,-0.28661500000000006,0.12329122588958194,0.06571735997960115,-0.26519999999999966,0.07828127999999927,-0.5747999999999998,-0.1200000000000001,2026-08-16,-0.26519999999999966,0.66,Strong outlier,Strong outlier,SO,True,Moss Bluff Inter [Strong outlier],Subgroup,0.8928183207664387,19.626823256496444,Strong: own-history |z| alone clears the strong tier (≥4); history=very far above own-history expected value; own z=11.82 (very high); peers=very far above peer-implied value; subgroup peers=7; peer model trusted; peer score v2=15.67 (high); history/peer direction agree; pattern=very stronger than history; historical check type=forward_transition; current month name=August; mark month name=September; current transition=+0.87; transition mean=+0.04; transition delta=+0.83; transition magnitude delta=+0.83; transition degree=very strong; transition degree score=12.70; component current-month sd=0.07; component historical month sd=0.10; transition degree scale source=current-month; actual-to-date z=-1.37; mark z=5.07; transition z=11.74; pattern years=12,2026-06-17,2026-08-17,True
TGP-800L,Global_G03,3,regular,Global_G03_S01,1,regular,South Central,SouthCentral - Henry,3,Global_G03,Global_G03_S01,TGP-800L,GLOBAL,Summer,TGP-800L,Tenn LA 800 Leg FDt Com,,"Tennessee, Louisiana, 800 Leg",,TGP-800L,62,-0.3478225806451612,0.11604698372889896,0.07690885955204141,-0.33999999999999986,0.13343399999999978,-0.605,-0.16000000000000014,2026-08-17,-0.33999999999999986,-0.2525,In-family,,,False,,Subgroup,0.9308658146464348,0.7082808019181479,history=Higher than own-history expected value; peers=Lower than peer-implied value; subgroup peers=7; peer model trusted; history/peer direction disagree; pattern=in-line transition; historical check type=forward_transition; current month name=August; mark month name=September; current transition=+0.00; transition mean=-0.01; transition delta=+0.01; transition magnitude delta=-0.01; component current-month sd=0.07; component historical month sd=0.09; transition degree scale source=current-month; actual-to-date z=-1.04; mark z=-0.75; transition z=0.19; pattern years=26,2026-06-17,2026-08-17,True
TGT-Mainline,Global_G03,3,regular,Global_G03_S01,1,regular,South Central,SouthCentral - Perryville,3,Global_G03,Global_G03_S01,TGT-Mainline,GLOBAL,Summer,,Texas Gas Zn 1 FDt Com,ICE Texas Gas Mainline Pool FDt Com,"Texas Gas, zone 1",,TGT-Mainline,62,-0.3333064516129032,0.12242074568506667,0.07394180624235867,-0.33000000000000007,0.12231450000000002,-0.625,-0.16000000000000014,2026-08-17,-0.3099999999999996,-0.2625,In-family,,,False,,Subgroup,0.9489035112841864,1.0191103825823409,history=Higher than own-history expected value; peers=Lower than peer-implied value; subgroup peers=7; peer model trusted; history/peer direction disagree; pattern=in-line transition; historical check type=forward_transition; current month name=August; mark month name=September; current transition=-0.06; transition mean=-0.07; transition delta=+0.01; transition magnitude delta=-0.01; component current-month sd=0.07; component historical month sd=0.13; transition degree scale source=current-month; actual-to-date z=-0.05; mark z=0.02; transition z=0.09; pattern years=26,2026-06-17,2026-08-17,True
Tres Palacios (w/d),Global_G03,3,regular,Global_G03_S01,1,regular,South Central,SouthCentral - TexCoast,3,Global_G03,Global_G03_S01,Tres Palacios (w/d),GLOBAL,Summer,,,ICE Tres Palacios Hub - Withdrawal FDt Com,,,Tres Palacios (w/d),60,-0.36444499999999996,0.12375016442379069,0.07302698843802397,-0.35119999999999996,0.10608002999999967,-0.6165999999999996,-0.1817000000000002,2026-08-16,-0.33409999999999984,,No forward mark,,,False,,OwnHistoryOnly,,0.0,No forward mark,2026-06-17,2026-08-17,False
Bennington,Global_G03,3,regular,Global_G03_S02,2,supergroup,South Central,SouthCentral - TexCoast,3,Global_G03,Global_G03_S02,Bennington,GLOBAL,Summer,,,ICE Bennington Oklahoma (buyers' choice) FDt Com,,NGPL-TXOK East,Bennington,60,-0.33405833333333335,0.14196438953301002,0.06600097665005385,-0.2982,0.14618436,-0.6549999999999998,-0.121,2026-08-16,-0.2601,,No forward mark,,,False,,OwnHistoryOnly,,0.0,No forward mark,2026-06-17,2026-08-17,False
MEP-Lamar,Global_G03,3,regular,Global_G03_S02,2,supergroup,South Central,SouthCentral - TexCoast,3,Global_G03,Global_G03_S02,MEP-Lamar,GLOBAL,Summer,,,ICE MEP-Lamar FDt Com,,NGPL-TXOK East,MEP-Lamar,60,-0.33198333333333335,0.1449872784210904,0.06803477258386106,-0.3009000000000004,0.15700734000000047,-0.6532999999999998,-0.11319999999999997,2026-08-16,-0.2588999999999997,,No forward mark,,,False,,OwnHistoryOnly,,0.0,No forward mark,2026-06-17,2026-08-17,False
NGPL-TXOK East,Global_G03,3,regular,Global_G03_S02,2,supergroup,South Central,SouthCentral - TexCoast,3,Global_G03,Global_G03_S02,NGPL-TXOK East,GLOBAL,Summer,NGPL-TXOK EAST,NGPL Texok Zn FDt Com,ICE NGPL TXOK East Pool FDt Com,"NGPL, Texok zone",,NGPL-TXOK East,62,-0.38088709677419347,0.1424594397080267,0.07636749659062501,-0.3500000000000001,0.15567299999999998,-0.69,-0.15500000000000025,2026-08-17,-0.3099999999999996,-0.3612,Watch,Watch,W,True,NGPL-TXOK East [Watch],Parent,0.9566920119117048,1.4828635563936303,history=Lower than own-history expected value; peers=slightly below peer-implied value; parent peers=10; peer model trusted; peer score v2=1.48 watch; history/peer direction agree; pattern=in-line transition; historical check type=forward_transition; current month name=August; mark month name=September; current transition=-0.08; transition mean=-0.06; transition delta=-0.02; transition magnitude delta=+0.02; component current-month sd=0.07; component historical month sd=0.17; transition degree scale source=current-month; actual-to-date z=-0.43; mark z=-0.28; transition z=-0.10; pattern years=26,2026-06-17,2026-08-17,True
Eastern Gas-North,Global_G04,4,regular,Global_G04_S01,1,regular,Northeast,Northeast - Appalachia,3,Global_G04,Global_G04_S01,Eastern Gas-North,GLOBAL,Summer,,Eastern Gas North FDt Com,,,,Eastern Gas-North,62,-0.8089516129032259,0.15143341635028842,0.10905975451395807,-0.7949999999999999,0.15196649999999973,-1.0799999999999998,-0.41500000000000004,2026-08-17,-0.9999999999999998,-1.06,Outlier,Outlier,O,True,Eastern Gas-North [Outlier],Subgroup,0.9229496065598236,2.720883327230221,history=Lower than own-history expected value; peers=moderately below peer-implied value; subgroup peers=6; peer model trusted; peer score v2=2.09 (strong-support); history/peer direction agree; pattern=mild weaker than history; historical check type=forward_transition; current month name=August; mark month name=September; current transition=-0.15; transition mean=-0.29; transition delta=+0.14; transition magnitude delta=-0.14; transition degree=mild; transition degree score=0.99; component current-month sd=0.14; component historical month sd=0.67; transition degree scale source=current-month; actual-to-date z=-0.39; mark z=-0.08; transition z=0.43; pattern years=21,2026-06-17,2026-08-17,True
Leidy-Transco,Global_G04,4,regular,Global_G04_S01,1,regular,Northeast,Northeast - Appalachia,3,Global_G04,Global_G04_S01,Leidy-Transco,GLOBAL,Summer,LEIDY-TRANSCO,Transco Leidy Line receipts FDt Com,,"Transco, Leidy Line receipts",,Leidy-Transco,62,-0.7390322580645161,0.17922382450507907,0.1234325217748304,-0.7175,0.192738,-0.9949999999999999,-0.2749999999999999,2026-08-17,-0.9949999999999999,-0.9175,In-family,,,False,,Subgroup,0.9233230541496384,1.0377817197186776,history=Lower than own-history expected value; peers=Higher than peer-implied value; subgroup peers=6; peer model trusted; history/peer direction disagree; pattern=moderate weaker than history; historical check type=forward_transition; current month name=August; mark month name=September; current transition=-0.05; transition mean=-0.31; transition delta=+0.26; transition magnitude delta=-0.26; transition degree=moderate; transition degree score=1.33; component current-month sd=0.20; component historical month sd=0.54; transition degree scale source=current-month; actual-to-date z=-0.22; mark z=0.47; transition z=0.77; pattern years=13,2026-06-17,2026-08-17,True
Millennium East Pool,Global_G04,4,regular,Global_G04_S01,1,regular,Northeast,Northeast - Appalachia,3,Global_G04,Global_G04_S01,Millennium East Pool,GLOBAL,Summer,MILLENNIUM EAST POOL,Millennium East receipts FDt Com,,"Millennium, East receipts",,Millennium East Pool,62,-0.7855645161290324,0.17994103050154717,0.12525438595987687,-0.7650000000000001,0.19273799999999983,-1.0550000000000002,-0.3700000000000001,2026-08-17,-0.9849999999999999,-0.9075,In-family,,,False,,Subgroup,0.922148893415486,1.3302675861676438,history=Lower than own-history expected value; peers=Higher than peer-implied value; subgroup peers=6; peer model trusted; history/peer direction disagree; pattern=moderate weaker than history; historical check type=forward_transition; current month name=August; mark month name=September; current transition=-0.02; transition mean=-0.31; transition delta=+0.29; transition magnitude delta=-0.29; transition degree=moderate; transition degree score=1.48; component current-month sd=0.20; component historical month sd=0.50; transition degree scale source=current-month; actual-to-date z=-0.34; mark z=0.45; transition z=0.89; pattern years=13,2026-06-17,2026-08-17,True
Rover (receipt),Global_G04,4,regular,Global_G04_S01,1,regular,Northeast,Northeast - Appalachia,3,Global_G04,Global_G04_S01,Rover (receipt),GLOBAL,Summer,,,ICE Rover receipts FDt Com,,TETCO-M2 (receipt),Rover (receipt),60,-0.711665,0.17612744309693587,0.11325386623606597,-0.7053,0.1823598,-1.0139,-0.30909999999999993,2026-08-16,-0.9918999999999998,,No forward mark,,,False,,OwnHistoryOnly,,0.0,No forward mark,2026-06-17,2026-08-17,False
TCO,Global_G04,4,regular,Global_G04_S01,1,regular,Northeast,Northeast - Appalachia,3,Global_G04,Global_G04_S01,TCO,GLOBAL,Summer,TCO,Col Gas Appal FDt Com,,"Columbia Gas, App.",,TCO,62,-0.6593548387096773,0.12761842417659688,0.09026637871147299,-0.6749999999999998,0.12972750000000002,-0.94,-0.31000000000000005,2026-08-17,-0.8549999999999998,-0.85,In-family,,,False,,Subgroup,0.9060318407629766,1.3603971275236817,history=Lower than own-history expected value; peers=Lower than peer-implied value; subgroup peers=6; peer model trusted; history/peer direction agree; pattern=moderate weaker than history; historical check type=forward_transition; current month name=August; mark month name=September; current transition=-0.09; transition mean=-0.27; transition delta=+0.18; transition magnitude delta=-0.18; transition degree=moderate; transition degree score=1.26; component current-month sd=0.14; component historical month sd=0.39; transition degree scale source=current-month; actual-to-date z=-0.84; mark z=-0.31; transition z=0.63; pattern years=26,2026-06-17,2026-08-17,True
TGP-Z4 Sta-219,Global_G04,4,regular,Global_G04_S01,1,regular,Northeast,Northeast - Appalachia,3,Global_G04,Global_G04_S01,TGP-Z4 Sta-219,GLOBAL,Summer,,Tennessee Gas Pipeline Zone 4-200 leg FDt Com,ICE Tennessee zone 4 station 219 Pool FDt Com,,,TGP-Z4 Sta-219,62,-0.6590322580645162,0.175869825904474,0.1110416403951209,-0.6649999999999998,0.12972749999999986,-0.94,-0.27,2026-08-17,-0.9199999999999997,-0.7975,In-family,,,False,,Subgroup,0.9136994968571414,1.5554391656362596,history=Lower than own-history expected value; peers=Higher than peer-implied value; subgroup peers=6; peer model trusted; history/peer direction disagree; pattern=mild weaker than history; historical check type=forward_transition; current month name=August; mark month name=September; current transition=-0.12; transition mean=-0.26; transition delta=+0.14; transition magnitude delta=-0.14; transition degree=mild; transition degree score=0.60; component current-month sd=0.24; component historical month sd=0.48; transition degree scale source=current-month; actual-to-date z=-0.17; mark z=0.20; transition z=0.44; pattern years=13,2026-06-17,2026-08-17,True
TGP-Z4 Sta-313,Global_G04,4,regular,Global_G04_S01,1,regular,Northeast,Northeast - Appalachia,3,Global_G04,Global_G04_S01,TGP-Z4 Sta-313,GLOBAL,Summer,,Tennessee Zone 4-313 Pool FDt Com,,"Tennessee, zone 4-313 Pool",,TGP-Z4 Sta-313,62,-0.7055645161290321,0.14574316292686232,0.09654389697808889,-0.7049999999999996,0.13714049999999905,-0.9549999999999998,-0.3650000000000002,2026-08-17,-0.9549999999999998,,No forward mark,,,False,,OwnHistoryOnly,,0.0,No forward mark,2026-06-17,2026-08-17,False
TGP-Z4 300L,Global_G04,4,regular,Global_G04_S02,2,supergroup,Northeast,Northeast - Appalachia,3,Global_G04,Global_G04_S02,TGP-Z4 300L,GLOBAL,Summer,,Tennessee zone 4-300 leg FDt Com,,"Tennessee, zone 4-300 leg",,,62,-0.8316935483870967,0.18678896558044414,0.12505113708097937,-0.8399999999999999,0.1593794999999999,-1.13,-0.3799999999999999,2026-08-17,-1.13,,No forward mark,,,False,,OwnHistoryOnly,,0.0,No forward mark,2026-06-17,2026-08-17,False
TGP-Z4 Marcellus,Global_G04,4,regular,Global_G04_S02,2,supergroup,Northeast,Northeast - Appalachia,3,Global_G04,Global_G04_S02,TGP-Z4 Marcellus,GLOBAL,Summer,,Tennessee zone 4-300 leg FDt Com,,"Tennessee, zone 4-300 leg",,TGP-Z4 Marcellus,62,-0.8316935483870967,0.18678896558044414,0.12505113708097937,-0.8399999999999999,0.1593794999999999,-1.13,-0.3799999999999999,2026-08-17,-1.13,-0.9925,In-family,,,False,,Parent,0.938607702764451,0.9570537718004388,history=Lower than own-history expected value; peers=Higher than peer-implied value; parent peers=8; peer model trusted; history/peer direction disagree; pattern=mild weaker than history; historical check type=forward_transition; current month name=August; mark month name=September; current transition=-0.07; transition mean=-0.29; transition delta=+0.22; transition magnitude delta=-0.22; transition degree=mild; transition degree score=0.98; component current-month sd=0.22; component historical month sd=0.75; transition degree scale source=current-month; actual-to-date z=-0.21; mark z=0.32; transition z=0.69; pattern years=18,2026-06-17,2026-08-17,True
Eastern Gas-South,Global_G04,4,regular,Global_G04_S03,3,supergroup,Northeast,Northeast - Appalachia,3,Global_G04,Global_G04_S03,Eastern Gas-South,GLOBAL,Summer,Eastern Gas-South,Eastern Gas South FDt Com,,"Eastern Gas, Appalachia",,Eastern Gas-South,62,-0.7930645161290321,0.16057875560932933,0.11057617358153803,-0.7749999999999999,0.1519664999999999,-1.085,-0.3799999999999999,2026-08-17,-1.0099999999999998,-0.9512,In-family,,,False,,Parent,0.947347745683545,1.1624809159838922,history=Lower than own-history expected value; peers=Lower than peer-implied value; parent peers=9; peer model trusted; history/peer direction agree; pattern=moderate weaker than history; historical check type=forward_transition; current month name=August; mark month name=September; current transition=-0.07; transition mean=-0.28; transition delta=+0.21; transition magnitude delta=-0.21; transition degree=moderate; transition degree score=1.30; component current-month sd=0.16; component historical month sd=0.68; transition degree scale source=current-month; actual-to-date z=-0.33; mark z=0.15; transition z=0.64; pattern years=26,2026-06-17,2026-08-17,True
TETCO-M2 (receipt),Global_G04,4,regular,Global_G04_S03,3,supergroup,Northeast,Northeast - Appalachia,3,Global_G04,Global_G04_S03,TETCO-M2 (receipt),GLOBAL,Summer,TETCO-M2 (RECEIPT),Texas Eastern zone M-2 receipts FDt Com,,"Texas Eastern, M-2 receipts",,TETCO-M2 (receipt),62,-0.7756451612903226,0.17399708842242656,0.11430635425448057,-0.77,0.1445535000000002,-1.0699999999999998,-0.31000000000000005,2026-08-17,-1.0099999999999998,-0.9575,In-family,,,False,,Parent,0.9490161387041957,1.346116302215172,history=Lower than own-history expected value; peers=Lower than peer-implied value; parent peers=10; peer model trusted; history/peer direction agree; pattern=mild weaker than history; historical check type=forward_transition; current month name=August; mark month name=September; current transition=-0.17; transition mean=-0.32; transition delta=+0.16; transition magnitude delta=-0.16; transition degree=mild; transition degree score=0.83; component current-month sd=0.19; component historical month sd=0.53; transition degree scale source=current-month; actual-to-date z=-0.01; mark z=0.42; transition z=0.45; pattern years=13,2026-06-17,2026-08-17,True
Agua Dulce Hub,Global_G05,5,regular,Global_G05_S01,1,regular,South Central,SouthCentral - TexCoast,3,Global_G05,Global_G05_S01,Agua Dulce Hub,GLOBAL,Summer,,Agua Dulce Hub FDt Com,ICE Agua Dulce Hub FDt Com,,HSC-HPL Pool,Agua Dulce Hub,62,-0.44169354838709673,0.1267175235607391,0.07494633781521658,-0.42749999999999977,0.14084700000000028,-0.6949999999999998,-0.14000000000000012,2026-08-17,-0.46999999999999975,,No forward mark,,,False,,OwnHistoryOnly,,0.0,No forward mark,2026-06-17,2026-08-17,False
ENT-STX Map,Global_G05,5,regular,Global_G05_S01,1,regular,South Central,SouthCentral - Mexico,3,Global_G05,Global_G05_S01,ENT-STX Map,GLOBAL,Summer,,,ICE ENT STX Map FDt Com,,HSC-HPL Pool,ENT-STX Map,60,-0.44786833333333326,0.11288201353725923,0.05564654706163811,-0.43320000000000003,0.11208456000000049,-0.6717999999999997,-0.18310000000000004,2026-08-16,-0.4429999999999996,,No forward mark,,,False,,OwnHistoryOnly,,0.0,No forward mark,2026-06-17,2026-08-17,False
TETCO-STX,Global_G05,5,regular,Global_G05_S01,1,regular,South Central,SouthCentral - TexCoast,3,Global_G05,Global_G05_S01,TETCO-STX,GLOBAL,Summer,TETCO-STX,TX Eastern S TX FDt Com,,"Texas Eastern, STX",,TETCO-STX,62,-0.4312903225806451,0.12711468774000312,0.07599728568635844,-0.41000000000000014,0.14084699999999994,-0.6749999999999998,-0.2150000000000003,2026-08-17,-0.3849999999999998,-0.52,Watch,Watch,W,True,TETCO-STX [Watch],Subgroup,0.9499439131551976,2.516173697333867,history=Lower than own-history expected value; peers=moderately below peer-implied value; subgroup peers=5; peer model trusted; peer score v2=2.39 (strong-support); history/peer direction agree; pattern=very stronger than history; historical check type=forward_transition; current month name=August; mark month name=September; current transition=-0.23; transition mean=+0.00; transition delta=-0.23; transition magnitude delta=+0.22; transition degree=very strong; transition degree score=2.85; component current-month sd=0.08; component historical month sd=0.14; transition degree scale source=current-month; actual-to-date z=-0.96; mark z=-2.10; transition z=-2.36; pattern years=26,2026-06-17,2026-08-17,True
TGP-Z0 North,Global_G05,5,regular,Global_G05_S01,1,regular,South Central,SouthCentral - Mexico,3,Global_G05,Global_G05_S01,TGP-Z0 North,GLOBAL,Summer,TGP-Z0,,ICE Tennessee zone 0 North FDt Com,"Tennessee, zone 0",TGP-Z0 South,TGP-Z0 North,60,-0.4197916666666667,0.13482131588704402,0.06420132766078411,-0.43184999999999985,0.1260209999999996,-0.6607999999999996,-0.1856,2026-08-16,-0.43389999999999995,-0.465,In-family,,,False,,Subgroup,0.9574589507407084,0.352051270859313,history=Lower than own-history expected value; peers=Lower than peer-implied value; subgroup peers=5; peer model trusted; history/peer direction agree; pattern=moderate stronger than history; historical check type=forward_transition; current month name=August; mark month name=September; current transition=-0.15; transition mean=-0.04; transition delta=-0.11; transition magnitude delta=+0.11; transition degree=moderate; transition degree score=1.16; component current-month sd=0.09; component historical month sd=0.17; transition degree scale source=current-month; actual-to-date z=-0.60; mark z=-0.98; transition z=-1.06; pattern years=12,2026-06-17,2026-08-17,True
Transco-30,Global_G05,5,regular,Global_G05_S01,1,regular,South Central,SouthCentral - TexCoast,3,Global_G05,Global_G05_S01,Transco-30,GLOBAL,Summer,TRANSCO-30,Transco Zn1 FDt Com,,"Transco, zone 1",,Transco-30,62,-0.4391935483870968,0.12618030797881555,0.07111274047541336,-0.42999999999999994,0.11860800000000042,-0.69,-0.18000000000000016,2026-08-17,-0.395,-0.4175,Outlier,Outlier,O,True,Transco-30 [Outlier],Subgroup,0.94805168007439,2.6542194360979803,history=Higher than own-history expected value; peers=moderately above peer-implied value; subgroup peers=5; peer model trusted; peer score v2=2.65 (high); history/peer direction agree; pattern=mild stronger than history; historical check type=forward_transition; current month name=August; mark month name=September; current transition=-0.09; transition mean=-0.04; transition delta=-0.04; transition magnitude delta=+0.04; transition degree=mild; transition degree score=0.77; component current-month sd=0.06; component historical month sd=0.15; transition degree scale source=current-month; actual-to-date z=-0.92; mark z=-0.72; transition z=-0.32; pattern years=26,2026-06-17,2026-08-17,True
Tres Palacios (inj),Global_G05,5,regular,Global_G05_S01,1,regular,South Central,SouthCentral - TexCoast,3,Global_G05,Global_G05_S01,Tres Palacios (inj),GLOBAL,Summer,,,ICE Tres Palacios Hub - Injection FDt Com,,,Tres Palacios (inj),53,-0.45216603773584907,0.12929388994932944,0.07719120224723833,-0.45999999999999996,0.1186080000000001,-0.69,-0.2450000000000001,2026-08-16,-0.3799999999999999,,No forward mark,,,False,,OwnHistoryOnly,,0.0,No forward mark,2026-06-17,2026-08-17,False
NGPL-STX,Global_G05,5,regular,Global_G05_S02,2,supergroup,South Central,SouthCentral - TexCoast,3,Global_G05,Global_G05_S02,NGPL-STX,GLOBAL,Summer,NGPL-STX,NGPL S TX FDt Com,,"NGPL, STX",,NGPL-STX,62,-0.44919354838709674,0.12378985878504835,0.06887771297206591,-0.4374999999999998,0.11490150000000018,-0.6799999999999997,-0.21499999999999986,2026-08-17,-0.4099999999999997,-0.505,In-family,,,False,,Subgroup,0.9840317513870176,0.5874596937376807,history=Lower than own-history expected value; peers=moderately below peer-implied value; subgroup peers=2; peer model untrusted; pattern=moderate stronger than history; historical check type=forward_transition; current month name=August; mark month name=September; current transition=-0.17; transition mean=-0.08; transition delta=-0.09; transition magnitude delta=+0.09; transition degree=moderate; transition degree score=1.33; component current-month sd=0.07; component historical month sd=0.17; transition degree scale source=current-month; actual-to-date z=-0.64; mark z=-0.76; transition z=-0.59; pattern years=26,2026-06-17,2026-08-17,True
TGP-Z0 Border Pool,Global_G05,5,regular,Global_G05_S02,2,supergroup,South Central,SouthCentral - TexCoast,3,Global_G05,Global_G05_S02,TGP-Z0 Border Pool,GLOBAL,Summer,,Tenn Zn0 FDt Com,ICE Tennessee zone 0 South Texas Border Pool FDt Com,"Tennessee, zone 0",TGP-Z0 South,TGP-Z0 Border Pool,62,-0.45451612903225813,0.11911115375440029,0.06453596447239714,-0.44999999999999973,0.11119500000000092,-0.69,-0.21499999999999986,2026-08-17,-0.44999999999999973,,No forward mark,,,False,,OwnHistoryOnly,,0.0,No forward mark,2026-06-17,2026-08-17,False
TGP-Z0 South,Global_G05,5,regular,Global_G05_S02,2,supergroup,South Central,SouthCentral - TexCoast,3,Global_G05,Global_G05_S02,TGP-Z0 South,GLOBAL,Summer,TGP-Z0,,ICE Tennessee zone 0 South FDt Com,"Tennessee, zone 0",,TGP-Z0 South,60,-0.4506433333333332,0.12829246693959204,0.06523876244283801,-0.4595999999999998,0.10548698999999974,-0.6906999999999996,-0.21350000000000025,2026-08-16,-0.46389999999999976,-0.465,In-family,,,False,,Subgroup,0.9798675986785038,0.0511911468893012,history=Lower than own-history expected value; peers=moderately above peer-implied value; subgroup peers=2; peer model untrusted; pattern=moderate stronger than history; historical check type=forward_transition; current month name=August; mark month name=September; current transition=-0.12; transition mean=-0.03; transition delta=-0.09; transition magnitude delta=+0.09; transition degree=moderate; transition degree score=1.02; component current-month sd=0.09; component historical month sd=0.17; transition degree scale source=current-month; actual-to-date z=-0.64; mark z=-0.85; transition z=-0.79; pattern years=12,2026-06-17,2026-08-17,True
Iroquois (into),Global_G06,6,regular,Global_G06_S01,1,regular,Northeast,Northeast - Demand,3,Global_G06,Global_G06_S01,Iroquois (into),GLOBAL,Summer,IROQUOIS (INTO),Iroquois Recpts FDt Com,,"Iroquois, receipts",,Iroquois (into),62,-0.2612096774193548,0.2163930953336796,0.12847449833064717,-0.22999999999999998,0.20385750000000025,-0.7149999999999999,0.18999999999999995,2026-08-17,-0.22999999999999998,-0.155,In-family,,,False,,Subgroup,0.573116133938651,0.3679040506235968,history=Higher than own-history expected value; peers=Higher than peer-implied value; subgroup peers=2; peer model untrusted; pattern=moderate weaker than history; historical check type=forward_transition; current month name=August; mark month name=September; current transition=-0.07; transition mean=-0.19; transition delta=+0.12; transition magnitude delta=-0.12; transition degree=moderate; transition degree score=1.06; component current-month sd=0.12; component historical month sd=0.31; transition degree scale source=current-month; actual-to-date z=0.23; mark z=0.59; transition z=0.65; pattern years=26,2026-06-17,2026-08-17,True
Iroquois-Z2,Global_G06,6,regular,Global_G06_S01,1,regular,Northeast,Northeast - Demand Rest,3,Global_G06,Global_G06_S01,Iroquois-Z2,GLOBAL,Summer,IROQUOIS-Z2,Iroquois Zn2 FDt Com,ICE Iroquois zone 2 (non-Hunts Point/Eastchester Lateral) FDt Com,"Iroquois, zone 2",,Iroquois-Z2,62,0.2782258064516129,1.4828813049495941,1.278659160462193,-0.14250000000000007,0.29281350000000034,-0.7199999999999998,8.23,2026-08-17,-0.1549999999999998,-0.5375,In-family,,,False,,Subgroup,0.8923041740792281,1.3489815189531884,history=Lower than own-history expected value; peers=Lower than peer-implied value; subgroup peers=2; peer model untrusted; pattern=moderate stronger than history; historical check type=forward_transition; current month name=August; mark month name=September; current transition=-0.59; transition mean=-0.26; transition delta=-0.33; transition magnitude delta=+0.33; transition degree=moderate; transition degree score=1.08; component current-month sd=0.31; component historical month sd=0.41; transition degree scale source=current-month; actual-to-date z=0.47; mark z=-0.81; transition z=-1.53; pattern years=26,2026-06-17,2026-08-17,True
PNGTS,Global_G06,6,regular,Global_G06_S01,1,regular,Northeast,Northeast - Demand Rest,3,Global_G06,Global_G06_S01,PNGTS,GLOBAL,Summer,,PNGTS delivered FDt Com,ICE PNGTS FDt Com,,,PNGTS,62,0.24862903225806454,0.7072372763400907,0.516716316140801,0.06499999999999995,0.5152034999999995,-0.45500000000000007,3.545,2026-08-17,0.2200000000000002,,No forward mark,,,False,,OwnHistoryOnly,,0.0,No forward mark,2026-06-17,2026-08-17,False
TGP-Z6 200L North,Global_G06,6,regular,Global_G06_S01,1,regular,Northeast,Northeast - Demand Rest,3,Global_G06,Global_G06_S01,TGP-Z6 200L North,GLOBAL,Summer,TGP-Z6 200L NORTH,Tennessee Zone 6 delivered North FDt Com,,"Tennessee, zone 6, del. North",,TGP-Z6 200L North,62,-0.08362903225806452,0.6641611061188508,0.418516766872016,-0.34750000000000014,0.3595305000000002,-0.7050000000000001,2.135,2026-08-17,-0.5599999999999996,-0.48,In-family,,,False,,Subgroup,0.7842249639541397,0.3731417580696168,history=Lower than own-history expected value; peers=Lower than peer-implied value; subgroup peers=3; peer model trusted; history/peer direction agree; pattern=slight weaker than history; historical check type=forward_transition; current month name=August; mark month name=September; current transition=-0.38; transition mean=-0.48; transition delta=+0.10; transition magnitude delta=-0.10; transition degree=slight; transition degree score=0.20; component current-month sd=0.52; component historical month sd=0.64; transition degree scale source=current-month; actual-to-date z=-0.08; mark z=0.32; transition z=0.21; pattern years=7,2026-06-17,2026-08-17,True
AGT-CG (non-G),Global_G06,6,regular,Global_G06_S02,2,supergroup,Northeast,Northeast - Demand,3,Global_G06,Global_G06_S02,AGT-CG (non-G),GLOBAL,Summer,Algonquin,Algonquin CG FDt Com,ICE Algonquin CG (Excl J-Lat & G-Lat del & Brookfield) FDt Com,"Algonquin, city-gates",,AGT-CG (non-G),62,-0.29580645161290314,0.54400020608451,0.41384424949675214,-0.46750000000000025,0.4818449999999999,-0.8649999999999998,1.8099999999999996,2026-08-17,-0.8649999999999998,-0.5138,In-family,,,False,,Subgroup,0.9655506717358696,0.0960889912731268,history=Lower than own-history expected value; peers=Higher than peer-implied value; subgroup peers=2; peer model untrusted; pattern=slight stronger than history; historical check type=forward_transition; current month name=August; mark month name=September; current transition=-0.37; transition mean=-0.32; transition delta=-0.05; transition magnitude delta=+0.05; transition degree=slight; transition degree score=0.09; component current-month sd=0.57; component historical month sd=0.63; transition degree scale source=current-month; actual-to-date z=0.43; mark z=0.33; transition z=-0.11; pattern years=26,2026-06-17,2026-08-17,True
TGP-Z6 200L South,Global_G06,6,regular,Global_G06_S02,2,supergroup,Northeast,Northeast - Demand Rest,3,Global_G06,Global_G06_S02,TGP-Z6 200L South,GLOBAL,Summer,TGP-Z6 200L SOUTH,Tennessee Zone 6 delivered South FDt Com,,"Tennessee, zone 6, del. South",,TGP-Z6 200L South,62,-0.33056451612903226,0.4769834385882458,0.3459802736093142,-0.5025,0.39659549999999977,-0.8249999999999997,1.4849999999999994,2026-08-17,-0.8249999999999997,-0.58,In-family,,,False,,Subgroup,0.9830560286736773,0.195413210689481,history=Lower than own-history expected value; peers=Lower than peer-implied value; subgroup peers=2; peer model untrusted; pattern=in-line transition; historical check type=forward_transition; current month name=August; mark month name=September; current transition=-0.33; transition mean=-0.35; transition delta=+0.02; transition magnitude delta=-0.02; component current-month sd=0.47; component historical month sd=0.52; transition degree scale source=current-month; actual-to-date z=0.43; mark z=0.60; transition z=0.04; pattern years=7,2026-06-17,2026-08-17,True
TGP-Z6 300L,Global_G06,6,regular,Global_G06_S02,2,supergroup,Northeast,Northeast - Demand Rest,3,Global_G06,Global_G06_S02,TGP-Z6 300L,GLOBAL,Summer,,Tenn Zn6 Dlvd FDt Com,ICE Tennessee zone 6 300 leg FDt Com,,,TGP-Z6 300L,62,-0.2578225806451612,0.5050990983499049,0.3500031030307411,-0.4075,0.38176949999999943,-0.7949999999999999,1.6150000000000002,2026-08-17,-0.6649999999999996,,No forward mark,,,False,,OwnHistoryOnly,,0.0,No forward mark,2026-06-17,2026-08-17,False
ANR-SW,Global_G07,7,regular,Global_G07_S01,1,regular,South Central,SouthCentral - Midcon,3,Global_G07,Global_G07_S01,ANR-SW,GLOBAL,Summer,ANR-SW,ANR OK FDt Com,,"ANR, Okla",,ANR-SW,62,-0.45782258064516124,0.19756016092996512,0.09125685841431462,-0.4049999999999998,0.22238999999999953,-0.8500000000000001,-0.18000000000000016,2026-08-17,-0.34999999999999964,-0.4247,In-family,,,False,,Subgroup,0.9742625954089996,1.2373508871935806,history=Lower than own-history expected value; peers=Higher than peer-implied value; subgroup peers=4; peer model trusted; history/peer direction disagree; pattern=in-line transition; historical check type=forward_transition; current month name=August; mark month name=September; current transition=-0.13; transition mean=-0.11; transition delta=-0.02; transition magnitude delta=+0.02; component current-month sd=0.08; component historical month sd=0.31; transition degree scale source=current-month; actual-to-date z=0.35; mark z=0.09; transition z=-0.09; pattern years=26,2026-06-17,2026-08-17,True
Enable West Pool ,Global_G07,7,regular,Global_G07_S01,1,regular,South Central,SouthCentral - Midcon,3,Global_G07,Global_G07_S01,Enable West Pool ,GLOBAL,Summer,,,ICE Enable Gas West Pool FDt Com,,Panhandle,Enable West Pool ,60,-0.4074466666666667,0.1826746598317149,0.07924970158705,-0.3432000000000004,0.18176675999999972,-0.7877000000000001,-0.14329999999999998,2026-08-16,-0.3268,,No forward mark,,,False,,OwnHistoryOnly,,0.0,No forward mark,2026-06-17,2026-08-17,False
NGPL-Midcont Pool,Global_G07,7,regular,Global_G07_S01,1,regular,South Central,SouthCentral - Midcon,3,Global_G07,Global_G07_S01,NGPL-Midcont Pool,GLOBAL,Summer,NGPL-MIDCONT POOL,NGPL Midcont FDt Com,,"NGPL, Midcontinent",,NGPL-Midcont Pool,62,-0.4291129032258065,0.17257814621813744,0.08546138040649476,-0.40249999999999986,0.21127050000000008,-0.79,-0.17000000000000037,2026-08-17,-0.33999999999999986,-0.3819,Watch,Watch,W,True,NGPL-Midcont Pool [Watch],Subgroup,0.978917306126135,2.184428509529309,history=Higher than own-history expected value; peers=moderately above peer-implied value; subgroup peers=4; peer model trusted; peer score v2=2.18 (strong-support); history/peer direction agree; pattern=mild weaker than history; historical check type=forward_transition; current month name=August; mark month name=September; current transition=-0.07; transition mean=-0.12; transition delta=+0.05; transition magnitude delta=-0.05; transition degree=mild; transition degree score=0.57; component current-month sd=0.08; component historical month sd=0.34; transition degree scale source=current-month; actual-to-date z=0.22; mark z=0.26; transition z=0.22; pattern years=26,2026-06-17,2026-08-17,True
Panhandle,Global_G07,7,regular,Global_G07_S01,1,regular,South Central,SouthCentral - Midcon,3,Global_G07,Global_G07_S01,Panhandle,GLOBAL,Summer,PANHANDLE,Panhandle TX-OK FDt Com,,"Panhandle, Tx.-Okla",,Panhandle,62,-0.4766935483870968,0.1777430073983384,0.08483373323791643,-0.43999999999999995,0.20015099999999966,-0.8249999999999997,-0.18999999999999995,2026-08-17,-0.43999999999999995,-0.5638,Outlier,Outlier,O,True,Panhandle [Outlier],Subgroup,0.9795729647546942,3.888260811761249,history=Lower than own-history expected value; peers=very far below peer-implied value; subgroup peers=4; peer model trusted; peer score v2=3.84 (high); history/peer direction agree; pattern=mild stronger than history; historical check type=forward_transition; current month name=August; mark month name=September; current transition=-0.18; transition mean=-0.11; transition delta=-0.07; transition magnitude delta=+0.07; transition degree=mild; transition degree score=0.86; component current-month sd=0.09; component historical month sd=0.33; transition degree scale source=current-month; actual-to-date z=0.08; mark z=-0.20; transition z=-0.35; pattern years=26,2026-06-17,2026-08-17,True
Southern Star,Global_G07,7,regular,Global_G07_S01,1,regular,South Central,SouthCentral - Midcon,3,Global_G07,Global_G07_S01,Southern Star,GLOBAL,Summer,SOUTHERN STAR,Sth Star TxOkKs FDt Com,,Southern Star,,Southern Star,62,-0.45991935483870977,0.19151358282412848,0.07560656359745753,-0.4099999999999999,0.20015099999999966,-0.8500000000000001,-0.1299999999999999,2026-08-17,-0.355,-0.4345,In-family,,,False,,Subgroup,0.9687055164542688,0.4334869878202345,history=Lower than own-history expected value; peers=Higher than peer-implied value; subgroup peers=4; peer model trusted; history/peer direction disagree; pattern=in-line transition; historical check type=forward_transition; current month name=August; mark month name=September; current transition=-0.14; transition mean=-0.14; transition delta=+0.00; transition magnitude delta=-0.00; component current-month sd=0.06; component historical month sd=0.31; transition degree scale source=current-month; actual-to-date z=0.40; mark z=0.18; transition z=0.01; pattern years=26,2026-06-17,2026-08-17,True
OGT,Global_G07,7,regular,Global_G07_S02,2,supergroup,South Central,SouthCentral - Midcon,3,Global_G07,Global_G07_S02,OGT,GLOBAL,Summer,,,,,,OGT,59,-0.4819779661016948,0.18573634824088928,0.09462846321063643,-0.45899999999999963,0.21052919999999983,-0.8882999999999996,-0.24109999999999987,2026-08-16,-0.4502999999999999,-0.4423,Outlier,Outlier,O,True,OGT [Outlier],Parent,0.9456830059409312,24.29515817341516,history=Higher than own-history expected value; peers=very far above peer-implied value; parent peers=6; peer model trusted; peer score v2=24.30 (high); history/peer direction agree; pattern=in-line transition; historical check type=forward_transition; current month name=August; mark month name=September; current transition=-0.08; transition mean=-0.07; transition delta=-0.00; transition magnitude delta=+0.00; component current-month sd=0.09; component historical month sd=0.30; transition degree scale source=current-month; actual-to-date z=0.15; mark z=0.09; transition z=-0.02; pattern years=12,2026-06-17,2026-08-17,True
ONEOK Westex,Global_G07,7,regular,Global_G07_S02,2,supergroup,South Central,SouthCentral - WesTex,3,Global_G07,Global_G07_S02,ONEOK Westex,GLOBAL,Summer,ONEOK WESTEX,Oneok OK FDt Com,ICE ONEOK Westex Pool FDt Com,"Oneok, Okla.",Waha,ONEOK Westex,62,-0.49193548387096775,0.17905113025290847,0.09640321174614809,-0.4675,0.21127050000000042,-0.8899999999999997,-0.2400000000000002,2026-08-17,-0.44999999999999973,-0.95,Outlier,Outlier,O,True,ONEOK Westex [Outlier],Parent,0.9500108298786684,29.573088706723656,history=slightly below own-history expected value; own z=2.28 watch; peers=very far below peer-implied value; parent peers=6; peer model trusted; peer score v2=29.48 (high); history/peer direction agree; pattern=very stronger than history; historical check type=forward_transition; current month name=August; mark month name=September; current transition=-0.54; transition mean=-0.10; transition delta=-0.44; transition magnitude delta=+0.44; transition degree=very strong; transition degree score=6.21; component current-month sd=0.07; component historical month sd=0.35; transition degree scale source=current-month; actual-to-date z=-0.03; mark z=-1.15; transition z=-1.77; pattern years=26,2026-06-17,2026-08-17,True
Transco-Z6 (non-NY north),Global_G08,8,regular,Global_G08_S01,1,supergroup,Northeast,Northeast - Demand,3,Global_G08,Global_G08_S01,Transco-Z6 (non-NY north),GLOBAL,Summer,TRANSCO-Z6 (NON-NY NORTH),Transco Zone 6 Non-NY North FDt Com,,"Transco, zone 6 non-N.Y. North",,Transco-Z6 (non-NY north),62,-0.7068548387096775,0.19011048097409847,0.1269903830100893,-0.7050000000000001,0.19644449999999974,-0.9849999999999999,-0.22999999999999998,2026-08-17,-0.9849999999999999,-0.895,In-family,,,False,,Subgroup,0.9999005576957896,0.9671942966079488,history=Lower than own-history expected value; peers=Higher than peer-implied value; subgroup peers=2; peer model untrusted; pattern=moderate weaker than history; historical check type=forward_transition; current month name=August; mark month name=September; current transition=-0.15; transition mean=-0.37; transition delta=+0.22; transition magnitude delta=-0.22; transition degree=moderate; transition degree score=1.07; component current-month sd=0.21; component historical month sd=0.49; transition degree scale source=current-month; actual-to-date z=-0.51; mark z=0.10; transition z=0.61; pattern years=11,2026-06-17,2026-08-17,True
Transco-Z6 (non-NY south),Global_G08,8,regular,Global_G08_S01,1,supergroup,Northeast,Northeast - Demand,3,Global_G08,Global_G08_S01,Transco-Z6 (non-NY south),GLOBAL,Summer,TRANSCO-Z6 (NON-NY NORTH),Transco Zn6 non-N.Y. FDt Com,ICE Transco zone 6 non-NY South FDt Com,,Transco-Z6 (non-NY north),Transco-Z6 (non-NY south),62,-0.7066129032258065,0.1899412639875906,0.1268656403853404,-0.7050000000000001,0.19273799999999983,-0.9849999999999999,-0.22999999999999998,2026-08-17,-0.9849999999999999,,No forward mark,,,False,,OwnHistoryOnly,,0.0,No forward mark,2026-06-17,2026-08-17,False
Transco-Z6 Sta-210,Global_G08,8,regular,Global_G08_S01,1,supergroup,Northeast,Northeast - Demand,3,Global_G08,Global_G08_S01,Transco-Z6 Sta-210,GLOBAL,Summer,,,ICE Transco zone 6 station 210 Pool FDt Com,,Transco-Z6 (non-NY north),Transco-Z6 Sta-210,60,-0.7009516666666666,0.1921523596503801,0.12699934630774667,-0.69665,0.2008922999999999,-0.9836999999999998,-0.2153999999999998,2026-08-16,-0.9834999999999998,-0.895,In-family,,,False,,Subgroup,0.999806597567484,0.9873449604589132,history=Lower than own-history expected value; peers=Lower than peer-implied value; subgroup peers=2; peer model untrusted; pattern=mild weaker than history; historical check type=forward_transition; current month name=August; mark month name=September; current transition=-0.19; transition mean=-0.37; transition delta=+0.18; transition magnitude delta=-0.18; transition degree=mild; transition degree score=0.84; component current-month sd=0.21; component historical month sd=0.48; transition degree scale source=current-month; actual-to-date z=-0.47; mark z=-0.00; transition z=0.55; pattern years=9,2026-06-17,2026-08-17,True
Millennium-Ramapo,Global_G08,8,regular,Global_G08_S02,2,supergroup,Northeast,Northeast - Demand,3,Global_G08,Global_G08_S02,Millennium-Ramapo,GLOBAL,Summer,,,,,TETCO-M3,Millennium-Ramapo,60,-0.7392983333333335,0.19970018841105885,0.12786159134014824,-0.7510000000000003,0.20778639,-1.0350000000000001,-0.25039999999999996,2026-08-16,-1.0096999999999998,-0.865,In-family,,,False,,Subgroup,0.9883103901183284,0.5486403609014029,history=Lower than own-history expected value; peers=Higher than peer-implied value; subgroup peers=2; peer model untrusted; pattern=strong weaker than history; historical check type=forward_transition; current month name=August; mark month name=September; current transition=-0.05; transition mean=-0.40; transition delta=+0.35; transition magnitude delta=-0.35; transition degree=strong; transition degree score=1.67; component current-month sd=0.21; component historical month sd=0.44; transition degree scale source=current-month; actual-to-date z=-0.66; mark z=0.38; transition z=0.94; pattern years=8,2026-06-17,2026-08-17,True
TETCO-M3,Global_G08,8,regular,Global_G08_S02,2,supergroup,Northeast,Northeast - Demand,3,Global_G08,Global_G08_S02,TETCO-M3,GLOBAL,Summer,TETCO-M3,TX Eastern M-3 FDt Com,,"Texas Eastern, M-3",,TETCO-M3,62,-0.6777419354838712,0.1868190968126583,0.11950181195324738,-0.685,0.2038574999999999,-0.94,-0.19499999999999984,2026-08-17,-0.9299999999999997,-0.865,In-family,,,False,,Subgroup,0.9826235128923592,0.8829697214966338,history=Lower than own-history expected value; peers=moderately below peer-implied value; subgroup peers=2; peer model untrusted; pattern=moderate weaker than history; historical check type=forward_transition; current month name=August; mark month name=September; current transition=-0.15; transition mean=-0.35; transition delta=+0.20; transition magnitude delta=-0.20; transition degree=moderate; transition degree score=1.02; component current-month sd=0.20; component historical month sd=0.73; transition degree scale source=current-month; actual-to-date z=-0.30; mark z=0.15; transition z=0.60; pattern years=26,2026-06-17,2026-08-17,True
TGP-Mahwah,Global_G08,8,regular,Global_G08_S02,2,supergroup,Northeast,Northeast - Demand,3,Global_G08,Global_G08_S02,TGP-Mahwah,GLOBAL,Summer,,,,,TETCO-M3,TGP-Mahwah,60,-0.7339166666666668,0.1956145181665055,0.1285650961156131,-0.7531000000000003,0.21201180000000033,-1.0263,-0.24429999999999996,2026-08-16,-1.003,-0.865,In-family,,,False,,Subgroup,0.9884607441539828,0.5278008110869277,history=Lower than own-history expected value; peers=Higher than peer-implied value; subgroup peers=2; peer model untrusted; pattern=moderate weaker than history; historical check type=forward_transition; current month name=August; mark month name=September; current transition=-0.05; transition mean=-0.36; transition delta=+0.31; transition magnitude delta=-0.31; transition degree=moderate; transition degree score=1.45; component current-month sd=0.21; component historical month sd=0.44; transition degree scale source=current-month; actual-to-date z=-0.58; mark z=0.36; transition z=0.90; pattern years=8,2026-06-17,2026-08-17,True
Transco-Z6 (NY),Global_G08,8,regular,Global_G08_S03,3,small_outlier,Northeast,Northeast - Demand,3,Global_G08,Global_G08_S03,Transco-Z6 (NY),GLOBAL,Summer,TRANSCO-Z6 (NY),Transco Zn6 NY FDt Com,,"Transco, zone 6 N.Y.",,Transco-Z6 (NY),62,-0.6237096774193548,0.2097401504826493,0.14314963129498695,-0.645,0.200151,-0.9149999999999996,-0.03500000000000014,2026-08-17,-0.9099999999999997,-0.8225,In-family,,,False,,Parent,0.9707199536480186,1.0068259024894906,history=Lower than own-history expected value; peers=Lower than peer-implied value; parent peers=6; peer model trusted; history/peer direction agree; pattern=moderate weaker than history; historical check type=forward_transition; current month name=August; mark month name=September; current transition=-0.10; transition mean=-0.35; transition delta=+0.25; transition magnitude delta=-0.25; transition degree=moderate; transition degree score=1.10; component current-month sd=0.23; component historical month sd=0.71; transition degree scale source=current-month; actual-to-date z=-0.49; mark z=0.07; transition z=0.67; pattern years=26,2026-06-17,2026-08-17,True
ANR-SE-T,Global_G09,9,regular,Global_G09_S01,1,regular,South Central,SouthCentral - Henry,3,Global_G09,Global_G09_S01,ANR-SE-T,GLOBAL,Summer,ANR-SE,ANR LA FDt Com,ICE ANR SE Transmission Pool FDt Com,"ANR, La",,ANR-SE-T,62,-0.2945161290322581,0.12041155409071191,0.07345615025938236,-0.2749999999999999,0.11860799999999977,-0.5300000000000002,-0.11000000000000032,2026-08-17,-0.25,-0.1625,In-family,,,False,,Subgroup,0.8853044464419788,1.2453712046716383,history=Higher than own-history expected value; peers=Higher than peer-implied value; subgroup peers=4; peer model trusted; history/peer direction agree; pattern=in-line transition; historical check type=forward_transition; current month name=August; mark month name=September; current transition=+0.01; transition mean=+0.01; transition delta=+0.01; transition magnitude delta=+0.01; component current-month sd=0.08; component historical month sd=0.05; transition degree scale source=current-month; actual-to-date z=-3.05; mark z=-2.10; transition z=0.10; pattern years=26,2026-06-17,2026-08-17,True
CG-Onshore,Global_G09,9,regular,Global_G09_S01,1,regular,South Central,SouthCentral - Henry,3,Global_G09,Global_G09_S01,CG-Onshore,GLOBAL,Summer,CG-ONSHORE,Col Gulf LA FDt Com,,"Columbia Gulf, La",,CG-Onshore,62,-0.2916129032258065,0.11114815910936321,0.09027969593030187,-0.2775000000000001,0.10378200000000042,-0.54,-0.10499999999999998,2026-08-17,-0.29499999999999993,-0.15,In-family,,,False,,Subgroup,0.8629461120604044,1.496865330666141,history=Higher than own-history expected value; peers=Higher than peer-implied value; subgroup peers=4; peer model trusted; history/peer direction agree; pattern=slight stronger than history; historical check type=forward_transition; current month name=August; mark month name=September; current transition=+0.04; transition mean=+0.00; transition delta=+0.03; transition magnitude delta=+0.03; transition degree=slight; transition degree score=0.44; component current-month sd=0.07; component historical month sd=0.05; transition degree scale source=current-month; actual-to-date z=-2.34; mark z=-1.53; transition z=0.68; pattern years=26,2026-06-17,2026-08-17,True
Pine Prairie,Global_G09,9,regular,Global_G09_S01,1,regular,South Central,SouthCentral - Henry,3,Global_G09,Global_G09_S01,Pine Prairie,GLOBAL,Summer,PINE PRAIRIE,Pine Prairie Hub FDt Com,,Pine Prairie Hub,,Pine Prairie,62,-0.24693548387096778,0.11149636044456769,0.07546205574938632,-0.2200000000000002,0.10007550000000016,-0.49499999999999966,-0.0950000000000002,2026-08-17,-0.22999999999999998,-0.15,In-family,,,False,,Subgroup,0.9107221105940002,0.8166631977477704,history=Higher than own-history expected value; peers=Higher than peer-implied value; subgroup peers=4; peer model trusted; history/peer direction agree; pattern=in-line transition; historical check type=forward_transition; current month name=August; mark month name=September; current transition=+0.03; transition mean=+0.01; transition delta=+0.02; transition magnitude delta=+0.02; component current-month sd=0.07; component historical month sd=0.06; transition degree scale source=current-month; actual-to-date z=-2.57; mark z=-1.85; transition z=0.35; pattern years=12,2026-06-17,2026-08-17,True
TETCO-WLA,Global_G09,9,regular,Global_G09_S01,1,regular,South Central,SouthCentral - Henry,3,Global_G09,Global_G09_S01,TETCO-WLA,GLOBAL,Summer,TETCO-WLA,TX Eastern W LA FDt Com,,"Texas Eastern, WLA",,TETCO-WLA,62,-0.28120967741935476,0.10085976908344757,0.07050946531816522,-0.2599999999999998,0.09636899999999991,-0.5,-0.16500000000000004,2026-08-17,-0.2749999999999999,-0.2488,Watch,Watch,W,True,TETCO-WLA [Watch],Subgroup,0.8850961658969005,2.037226247692018,history=Higher than own-history expected value; peers=moderately below peer-implied value; subgroup peers=4; peer model trusted; peer score v2=2.03 (strong-support); history/peer direction disagree; pattern=mild stronger than history; historical check type=forward_transition; current month name=August; mark month name=September; current transition=-0.05; transition mean=-0.00; transition delta=-0.05; transition magnitude delta=+0.05; transition degree=mild; transition degree score=0.79; component current-month sd=0.06; component historical month sd=0.06; transition degree scale source=current-month; actual-to-date z=-3.45; mark z=-3.20; transition z=-0.96; pattern years=26,2026-06-17,2026-08-17,True
Transco-45,Global_G09,9,regular,Global_G09_S01,1,regular,South Central,SouthCentral - Henry,3,Global_G09,Global_G09_S01,Transco-45,GLOBAL,Summer,,Transco Zn2 FDt Com,,"Transco, station 45",,Transco-45,62,-0.31612903225806455,0.12942628560538028,0.08039247987014787,-0.3225,0.1593795000000002,-0.5799999999999996,-0.1299999999999999,2026-08-17,-0.2799999999999998,,No forward mark,,,False,,OwnHistoryOnly,,0.0,No forward mark,2026-06-17,2026-08-17,False
Socal-Border,Global_G10,10,regular,Global_G10_S01,1,regular,West,West - California,3,Global_G10,Global_G10_S01,Socal-Border,GLOBAL,Summer,SOCAL-BORDER,SoCal Gas FDt Com,ICE Socal sellers' choice dlvd incl. CA production FDt Com,SoCal Gas,,Socal-Border,62,-0.41048387096774175,0.8652222824778876,0.2431600363519642,-0.12749999999999995,0.7005284999999999,-2.4250000000000003,0.7650000000000001,2026-08-17,-0.004999999999999893,0.0163,In-family,,,False,,Subgroup,0.9879400788428854,0.2052735898682209,history=Higher than own-history expected value; peers=Lower than peer-implied value; subgroup peers=2; peer model untrusted; pattern=very strong weaker than history; historical check type=forward_transition; current month name=August; mark month name=September; current transition=-0.19; transition mean=-0.63; transition delta=+0.44; transition magnitude delta=-0.44; transition degree=very strong; transition degree score=2.48; component current-month sd=0.18; component historical month sd=0.85; transition degree scale source=current-month; actual-to-date z=-0.40; mark z=0.14; transition z=0.48; pattern years=26,2026-06-17,2026-08-17,True
Socal-Citygate,Global_G10,10,regular,Global_G10_S01,1,regular,West,West - California,3,Global_G10,Global_G10_S01,Socal-Citygate,GLOBAL,Summer,SOCAL-CITYGATE,SoCal Gas CG FDt Com,,SoCal Gas city-gate,,Socal-Citygate,62,0.4362096774193549,0.8123340614832029,0.21807306265501408,0.6549999999999998,0.7598325000000002,-1.3950000000000002,1.5349999999999997,2026-08-17,0.8900000000000001,0.9838,In-family,,,False,,Subgroup,0.9927237140692,0.4327269496895699,history=Higher than own-history expected value; peers=Higher than peer-implied value; subgroup peers=2; peer model untrusted; pattern=very strong weaker than history; historical check type=forward_transition; current month name=August; mark month name=September; current transition=-0.10; transition mean=-1.11; transition delta=+1.01; transition magnitude delta=-1.01; transition degree=very strong; transition degree score=6.09; component current-month sd=0.17; component historical month sd=2.51; transition degree scale source=current-month; actual-to-date z=-0.28; mark z=0.68; transition z=0.54; pattern years=17,2026-06-17,2026-08-17,True
Socal-Needles,Global_G10,10,regular,Global_G10_S01,1,regular,West,West - California,3,Global_G10,Global_G10_S01,Socal-Needles,GLOBAL,Summer,,,ICE Socal Needles FDt Com,,,Socal-Needles,60,-0.485115,0.8571935249771266,0.2248436829816189,-0.18850000000000033,0.7336646099999996,-2.3625000000000003,0.6675,2026-08-16,-0.006599999999999717,0.0163,In-family,,,False,,Subgroup,0.99313375877816,0.279146625322435,history=Higher than own-history expected value; peers=Lower than peer-implied value; subgroup peers=2; peer model untrusted; pattern=very strong weaker than history; historical check type=forward_transition; current month name=August; mark month name=September; current transition=-0.26; transition mean=-0.74; transition delta=+0.48; transition magnitude delta=-0.48; transition degree=very strong; transition degree score=2.70; component current-month sd=0.18; component historical month sd=0.89; transition degree scale source=current-month; actual-to-date z=-0.21; mark z=1.06; transition z=0.40; pattern years=11,2026-06-17,2026-08-17,True
EP-S.Mainline,Global_G10,10,regular,Global_G10_S02,2,regular,South Central,Mountain - WesTex,3,Global_G10,Global_G10_S02,EP-S.Mainline,GLOBAL,Summer,,El Paso S Mainline FDt Com,,,,EP-S.Mainline,62,-0.2326612903225806,1.0469724962887963,0.3802856634062737,-0.004999999999999893,0.7338869999999995,-2.6599999999999997,2.28,2026-08-17,-0.004999999999999893,,No forward mark,,,False,,OwnHistoryOnly,,0.0,No forward mark,2026-06-17,2026-08-17,False
Socal-Ehrenberg,Global_G10,10,regular,Global_G10_S02,2,regular,Rockies,West - California,3,Global_G10,Global_G10_S02,Socal-Ehrenberg,GLOBAL,Summer,,,ICE Socal Ehrenberg Dlvd FDt Com,,,Socal-Ehrenberg,60,-0.333015,0.9331489028316609,0.29099435375250615,-0.00024999999999986144,0.6836268599999997,-2.5101000000000004,0.8578000000000001,2026-08-16,0.01100000000000012,0.0163,In-family,,,False,,Parent,0.9704282555813744,0.5980738253640142,history=Higher than own-history expected value; peers=Lower than peer-implied value; parent peers=4; peer model trusted; history/peer direction disagree; pattern=strong weaker than history; historical check type=forward_transition; current month name=August; mark month name=September; current transition=-0.32; transition mean=-0.66; transition delta=+0.33; transition magnitude delta=-0.33; transition degree=strong; transition degree score=1.56; component current-month sd=0.21; component historical month sd=1.22; transition degree scale source=current-month; actual-to-date z=-0.44; mark z=-0.14; transition z=0.35; pattern years=12,2026-06-17,2026-08-17,True
FGT-Z3,Global_G11,11,regular,Global_G11_S01,1,regular,Southeast,Southeast,3,Global_G11,Global_G11_S01,FGT-Z3,GLOBAL,Summer,FGT-Z3,FL Gas Zn3 FDt Com,,"Florida Gas, zone 3",,FGT-Z3,62,1.0593548387096774,0.47698548270771096,0.1746312273729143,0.9075,0.2631615,0.5099999999999998,2.6450000000000005,2026-08-17,2.605,0.9025,Watch,Watch,W,True,FGT-Z3 [Watch],Subgroup,0.9447077997081824,2.094760774164835,history=Lower than own-history expected value; peers=moderately above peer-implied value; subgroup peers=4; peer model trusted; peer score v2=2.09 (strong-support); history/peer direction disagree; pattern=opposite transition; historical check type=forward_transition; current month name=August; mark month name=September; current transition=+0.19; transition mean=-0.18; transition delta=+0.37; transition magnitude delta=+0.01; component current-month sd=0.85; component historical month sd=0.49; transition degree scale source=current-month; actual-to-date z=0.77; mark z=3.32; transition z=1.57; pattern years=26,2026-06-17,2026-08-17,True
Sonat-Z0 South,Global_G11,11,regular,Global_G11_S01,1,regular,South Central,Southeast,3,Global_G11,Global_G11_S01,Sonat-Z0 South,GLOBAL,Summer,SONAT-Z0 SOUTH,SoNat LA FDt Com,ICE Sonat Zone 0 South Louisiana Pool FDt Com,"Southern Natural, La",,Sonat-Z0 South,62,0.8883870967741936,0.41982507500299354,0.19388274581737047,0.75,0.20015100000000033,0.48,2.4750000000000005,2026-08-17,2.095,0.6117,In-family,,,False,,Subgroup,0.9723206096583988,0.769852124663543,history=Lower than own-history expected value; peers=Higher than peer-implied value; subgroup peers=4; peer model trusted; history/peer direction disagree; pattern=slight weaker than history; historical check type=forward_transition; current month name=August; mark month name=September; current transition=-0.03; transition mean=-0.12; transition delta=+0.09; transition magnitude delta=-0.09; transition degree=slight; transition degree score=0.13; component current-month sd=0.70; component historical month sd=0.27; transition degree scale source=current-month; actual-to-date z=1.37; mark z=4.13; transition z=0.40; pattern years=26,2026-06-17,2026-08-17,True
TGP-500L,Global_G11,11,regular,Global_G11_S01,1,regular,Southeast,Southeast,3,Global_G11,Global_G11_S01,TGP-500L,GLOBAL,Summer,TGP-500L,Tenn LA 500 Leg FDt Com,,"Tennessee, Louisiana, 500 Leg",,TGP-500L,62,0.8213709677419352,0.34492594757026457,0.2204561837684501,0.7375,0.23350949999999995,0.40000000000000036,2.4800000000000004,2026-08-17,1.5950000000000002,0.5617,In-family,,,False,,Subgroup,0.9339985535177392,0.7644941549058574,history=Lower than own-history expected value; peers=Lower than peer-implied value; subgroup peers=4; peer model trusted; history/peer direction agree; pattern=slight weaker than history; historical check type=forward_transition; current month name=August; mark month name=September; current transition=-0.02; transition mean=-0.06; transition delta=+0.04; transition magnitude delta=-0.04; transition degree=slight; transition degree score=0.07; component current-month sd=0.60; component historical month sd=0.13; transition degree scale source=current-month; actual-to-date z=2.47; mark z=5.18; transition z=0.43; pattern years=26,2026-06-17,2026-08-17,True
Transco-85,Global_G11,11,regular,Global_G11_S01,1,regular,Southeast,Southeast,3,Global_G11,Global_G11_S01,Transco-85,GLOBAL,Summer,TRANSCO-85,Transco Zn4 FDt Com,,"Transco, zone 4",,Transco-85,62,0.960725806451613,0.49720435384964584,0.20241745939728734,0.7949999999999999,0.18532499999999966,0.5,2.705,2026-08-17,2.57,0.6633,In-family,,,False,,Subgroup,0.969228114307673,0.7320588686454516,history=Lower than own-history expected value; peers=Lower than peer-implied value; subgroup peers=4; peer model trusted; history/peer direction agree; pattern=slight weaker than history; historical check type=forward_transition; current month name=August; mark month name=September; current transition=-0.05; transition mean=-0.14; transition delta=+0.08; transition magnitude delta=-0.08; transition degree=slight; transition degree score=0.10; component current-month sd=0.84; component historical month sd=0.31; transition degree scale source=current-month; actual-to-date z=1.38; mark z=4.00; transition z=0.37; pattern years=26,2026-06-17,2026-08-17,True
Transco-Z5 South,Global_G11,11,regular,Global_G11_S01,1,regular,Northeast,Northeast - Demand,3,Global_G11,Global_G11_S01,Transco-Z5 South,GLOBAL,Summer,,Transco Zone 5 South FDt Com,,"Transco, zone 5 del. South",,Transco-Z5 South,62,1.0510483870967742,0.4995564730352859,0.21544743124116217,0.9099999999999997,0.3224655000000007,0.6149999999999998,2.865,2026-08-17,2.605,0.5875,Watch,Watch,W,True,Transco-Z5 South [Watch],Subgroup,0.9575391145301864,2.663185013571126,history=Lower than own-history expected value; peers=moderately below peer-implied value; subgroup peers=4; peer model trusted; peer score v2=2.47 (strong-support); history/peer direction agree; pattern=slight stronger than history; historical check type=forward_transition; current month name=August; mark month name=September; current transition=-0.32; transition mean=-0.18; transition delta=-0.13; transition magnitude delta=+0.13; transition degree=slight; transition degree score=0.16; component current-month sd=0.83; component historical month sd=0.46; transition degree scale source=current-month; actual-to-date z=1.24; mark z=2.67; transition z=-0.45; pattern years=10,2026-06-17,2026-08-17,True
HSC-HPL Pool,Global_G12,12,regular,Global_G12_S01,1,regular,South Central,SouthCentral - TexCoast,3,Global_G12,Global_G12_S01,HSC-HPL Pool,GLOBAL,Summer,HSC-HPL POOL,Houston ShipChl FDt Com,,Houston Ship Channel,,HSC-HPL Pool,62,-0.4500806451612903,0.10981912079132766,0.06003266415067148,-0.43999999999999995,0.08895600000000008,-0.6699999999999999,-0.14000000000000012,2026-08-17,-0.48,-0.3825,In-family,,,False,,Subgroup,0.8970199591169966,0.7898705824838382,history=Higher than own-history expected value; peers=Higher than peer-implied value; subgroup peers=3; peer model trusted; history/peer direction agree; pattern=mild weaker than history; historical check type=forward_transition; current month name=August; mark month name=September; current transition=-0.00; transition mean=-0.05; transition delta=+0.04; transition magnitude delta=-0.04; transition degree=mild; transition degree score=0.73; component current-month sd=0.06; component historical month sd=0.16; transition degree scale source=current-month; actual-to-date z=-1.29; mark z=-0.58; transition z=0.28; pattern years=26,2026-06-17,2026-08-17,True
Katy-Enstor Pool,Global_G12,12,regular,Global_G12_S01,1,regular,South Central,SouthCentral - TexCoast,3,Global_G12,Global_G12_S01,Katy-Enstor Pool,GLOBAL,Summer,,,ICE Katy ENSTOR Pool (excl. Kinder Morgan Texas) FDt Com,Katy,,Katy-Enstor Pool,60,-0.4283533333333335,0.12884547895183468,0.07390644132256344,-0.4003000000000001,0.13803006000000026,-0.6868999999999996,-0.20500000000000007,2026-08-16,-0.3971,-0.3825,In-family,,,False,,Subgroup,0.9525848321676258,0.1446390451814458,history=Higher than own-history expected value; peers=Lower than peer-implied value; subgroup peers=3; peer model trusted; history/peer direction disagree; pattern=mild stronger than history; historical check type=forward_transition; current month name=August; mark month name=September; current transition=-0.08; transition mean=-0.00; transition delta=-0.08; transition magnitude delta=+0.08; transition degree=mild; transition degree score=0.93; component current-month sd=0.09; component historical month sd=0.19; transition degree scale source=current-month; actual-to-date z=-0.60; mark z=-0.96; transition z=-1.25; pattern years=12,2026-06-17,2026-08-17,True
Katy-Lonestar Inter,Global_G12,12,regular,Global_G12_S01,1,regular,South Central,SouthCentral - TexCoast,3,Global_G12,Global_G12_S01,Katy-Lonestar Inter,GLOBAL,Summer,,,ICE Katy Lonestar Interstate FDt Com,,Katy-Enstor Pool,Katy-Lonestar Inter,60,-0.4402483333333334,0.13237653088587312,0.07333487628329156,-0.43489999999999984,0.11742192000000055,-0.6938,-0.2250000000000001,2026-08-16,-0.39349999999999996,,No forward mark,,,False,,OwnHistoryOnly,,0.0,No forward mark,2026-06-17,2026-08-17,False
Katy-Oasis,Global_G12,12,regular,Global_G12_S01,1,regular,South Central,SouthCentral - TexCoast,3,Global_G12,Global_G12_S01,Katy-Oasis,GLOBAL,Summer,,,ICE Katy Oasis Pipeline FDt Com,,Katy-Enstor Pool,Katy-Oasis,60,-0.42779500000000004,0.1290967951459258,0.07234223855975394,-0.4302999999999999,0.11638410000000067,-0.6647999999999996,-0.19810000000000016,2026-08-16,-0.3887999999999998,-0.3825,In-family,,,False,,Subgroup,0.9594290671655842,0.6559848203776204,history=Higher than own-history expected value; peers=Lower than peer-implied value; subgroup peers=3; peer model trusted; history/peer direction disagree; pattern=moderate stronger than history; historical check type=forward_transition; current month name=August; mark month name=September; current transition=-0.09; transition mean=-0.00; transition delta=-0.09; transition magnitude delta=+0.09; transition degree=moderate; transition degree score=1.06; component current-month sd=0.08; component historical month sd=0.18; transition degree scale source=current-month; actual-to-date z=-0.70; mark z=-1.00; transition z=-1.23; pattern years=11,2026-06-17,2026-08-17,True
AB Pool (inter),Global_G13,13,regular,Global_G13_S01,1,supergroup,South Central,SouthCentral - WesTex,3,Global_G13,Global_G13_S01,AB Pool (inter),GLOBAL,Summer,,,,,Waha,AB Pool (inter),60,-1.2422433333333336,0.6405929560793898,0.22100371179092282,-1.0824,0.6634635000000003,-2.7158,-0.4838,2026-08-16,-0.9397999999999997,-0.95,In-family,,,False,,Subgroup,0.9955821677081612,0.1995588302898351,history=Higher than own-history expected value; peers=Lower than peer-implied value; subgroup peers=2; peer model untrusted; pattern=very strong weaker than history; historical check type=forward_transition; current month name=August; mark month name=September; current transition=-0.24; transition mean=-0.53; transition delta=+0.28; transition magnitude delta=-0.28; transition degree=very strong; transition degree score=2.42; component current-month sd=0.12; component historical month sd=1.46; transition degree scale source=current-month; actual-to-date z=1.08; mark z=1.12; transition z=0.26; pattern years=4,2026-06-17,2026-08-17,True
EP-Keystone,Global_G13,13,regular,Global_G13_S01,1,supergroup,South Central,SouthCentral - WesTex,3,Global_G13,Global_G13_S01,EP-Keystone,GLOBAL,Summer,,,ICE El Paso Keystone Pool FDt Com,,,EP-Keystone,60,-1.2601883333333332,0.6435372582399078,0.21946611826439918,-1.0581,0.6347010600000002,-2.6999000000000004,-0.5234999999999999,2026-08-16,-0.9490999999999998,-0.925,In-family,,,False,,Subgroup,0.9943843692427272,0.2097050223927465,history=Higher than own-history expected value; peers=Higher than peer-implied value; subgroup peers=2; peer model untrusted; pattern=mild weaker than history; historical check type=forward_transition; current month name=August; mark month name=September; current transition=-0.20; transition mean=-0.29; transition delta=+0.09; transition magnitude delta=-0.09; transition degree=mild; transition degree score=0.79; component current-month sd=0.12; component historical month sd=1.16; transition degree scale source=current-month; actual-to-date z=0.66; mark z=0.58; transition z=0.10; pattern years=12,2026-06-17,2026-08-17,True
TW-WTX,Global_G13,13,regular,Global_G13_S01,1,supergroup,South Central,Mountain - Panhandle,3,Global_G13,Global_G13_S01,TW-WTX,GLOBAL,Summer,,,ICE Transwestern West Texas Pool FDt Com,,,TW-WTX,60,-1.304973333333333,0.6155289121151968,0.25296398196547537,-1.135,0.6375179999999999,-2.725,-0.5817999999999999,2026-08-16,-1.0299999999999998,,No forward mark,,,False,,OwnHistoryOnly,,0.0,No forward mark,2026-06-17,2026-08-17,False
Atmos Zone 3,Global_G14,14,regular,Global_G14_S01,1,regular,South Central,SouthCentral - TexCoast,3,Global_G14,Global_G14_S01,Atmos Zone 3,GLOBAL,Summer,Waha,,ICE Atmos zone 3 receipts FDt Com,,NGPL-TXOK East,Atmos Zone 3,60,-0.51207,0.17145841448673516,0.08617973538686505,-0.4959,0.20504357999999978,-0.8117000000000001,-0.2461000000000002,2026-08-16,-0.3213999999999997,-0.95,Watch,Watch,W,True,Atmos Zone 3 [Watch],OwnHistoryOnly,,2.2146511487948097,history=slightly below own-history expected value; own z=2.21 watch; pattern=very stronger than history; historical check type=forward_transition; current month name=August; mark month name=September; current transition=-0.63; transition mean=-0.02; transition delta=-0.61; transition magnitude delta=+0.61; transition degree=very strong; transition degree score=7.53; component current-month sd=0.08; component historical month sd=0.19; transition degree scale source=current-month; actual-to-date z=-0.36; mark z=-3.77; transition z=-7.21; pattern years=12,2026-06-17,2026-08-17,True
Nortex-Tolar Hub,Global_G14,14,regular,Global_G14_S01,1,regular,South Central,SouthCentral - TexCoast,3,Global_G14,Global_G14_S01,Nortex-Tolar Hub,GLOBAL,Summer,,,ICE NorTex Tolar Hub FDt Com,,NGPL-TXOK East,Nortex-Tolar Hub,60,-0.46128666666666673,0.15997153397906705,0.07921233964230091,-0.4433,0.19014344999999996,-0.7799999999999998,-0.23439999999999994,2026-08-16,-0.31079999999999997,,No forward mark,,,False,,OwnHistoryOnly,,0.0,No forward mark,2026-06-17,2026-08-17,False
TETCO-ETX,Global_G14,14,regular,Global_G14_S01,1,regular,South Central,SouthCentral - TexCoast,3,Global_G14,Global_G14_S01,TETCO-ETX,GLOBAL,Summer,,TX Eastern E TX FDt Com,,"Texas Eastern, ETX",,TETCO-ETX,62,-0.40306451612903216,0.14886553190415264,0.07420885090009527,-0.3799999999999999,0.16679250000000007,-0.665,-0.16500000000000004,2026-08-17,-0.3099999999999996,,No forward mark,,,False,,OwnHistoryOnly,,0.0,No forward mark,2026-06-17,2026-08-17,False
EP-Waha Pool,Global_G15,15,regular,Global_G15_S01,1,supergroup,South Central,SouthCentral - WesTex,3,Global_G15,Global_G15_S01,EP-Waha Pool,GLOBAL,Summer,,El Paso West Texas FDt Com,ICE El Paso Waha Pool FDt Com,"El Paso, West Texas",,EP-Waha Pool,62,-1.276774193548387,0.650175321106214,0.23961769413852205,-1.0750000000000002,0.6597570000000004,-2.7,-0.5299999999999998,2026-08-17,-0.9549999999999998,-0.925,In-family,,,False,,Subgroup,0.994518107917072,0.2273564357786276,history=Higher than own-history expected value; peers=Higher than peer-implied value; subgroup peers=2; peer model untrusted; pattern=mild weaker than history; historical check type=forward_transition; current month name=August; mark month name=September; current transition=-0.20; transition mean=-0.31; transition delta=+0.11; transition magnitude delta=-0.11; transition degree=mild; transition degree score=0.85; component current-month sd=0.13; component historical month sd=1.25; transition degree scale source=current-month; actual-to-date z=0.67; mark z=0.61; transition z=0.12; pattern years=12,2026-06-17,2026-08-17,True
TW-Panhandle,Global_G15,15,regular,Global_G15_S01,1,supergroup,South Central,Mountain - Panhandle,3,Global_G15,Global_G15_S01,TW-Panhandle,GLOBAL,Summer,,Transwestn Perm FDt Com,ICE Transwestern Panhandle Pool FDt Com,"Transwestern, Permian Basin",Panhandle,TW-Panhandle,62,-1.3078225806451613,0.6232875694539833,0.258905034597419,-1.135,0.6375179999999999,-2.725,-0.5800000000000001,2026-08-17,-1.0299999999999998,,No forward mark,,,False,,OwnHistoryOnly,,0.0,No forward mark,2026-06-17,2026-08-17,False
Waha,Global_G15,15,regular,Global_G15_S01,1,supergroup,South Central,SouthCentral - WesTex,3,Global_G15,Global_G15_S01,Waha,GLOBAL,Summer,WAHA,Waha FDt Com,,Waha,,Waha,62,-1.2762096774193545,0.6447293786606059,0.24128458584443435,-1.1025,0.6486375,-2.7150000000000003,-0.54,2026-08-17,-0.9599999999999997,-0.9375,In-family,,,False,,Subgroup,0.995285265879026,0.2543793721454588,history=Higher than own-history expected value; peers=Lower than peer-implied value; subgroup peers=2; peer model untrusted; pattern=mild weaker than history; historical check type=forward_transition; current month name=August; mark month name=September; current transition=-0.21; transition mean=-0.30; transition delta=+0.09; transition magnitude delta=-0.09; transition degree=mild; transition degree score=0.71; component current-month sd=0.13; component historical month sd=0.92; transition degree scale source=current-month; actual-to-date z=0.61; mark z=0.54; transition z=0.10; pattern years=26,2026-06-17,2026-08-17,True
TETCO-ELA,Global_G16,16,regular,Global_G16_S01,1,regular,South Central,SouthCentral - Perryville,3,Global_G16,Global_G16_S01,TETCO-ELA,GLOBAL,Summer,TETCO-ELA,TX Eastern E LA FDt Com,,"Texas Eastern, ELA",,TETCO-ELA,62,-0.29491935483870974,0.11257235172700009,0.06625057995415805,-0.27749999999999986,0.1000755000000005,-0.5699999999999998,-0.13500000000000023,2026-08-17,-0.27,-0.26,In-family,,,False,,Subgroup,0.9319629634498824,0.1748679746791148,history=Higher than own-history expected value; peers=Higher than peer-implied value; subgroup peers=2; peer model untrusted; pattern=in-line transition; historical check type=forward_transition; current month name=August; mark month name=September; current transition=-0.06; transition mean=-0.07; transition delta=+0.01; transition magnitude delta=-0.01; component current-month sd=0.06; component historical month sd=0.10; transition degree scale source=current-month; actual-to-date z=-0.68; mark z=-0.26; transition z=0.07; pattern years=26,2026-06-17,2026-08-17,True
TETCO-M1 24,Global_G16,16,regular,Global_G16_S01,1,regular,South Central,SouthCentral - Perryville,3,Global_G16,Global_G16_S01,TETCO-M1 24,GLOBAL,Summer,,TX Eastern M-1 24-in FDt Com,,,,TETCO-M1 24,62,-0.30000000000000004,0.12365671678706892,0.07670734250019759,-0.3125,0.12231450000000002,-0.6149999999999998,-0.10000000000000009,2026-08-17,-0.25,,No forward mark,,,False,,OwnHistoryOnly,,0.0,No forward mark,2026-06-17,2026-08-17,False
TETCO-M1 30,Global_G16,16,regular,Global_G16_S01,1,regular,South Central,SouthCentral - Perryville,3,Global_G16,Global_G16_S01,TETCO-M1 30,GLOBAL,Summer,,TX Eastern M-1 30-in (Kosi) FDt Com,,"Texas Eastern, M-1 30-in",,TETCO-M1 30,62,-0.2592741935483871,0.11956837255960327,0.07654465820325772,-0.23750000000000004,0.11860799999999977,-0.5299999999999998,-0.08000000000000007,2026-08-17,-0.19999999999999973,-0.26,In-family,,,False,,Subgroup,0.9456764672144352,0.1897005261027924,history=Lower than own-history expected value; peers=Lower than peer-implied value; subgroup peers=2; peer model untrusted; pattern=slight stronger than history; historical check type=forward_transition; current month name=August; mark month name=September; current transition=-0.11; transition mean=-0.08; transition delta=-0.03; transition magnitude delta=+0.03; transition degree=slight; transition degree score=0.39; component current-month sd=0.06; component historical month sd=0.13; transition degree scale source=current-month; actual-to-date z=0.17; mark z=-0.02; transition z=-0.15; pattern years=25,2026-06-17,2026-08-17,True
GTN-Malin,Global_G17,17,regular,Global_G17_S01,1,small_outlier,West,West - California,3,Global_G17,Global_G17_S01,GTN-Malin,GLOBAL,Summer,,,,,,GTN-Malin,60,-0.8852399999999999,0.8602116992493322,0.1654016629103606,-0.36765000000000003,0.5218010699999996,-2.4920999999999998,0.059699999999999864,2026-08-16,-0.1266999999999996,-0.13,In-family,,,False,,OwnHistoryOnly,,0.4554417644256655,history=Higher than own-history expected value; pattern=moderate weaker than history; historical check type=forward_transition; current month name=August; mark month name=September; current transition=-0.06; transition mean=-0.21; transition delta=+0.15; transition magnitude delta=-0.15; transition degree=moderate; transition degree score=1.23; component current-month sd=0.12; component historical month sd=0.46; transition degree scale source=current-month; actual-to-date z=-0.17; mark z=0.18; transition z=0.22; pattern years=12,2026-06-17,2026-08-17,True
PG&E-Citygate,Global_G17,17,regular,Global_G17_S01,1,small_outlier,West,West - California,3,Global_G17,Global_G17_S01,PG&E-Citygate,GLOBAL,Summer,PG&E-CITYGATE,PG&E CG FDt Com,,PG&E city-gate,,PG&E-Citygate,62,-0.46362903225806457,0.9084909886841804,0.18895238941193854,-0.04500000000000015,0.8747340000000001,-2.2699999999999996,0.5949999999999998,2026-08-17,0.40000000000000036,0.5437,In-family,,,False,,OwnHistoryOnly,,0.6730045933963925,history=Higher than own-history expected value; pattern=opposite transition; historical check type=forward_transition; current month name=August; mark month name=September; current transition=+0.16; transition mean=-0.18; transition delta=+0.34; transition magnitude delta=-0.02; component current-month sd=0.09; component historical month sd=0.69; transition degree scale source=current-month; actual-to-date z=-0.64; mark z=-0.44; transition z=0.43; pattern years=26,2026-06-17,2026-08-17,True
Transco Zn3,Global_G18,18,regular,Global_G18_S01,1,regular,South Central,Southeast,3,Global_G18,Global_G18_S01,Transco Zn3,GLOBAL,Summer,,Transco Zn3 FDt Com,,"Transco, zone 3",,,62,0.3456451612903225,0.15942387018899995,0.12515525877011396,0.3250000000000002,0.12972749999999986,0.0950000000000002,0.7899999999999996,2026-08-17,0.41000000000000014,,No forward mark,,,False,,OwnHistoryOnly,,0.0,No forward mark,2026-06-17,2026-08-17,False
Transco-65,Global_G18,18,regular,Global_G18_S01,1,regular,South Central,Southeast,3,Global_G18,Global_G18_S01,Transco-65,GLOBAL,Summer,TRANSCO-65,Transco Station 65 FDt Com,,"Transco, station 65",,Transco-65,62,0.8025806451612907,0.2060891537451212,0.1449351183274439,0.77,0.12972749999999986,0.46499999999999986,1.3249999999999997,2026-08-17,0.7000000000000002,0.4575,Watch,Watch,W,True,Transco-65 [Watch],OwnHistoryOnly,,2.408895569559271,history=slightly below own-history expected value; own z=2.41 watch; pattern=mild stronger than history; historical check type=forward_transition; current month name=August; mark month name=September; current transition=-0.24; transition mean=-0.13; transition delta=-0.11; transition magnitude delta=+0.11; transition degree=mild; transition degree score=0.59; component current-month sd=0.19; component historical month sd=0.41; transition degree scale source=current-month; actual-to-date z=1.41; mark z=1.86; transition z=-0.77; pattern years=12,2026-06-17,2026-08-17,True
Transco-165,Global_G19,19,regular,Global_G19_S01,1,supergroup,Northeast,Northeast - Demand,3,Global_G19,Global_G19_S01,Transco-165,GLOBAL,Summer,,Transco Station 165 FDt Com,,"Transco, station 165",,Transco-165,62,-0.6733870967741937,0.18390298180296927,0.12159656263116916,-0.645,0.19644450000000008,-0.9649999999999999,-0.2250000000000001,2026-08-17,-0.9649999999999999,-0.9062,In-family,,,False,,OwnHistoryOnly,,1.3296376330210309,history=Lower than own-history expected value,2026-06-17,2026-08-17,True
Transco-Z5 North,Global_G19,19,regular,Global_G19_S01,1,supergroup,Northeast,Northeast - Demand,3,Global_G19,Global_G19_S01,Transco-Z5 North,GLOBAL,Summer,,Transco Zone 5 North FDt Com,,,,Transco-Z5 North,62,-0.6023387096774193,0.18382929925308839,0.13065675843441915,-0.5674999999999999,0.18903150000000024,-0.9099999999999997,-0.0950000000000002,2026-08-17,-0.8899999999999999,0.3475,Strong outlier,Strong outlier,SO,True,Transco-Z5 North [Strong outlier],OwnHistoryOnly,,4.8404630974202645,Strong: own-history |z| alone clears the strong tier (≥4); history=very far above own-history expected value; own z=4.84 (very high); pattern=opposite transition; historical check type=forward_transition; current month name=August; mark month name=September; current transition=+1.02; transition mean=-0.42; transition delta=+1.44; transition magnitude delta=+0.59; component current-month sd=0.20; component historical month sd=0.57; transition degree scale source=current-month; actual-to-date z=-1.67; mark z=1.12; transition z=4.19; pattern years=10,2026-06-17,2026-08-17,True
EP-Plains Pool,Global_OUTLIER,999,outlier,Global_OUTLIER_S01,1,outlier,South Central,SouthCentral - WesTex,3,Global_OUTLIER,Global_OUTLIER_S01,EP-Plains Pool,GLOBAL,Summer,,,ICE El Paso Plains Pool FDt Com,,,EP-Plains Pool,60,-1.1316766666666664,0.6270445455932075,0.2206527428122719,-0.90835,0.5326981799999999,-2.6914,-0.4270999999999998,2026-08-16,-0.8799999999999999,-0.925,In-family,,,False,,OwnHistoryOnly,,0.0312559731290992,history=Lower than own-history expected value; pattern=moderate weaker than history; historical check type=forward_transition; current month name=August; mark month name=September; current transition=-0.28; transition mean=-0.44; transition delta=+0.16; transition magnitude delta=-0.16; transition degree=moderate; transition degree score=1.49; component current-month sd=0.11; component historical month sd=0.82; transition degree scale source=current-month; actual-to-date z=0.54; mark z=0.49; transition z=0.17; pattern years=10,2026-06-17,2026-08-17,True
FGT-CG,Global_OUTLIER,999,outlier,Global_OUTLIER_S02,2,outlier,Southeast,Southeast,3,Global_OUTLIER,Global_OUTLIER_S02,FGT-CG,GLOBAL,Summer,,Florida CG FDt Com,,,FGT-Z3,FGT-CG,62,1.935483870967742,0.6732735721935609,0.28208554393722596,1.7325,0.35953049999999986,1.3349999999999995,4.430000000000001,2026-08-17,4.029999999999999,,No forward mark,,,False,,OwnHistoryOnly,,0.0,No forward mark,2026-06-17,2026-08-17,False
GTN-Kingsgate,Global_OUTLIER,999,outlier,Global_OUTLIER_S03,3,outlier,Rockies,West - California,3,Global_OUTLIER,Global_OUTLIER_S03,GTN-Kingsgate,GLOBAL,Summer,,GTNW Kingsgate FDt Com,,,,GTN-Kingsgate,62,-1.5725000000000005,0.5232596055058123,0.23048286211077804,-1.5825,0.27057449999999983,-2.3850000000000002,-0.2649999999999997,2026-08-17,-1.65,-1.5466,In-family,,,False,,OwnHistoryOnly,,0.1326806480285469,history=Higher than own-history expected value; pattern=opposite transition; historical check type=forward_transition; current month name=August; mark month name=September; current transition=+0.03; transition mean=-0.23; transition delta=+0.26; transition magnitude delta=-0.20; component current-month sd=0.09; component historical month sd=1.19; transition degree scale source=current-month; actual-to-date z=-0.10; mark z=0.09; transition z=0.69; pattern years=26,2026-06-17,2026-08-17,True
GTN-Stanfield,Global_OUTLIER,999,outlier,Global_OUTLIER_S04,4,outlier,West,West - California,3,Global_OUTLIER,Global_OUTLIER_S04,GTN-Stanfield,GLOBAL,Summer,,Stanfield OR FDt Com,,,,GTN-Stanfield,62,-0.9040322580645158,0.8496039765532795,0.16969508173493808,-0.3599999999999999,0.41512799999999966,-2.4299999999999997,0.04499999999999993,2026-08-17,-0.1349999999999998,-0.34,In-family,,,False,,OwnHistoryOnly,,0.048177911391185,history=Higher than own-history expected value; pattern=slight stronger than history; historical check type=forward_transition; current month name=August; mark month name=September; current transition=-0.25; transition mean=-0.20; transition delta=-0.04; transition magnitude delta=+0.04; transition degree=slight; transition degree score=0.41; component current-month sd=0.11; component historical month sd=0.50; transition degree scale source=current-month; actual-to-date z=0.10; mark z=0.07; transition z=-0.07; pattern years=26,2026-06-17,2026-08-17,True
NWP-Sumas,Global_OUTLIER,999,outlier,Global_OUTLIER_S05,5,outlier,West,West - California,3,Global_OUTLIER,Global_OUTLIER_S05,NWP-Sumas,GLOBAL,Summer,NWP-SUMAS,NW Can Bd Sumas FDt Com,,"Northwest, Canadian border (Sumas",,NWP-Sumas,62,-0.949516129032258,0.8737931769755544,0.1426525642894675,-0.375,0.4558994999999998,-2.425,-0.004999999999999893,2026-08-17,-0.1649999999999996,-0.3725,In-family,,,False,,OwnHistoryOnly,,0.0054836647111918,history=Higher than own-history expected value; pattern=mild weaker than history; historical check type=forward_transition; current month name=August; mark month name=September; current transition=-0.21; transition mean=-0.26; transition delta=+0.05; transition magnitude delta=-0.05; transition degree=mild; transition degree score=0.53; component current-month sd=0.10; component historical month sd=0.60; transition degree scale source=current-month; actual-to-date z=0.33; mark z=0.51; transition z=0.08; pattern years=26,2026-06-17,2026-08-17,True
REX-Z3 (receipt) ,Global_OUTLIER,999,outlier,Global_OUTLIER_S06,6,outlier,Northeast,Northeast - Appalachia,3,Global_OUTLIER,Global_OUTLIER_S06,REX-Z3 (receipt) ,GLOBAL,Summer,,,ICE REX zone 3 receipts FDt Com,,TETCO-M2 (receipt),REX-Z3 (receipt) ,60,-0.8087916666666665,0.6502438242277487,0.4592330822640114,-0.6334000000000002,0.21860936999999978,-3.13,-0.2833999999999999,2026-08-16,-0.9020999999999999,,No forward mark,,,False,,OwnHistoryOnly,,0.0,No forward mark,2026-06-17,2026-08-17,False
Transco-Z5,Global_OUTLIER,999,outlier,Global_OUTLIER_S07,7,outlier,Northeast,Northeast - Demand,3,Global_OUTLIER,Global_OUTLIER_S07,Transco-Z5,GLOBAL,Summer,TRANSCO-Z5,Transco Zn5 Dlv FDt Com,,"Transco, zone 5 del",,Transco-Z5,62,0.5220967741935484,0.35646321446695195,0.3057567875203331,0.49249999999999994,0.29281349999999967,-0.125,1.8500000000000005,2026-08-17,1.2200000000000002,0.3475,In-family,,,False,,OwnHistoryOnly,,0.4951957474638297,history=Lower than own-history expected value; pattern=slight stronger than history; historical check type=forward_transition; current month name=August; mark month name=September; current transition=-0.29; transition mean=-0.25; transition delta=-0.04; transition magnitude delta=+0.04; transition degree=slight; transition degree score=0.08; component current-month sd=0.45; component historical month sd=0.35; transition degree scale source=current-month; actual-to-date z=0.88; mark z=1.27; transition z=-0.14; pattern years=26,2026-06-17,2026-08-17,True
