Component,Parent_Group_Label,Parent_Group_Number,Parent_Group_Type,Subgroup_Label,Subgroup_Number,Subgroup_Type,REGION,PriceRegionLabel,Tree_Depth,Tree_Level_1,Tree_Level_2,Tree_Level_3,Scope,Season,Fin Basis Name,Platts Market,Platt Market w/ ICE in the name,Platts Forward Settle,GasDaily,ICE Market,Hist_Count,Hist_Mean,Hist_SD,Hist_Daily_Change_SD,Hist_Median,Hist_Robust_SD,Hist_Min,Hist_Max,History_Last_Date,History_Last_Basis,Final Mark,Mark_Basis,Hist_Effective_Scale,Own_History_Expected_Value,Own_History_Delta,Forward_Z,Forward_Robust_Z,Forward_Abs_Z,Has_Forward_Final_Mark,HistCal_Check_Type,HistCal_Window_Label,HistCal_Actual_Label,HistCal_Current_Month,HistCal_Mark_Month,HistCal_CurrentMTD_Basis,HistCal_CurrentMTD_Z,HistCal_Mark_Mean,HistCal_Mark_Delta,HistCal_Mark_Z,HistCal_Transition,HistCal_Transition_Mean,HistCal_Transition_Delta,HistCal_Transition_Magnitude_Delta,HistCal_Transition_Z,HistCal_Sample_Years,HistCal_Pattern,HistCal_Transition_Degree,HistCal_Transition_Degree_Score,HistCal_Component_CurrentMonth_SD,HistCal_Component_HistoricalMonth_SD,HistCal_Transition_Degree_Scale_Source,Parent_Model_Label,Parent_Group_Size,Parent_Peers_With_Final_Mark,Parent_Selected_Peer_Count,Parent_Selected_Peers,Parent_Avg_Selected_Corr,Parent_Min_Selected_Corr,Parent_Max_Selected_Corr,Parent_Mean_Pair_Scale,Parent_Reliability,Parent_Peer_Implied_Final_Mark,Parent_Peer_Residual,Parent_Peer_Residual_Z,Subgroup_Model_Label,Subgroup_Group_Size,Subgroup_Peers_With_Final_Mark,Subgroup_Selected_Peer_Count,Subgroup_Selected_Peers,Subgroup_Avg_Selected_Corr,Subgroup_Min_Selected_Corr,Subgroup_Max_Selected_Corr,Subgroup_Mean_Pair_Scale,Subgroup_Reliability,Subgroup_Peer_Implied_Final_Mark,Subgroup_Peer_Residual,Subgroup_Peer_Residual_Z,Chosen_Group_Level,Chosen_Group_Label,Chosen_Group_Selected_Peer_Count,Chosen_Group_Selected_Peers,Chosen_Group_Reliability,Chosen_Group_Peer_Implied_Final_Mark,Chosen_Group_Peer_Residual,Chosen_Group_Mean_Pair_Scale,Chosen_Group_Peer_Residual_Z,Chosen_Group_Peer_Signal,Own_History_Direction,Chosen_Group_Peer_Direction,Chosen_Group_Peer_Trusted,Chosen_Group_Direction_Agree,Chosen_Group_Peer_Score_v2,Own_History_Range_Watch_Low,Own_History_Range_Watch_High,Own_History_Range_Outlier_Low,Own_History_Range_Outlier_High,Own_History_Range_Strong_Low,Own_History_Range_Strong_High,Chosen_Group_Peer_Watch_Threshold_Z,Chosen_Group_Peer_Outlier_Threshold_Z,Chosen_Group_Peer_Strong_Threshold_Z,Chosen_Group_Peer_Range_Watch_Low,Chosen_Group_Peer_Range_Watch_High,Chosen_Group_Peer_Range_Outlier_Low,Chosen_Group_Peer_Range_Outlier_High,Chosen_Group_Peer_Range_Strong_Low,Chosen_Group_Peer_Range_Strong_High,Overall_Combined_Score,Group_Outlier_Flag,Outlier_Reasons,Plot_Flag_Label,Plot_Flag_Short,Plot_Annotate,Plot_Label_Text,Plot_Flag_Priority
Eastern Gas-North,Global_G01,1,regular,Global_G01_S01,1,regular,Northeast,Northeast - Appalachia,3,Global_G01,Global_G01_S01,Eastern Gas-North,GLOBAL,Autumn,,Eastern Gas North FDt Com,,,,Eastern Gas-North,63,-0.905726984126984,0.21999062825078966,0.09916434958416531,-0.9099999999999999,0.2520419999999999,-1.36,-0.41500000000000004,2026-09-03,-1.1258,,,0.2520419999999999,-0.9099999999999999,,,,,False,balmo_transition,September 4-30,September 3,September,September,-1.1258,,,,,,,,,,21,,,,,,,Global_G01,21,3,19,Leidy-Transco | Millennium-Ramapo | TCO | TGP-Z4 Sta-219 | TGP-Z4 Sta-313 | TETCO-M3 | TGP-Mahwah | Transco-Z6 (non-NY north) | Transco-Z6 (non-NY south) | Transco-Z6 Sta-210 | Millennium East Pool | TGP-Z4 300L | TGP-Z4 Marcellus | Transco-165 | Transco-Z5 North | Transco-Z6 (NY) | Eastern Gas-South | TETCO-M2 (receipt) | Rover (receipt),0.9670972430322171,0.9339491221066508,0.9931214299920476,0.06263606001590696,0.9670972430322171,-1.3119711721674434,,,Global_G01 | Global_G01_S01,6,1,5,Leidy-Transco | Millennium-Ramapo | TCO | TGP-Z4 Sta-219 | TGP-Z4 Sta-313,0.9637908034118009,0.9474731592171909,0.9806472785714742,0.06198052418424685,0.9637908034118009,-1.3244999999999998,,,OwnHistoryOnly,,0,,,,,,,,,,False,False,0.0,-1.4140839999999997,-0.40591600000000017,-1.6661259999999996,-0.1538740000000003,-1.9181679999999994,0.09816799999999959,,,,,,,,,,0.0,No forward mark,No forward mark,,,False,,-1
Leidy-Transco,Global_G01,1,regular,Global_G01_S01,1,regular,Northeast,Northeast - Appalachia,3,Global_G01,Global_G01_S01,Leidy-Transco,GLOBAL,Autumn,LEIDY-TRANSCO,Transco Leidy Line receipts FDt Com,,"Transco, Leidy Line receipts",,Leidy-Transco,63,-0.841722222222222,0.24123440577675884,0.11365111155921978,-0.8699999999999999,0.2446289999999997,-1.3,-0.2749999999999999,2026-09-03,-1.0334999999999999,,,0.2446289999999997,-0.8699999999999999,,,,,False,balmo_transition,September 4-30,September 3,September,September,-1.0334999999999999,,,,,,,,,,13,,,,,,,Global_G01,21,3,19,Eastern Gas-North | Millennium-Ramapo | TCO | TGP-Z4 Sta-219 | TGP-Z4 Sta-313 | TETCO-M3 | TGP-Mahwah | Transco-Z6 (non-NY north) | Transco-Z6 (non-NY south) | Transco-Z6 Sta-210 | Millennium East Pool | TGP-Z4 300L | TGP-Z4 Marcellus | Transco-165 | Transco-Z5 North | Transco-Z6 (NY) | Eastern Gas-South | TETCO-M2 (receipt) | Rover (receipt),0.9721044339868712,0.9255548727312173,0.9894698793099456,0.0489936141886416,0.9721044339868712,-1.260147581806562,,,Global_G01 | Global_G01_S01,6,1,5,Eastern Gas-North | Millennium-Ramapo | TCO | TGP-Z4 Sta-219 | TGP-Z4 Sta-313,0.9643611980083197,0.9389544057516405,0.9846151600679567,0.06921506993898845,0.9643611980083197,-1.2844999999999998,,,OwnHistoryOnly,,0,,,,,,,,,,False,False,0.0,-1.3592579999999992,-0.38074200000000047,-1.603886999999999,-0.13611300000000082,-1.8485159999999987,0.10851599999999895,,,,,,,,,,0.0,No forward mark,No forward mark,,,False,,-1
Millennium-Ramapo,Global_G01,1,regular,Global_G01_S01,1,regular,Northeast,Northeast - Demand,3,Global_G01,Global_G01_S01,Millennium-Ramapo,GLOBAL,Autumn,,,,,TETCO-M3,Millennium-Ramapo,63,-0.8328698412698411,0.2400234199829195,0.11220593570250492,-0.8224,0.2428498799999999,-1.2561,-0.25039999999999996,2026-09-03,-1.0408,,,0.2428498799999999,-0.8224,,,,,False,balmo_transition,September 4-30,September 3,September,September,-1.0408,,,,,,,,,,8,,,,,,,Global_G01,21,3,19,Eastern Gas-North | Leidy-Transco | TCO | TGP-Z4 Sta-219 | TGP-Z4 Sta-313 | TETCO-M3 | TGP-Mahwah | Transco-Z6 (non-NY north) | Transco-Z6 (non-NY south) | Transco-Z6 Sta-210 | Millennium East Pool | TGP-Z4 300L | TGP-Z4 Marcellus | Transco-165 | Transco-Z5 North | Transco-Z6 (NY) | Eastern Gas-South | TETCO-M2 (receipt) | Rover (receipt),0.9713673004836243,0.9245881485639649,0.994682907512726,0.054678198174158886,0.9713673004836243,-1.2421727301383896,,,Global_G01 | Global_G01_S01,6,1,5,Eastern Gas-North | Leidy-Transco | TCO | TGP-Z4 Sta-219 | TGP-Z4 Sta-313,0.9568215833505669,0.9245881485639649,0.9846151600679567,0.07850399970292443,0.9568215833505669,-1.2418999999999998,,,OwnHistoryOnly,,0,,,,,,,,,,False,False,0.0,-1.3080997599999997,-0.3367002400000002,-1.5509496399999998,-0.09385036000000024,-1.7937995199999996,0.1489995199999996,,,,,,,,,,0.0,No forward mark,No forward mark,,,False,,-1
TCO,Global_G01,1,regular,Global_G01_S01,1,regular,Northeast,Northeast - Appalachia,3,Global_G01,Global_G01_S01,TCO,GLOBAL,Autumn,TCO,Col Gas Appal FDt Com,,"Columbia Gas, App.",,TCO,63,-0.7669555555555556,0.22574083468536307,0.07793230977878414,-0.76,0.2446289999999997,-1.2249999999999999,-0.31000000000000005,2026-09-03,-1.0781999999999998,-1.1794999999999998,Bid+Ask,0.2446289999999997,-0.76,-0.41949999999999976,-1.827513595488594,-1.7148416581844355,1.7148416581844355,True,balmo_transition,September 4-30,September 3,September,September,-1.0781999999999998,-1.234269778065685,-0.7419149136970643,-0.43758508630293547,-1.0120485928233003,-0.10129999999999995,-0.10348403519417468,0.0021840351941747327,-0.0021840351941747327,0.017699592298087975,26,in-line transition,,,0.024666036027974375,0.47985987465045066,current-month,Global_G01,21,2,19,Eastern Gas-North | Leidy-Transco | Millennium-Ramapo | TGP-Z4 Sta-219 | TGP-Z4 Sta-313 | TETCO-M3 | TGP-Mahwah | Transco-Z6 (non-NY north) | Transco-Z6 (non-NY south) | Transco-Z6 Sta-210 | Millennium East Pool | TGP-Z4 300L | TGP-Z4 Marcellus | Transco-165 | Transco-Z5 North | Transco-Z6 (NY) | Eastern Gas-South | TETCO-M2 (receipt) | Rover (receipt),0.9411708345307457,0.9079442847454912,0.9741771846705429,0.09303405413030136,0.9411708345307457,-1.1809879666991683,0.0014879666991686345,-0.024054134578341123,Global_G01 | Global_G01_S01,6,0,5,Eastern Gas-North | Leidy-Transco | Millennium-Ramapo | TGP-Z4 Sta-219 | TGP-Z4 Sta-313,0.9467022549824907,0.9245881485639648,0.9741771846705429,0.07648520122151195,0.9467022549824907,,,,Parent,Global_G01,19,Eastern Gas-North | Leidy-Transco | Millennium-Ramapo | TGP-Z4 Sta-219 | TGP-Z4 Sta-313 | TETCO-M3 | TGP-Mahwah | Transco-Z6 (non-NY north) | Transco-Z6 (non-NY south) | Transco-Z6 Sta-210 | Millennium East Pool | TGP-Z4 300L | TGP-Z4 Marcellus | Transco-165 | Transco-Z5 North | Transco-Z6 (NY) | Eastern Gas-South | TETCO-M2 (receipt) | Rover (receipt),0.9411708345307457,-1.1809879666991683,0.0014879666991686345,0.09303405413030136,-0.024054134578341123,0.022639049915012182,Lower than own-history expected value,Higher than peer-implied value,True,False,0.023335868387130684,-1.2492579999999993,-0.2707420000000006,-1.493886999999999,-0.02611300000000094,-1.7385159999999988,0.21851599999999882,1.288474365903957,2.576948731807914,2.0615589854463314,-1.3008599606021827,-1.0611159727961539,-1.420731954505197,-0.9412439788931394,-1.3727831569439914,-0.9891927764543451,1.7150004301451722,In-family,history=Lower than own-history expected value; peers=Higher than peer-implied value; parent peers=19; peer model trusted; history/peer direction disagree; pattern=in-line transition; historical check type=balmo_transition; historical window=September 4-30; actual point=September 3; current month name=September; mark month name=September; mark history mean=-0.74; mark history delta=-0.44; current transition=-0.10; transition mean=-0.10; transition delta=+0.00; transition magnitude delta=-0.00; component current-month sd=0.02; component historical month sd=0.48; transition degree scale source=current-month; actual-to-date z=-1.23; mark z=-1.01; transition z=0.02; pattern years=26,,,False,,0
TGP-Z4 Sta-219,Global_G01,1,regular,Global_G01_S01,1,regular,Northeast,Northeast - Appalachia,3,Global_G01,Global_G01_S01,TGP-Z4 Sta-219,GLOBAL,Autumn,,Tennessee Gas Pipeline Zone 4-200 leg FDt Com,ICE Tennessee zone 4 station 219 Pool FDt Com,,,TGP-Z4 Sta-219,63,-0.7533428571428571,0.2513639680303506,0.10843696729067218,-0.675,0.28169399999999956,-1.185,-0.27,2026-09-03,-1.0856,,,0.28169399999999956,-0.675,,,,,False,balmo_transition,September 4-30,September 3,September,September,-1.0856,,,,,,,,,,13,,,,,,,Global_G01,21,3,19,Eastern Gas-North | Leidy-Transco | Millennium-Ramapo | TCO | TGP-Z4 Sta-313 | TETCO-M3 | TGP-Mahwah | Transco-Z6 (non-NY north) | Transco-Z6 (non-NY south) | Transco-Z6 Sta-210 | Millennium East Pool | TGP-Z4 300L | TGP-Z4 Marcellus | Transco-165 | Transco-Z5 North | Transco-Z6 (NY) | Eastern Gas-South | TETCO-M2 (receipt) | Rover (receipt),0.9587595993350595,0.9438542450956664,0.9768144011552762,0.07225408382399395,0.9587595993350595,-1.1722093372969504,,,Global_G01 | Global_G01_S01,6,1,5,Eastern Gas-North | Leidy-Transco | Millennium-Ramapo | TCO | TGP-Z4 Sta-313,0.9540993035951271,0.9438542450956664,0.9768144011552762,0.07332298731188788,0.9540993035951271,-1.1744999999999999,,,OwnHistoryOnly,,0,,,,,,,,,,False,False,0.0,-1.2383879999999992,-0.11161200000000093,-1.5200819999999986,0.17008199999999862,-1.8017759999999983,0.4517759999999982,,,,,,,,,,0.0,No forward mark,No forward mark,,,False,,-1
TGP-Z4 Sta-313,Global_G01,1,regular,Global_G01_S01,1,regular,Northeast,Northeast - Appalachia,3,Global_G01,Global_G01_S01,TGP-Z4 Sta-313,GLOBAL,Autumn,,Tennessee Zone 4-313 Pool FDt Com,,"Tennessee, zone 4-313 Pool",,TGP-Z4 Sta-313,63,-0.8056952380952379,0.23277255923282106,0.09024768175052031,-0.77,0.23721599999999954,-1.23,-0.3650000000000002,2026-09-03,-1.0937999999999999,,,0.23721599999999954,-0.77,,,,,False,balmo_transition,September 4-30,September 3,September,September,-1.0937999999999999,,,,,,,,,,12,,,,,,,Global_G01,21,3,19,Eastern Gas-North | Leidy-Transco | Millennium-Ramapo | TCO | TGP-Z4 Sta-219 | TETCO-M3 | TGP-Mahwah | Transco-Z6 (non-NY north) | Transco-Z6 (non-NY south) | Transco-Z6 Sta-210 | Millennium East Pool | TGP-Z4 300L | TGP-Z4 Marcellus | Transco-165 | Transco-Z5 North | Transco-Z6 (NY) | Eastern Gas-South | TETCO-M2 (receipt) | Rover (receipt),0.9660981635558377,0.9420016024229529,0.9799894006834495,0.06124392464312968,0.9660981635558377,-1.2104741991576182,,,Global_G01 | Global_G01_S01,6,1,5,Eastern Gas-North | Leidy-Transco | Millennium-Ramapo | TCO | TGP-Z4 Sta-219,0.9704058965992729,0.957897921045806,0.9768144011552763,0.06094765546784442,0.9704058965992729,-1.2094999999999996,,,OwnHistoryOnly,,0,,,,,,,,,,False,False,0.0,-1.244431999999999,-0.29556800000000094,-1.4816479999999985,-0.0583520000000014,-1.7188639999999982,0.17886399999999814,,,,,,,,,,0.0,No forward mark,No forward mark,,,False,,-1
TETCO-M3,Global_G01,1,regular,Global_G01_S02,2,supergroup,Northeast,Northeast - Demand,3,Global_G01,Global_G01_S02,TETCO-M3,GLOBAL,Autumn,TETCO-M3,TX Eastern M-3 FDt Com,,"Texas Eastern, M-3",,TETCO-M3,63,-0.7735285714285716,0.2420645704502852,0.10769216058568472,-0.77,0.2520419999999999,-1.2049999999999998,-0.19499999999999984,2026-09-03,-0.9972999999999999,,,0.2520419999999999,-0.77,,,,,False,balmo_transition,September 4-30,September 3,September,September,-0.9972999999999999,,,,,,,,,,26,,,,,,,Global_G01,21,3,19,Eastern Gas-North | Leidy-Transco | Millennium-Ramapo | TCO | TGP-Z4 Sta-219 | TGP-Z4 Sta-313 | TGP-Mahwah | Transco-Z6 (non-NY north) | Transco-Z6 (non-NY south) | Transco-Z6 Sta-210 | Millennium East Pool | TGP-Z4 300L | TGP-Z4 Marcellus | Transco-165 | Transco-Z5 North | Transco-Z6 (NY) | Eastern Gas-South | TETCO-M2 (receipt) | Rover (receipt),0.9760552346129314,0.934911798733689,0.9939824885953725,0.05071923198226252,0.9760552346129314,-1.1871508986397128,,,Global_G01 | Global_G01_S02,5,0,4,TGP-Mahwah | Transco-Z6 (non-NY north) | Transco-Z6 (non-NY south) | Transco-Z6 Sta-210,0.9924790881617017,0.9887141267692615,0.9939824885953725,0.027807865950122634,0.9924790881617017,,,,OwnHistoryOnly,,0,,,,,,,,,,False,False,0.0,-1.2740839999999998,-0.26591600000000026,-1.5261259999999996,-0.013874000000000386,-1.7781679999999995,0.2381679999999995,,,,,,,,,,0.0,No forward mark,No forward mark,,,False,,-1
TGP-Mahwah,Global_G01,1,regular,Global_G01_S02,2,supergroup,Northeast,Northeast - Demand,3,Global_G01,Global_G01_S02,TGP-Mahwah,GLOBAL,Autumn,,,,,TETCO-M3,TGP-Mahwah,63,-0.8408666666666665,0.2537302097796766,0.11487946691911158,-0.8174999999999999,0.25560024000000015,-1.2592999999999999,-0.24429999999999996,2026-09-03,-1.0346,,,0.25560024000000015,-0.8174999999999999,,,,,False,balmo_transition,September 4-30,September 3,September,September,-1.0346,,,,,,,,,,8,,,,,,,Global_G01,21,3,19,Eastern Gas-North | Leidy-Transco | Millennium-Ramapo | TCO | TGP-Z4 Sta-219 | TGP-Z4 Sta-313 | TETCO-M3 | Transco-Z6 (non-NY north) | Transco-Z6 (non-NY south) | Transco-Z6 Sta-210 | Millennium East Pool | TGP-Z4 300L | TGP-Z4 Marcellus | Transco-165 | Transco-Z5 North | Transco-Z6 (NY) | Eastern Gas-South | TETCO-M2 (receipt) | Rover (receipt),0.9723155963721022,0.9427439217785358,0.994682907512726,0.05357873377497824,0.9723155963721022,-1.2461744953493907,,,Global_G01 | Global_G01_S02,5,0,4,TETCO-M3 | Transco-Z6 (non-NY north) | Transco-Z6 (non-NY south) | Transco-Z6 Sta-210,0.9812528183037406,0.9784783140299159,0.9887141267692617,0.03565512988108323,0.9812528183037406,,,,OwnHistoryOnly,,0,,,,,,,,,,False,False,0.0,-1.3287004800000002,-0.3062995199999996,-1.5843007200000003,-0.05069927999999946,-1.8399009600000005,0.2049009600000007,,,,,,,,,,0.0,No forward mark,No forward mark,,,False,,-1
Transco-Z6 (non-NY north),Global_G01,1,regular,Global_G01_S02,2,supergroup,Northeast,Northeast - Demand,3,Global_G01,Global_G01_S02,Transco-Z6 (non-NY north),GLOBAL,Autumn,TRANSCO-Z6 (NON-NY NORTH),Transco Zone 6 Non-NY North FDt Com,,"Transco, zone 6 non-N.Y. North",,Transco-Z6 (non-NY north),62,-0.8046774193548388,0.2478015979382943,0.11754257454472014,-0.83,0.28910699999999956,-1.28,-0.22999999999999998,2026-09-02,-0.9849999999999999,,,0.28910699999999956,-0.83,,,,,False,balmo_transition,September 4-30,September 3,September,September,-0.9849999999999999,,,,,,,,,,11,,,,,,,Global_G01,21,3,19,Eastern Gas-North | Leidy-Transco | Millennium-Ramapo | TCO | TGP-Z4 Sta-219 | TGP-Z4 Sta-313 | TETCO-M3 | TGP-Mahwah | Transco-Z6 (non-NY south) | Transco-Z6 Sta-210 | Millennium East Pool | TGP-Z4 300L | TGP-Z4 Marcellus | Transco-165 | Transco-Z5 North | Transco-Z6 (NY) | Eastern Gas-South | TETCO-M2 (receipt) | Rover (receipt),0.9734150258666073,0.9246694162488889,0.999990480504554,0.04726915738272258,0.9734150258666073,-1.2212283971098716,,,Global_G01 | Global_G01_S02,5,0,4,TETCO-M3 | TGP-Mahwah | Transco-Z6 (non-NY south) | Transco-Z6 Sta-210,0.9931376113144663,0.9788053830208803,0.999990480504554,0.01877773949642409,0.9931376113144663,,,,OwnHistoryOnly,,0,,,,,,,,,,False,False,0.0,-1.4082139999999992,-0.25178600000000084,-1.6973209999999987,0.037320999999998716,-1.9864279999999983,0.3264279999999983,,,,,,,,,,0.0,No forward mark,No forward mark,,,False,,-1
Transco-Z6 (non-NY south),Global_G01,1,regular,Global_G01_S02,2,supergroup,Northeast,Northeast - Demand,3,Global_G01,Global_G01_S02,Transco-Z6 (non-NY south),GLOBAL,Autumn,TRANSCO-Z6 (NON-NY NORTH),Transco Zn6 non-N.Y. FDt Com,ICE Transco zone 6 non-NY South FDt Com,,Transco-Z6 (non-NY north),Transco-Z6 (non-NY south),62,-0.8044354838709677,0.24776890481992217,0.11740779430657244,-0.8275,0.28540049999999967,-1.28,-0.22999999999999998,2026-09-02,-0.9849999999999999,,,0.28540049999999967,-0.8275,,,,,False,balmo_transition,September 4-30,September 3,September,September,-0.9849999999999999,,,,,,,,,,26,,,,,,,Global_G01,21,3,19,Eastern Gas-North | Leidy-Transco | Millennium-Ramapo | TCO | TGP-Z4 Sta-219 | TGP-Z4 Sta-313 | TETCO-M3 | TGP-Mahwah | Transco-Z6 (non-NY north) | Transco-Z6 Sta-210 | Millennium East Pool | TGP-Z4 300L | TGP-Z4 Marcellus | Transco-165 | Transco-Z5 North | Transco-Z6 (NY) | Eastern Gas-South | TETCO-M2 (receipt) | Rover (receipt),0.9735910914501269,0.924800001461211,0.999990480504554,0.047284576940763365,0.9735910914501269,-1.221228511753198,,,Global_G01 | Global_G01_S02,5,0,4,TETCO-M3 | TGP-Mahwah | Transco-Z6 (non-NY north) | Transco-Z6 Sta-210,0.9932179400954795,0.9790134493949046,0.999990480504554,0.018835322647927092,0.9932179400954795,,,,OwnHistoryOnly,,0,,,,,,,,,,False,False,0.0,-1.3983009999999994,-0.2566990000000007,-1.6837014999999989,0.028701499999998936,-1.9691019999999986,0.31410199999999866,,,,,,,,,,0.0,No forward mark,No forward mark,,,False,,-1
Transco-Z6 Sta-210,Global_G01,1,regular,Global_G01_S02,2,supergroup,Northeast,Northeast - Demand,3,Global_G01,Global_G01_S02,Transco-Z6 Sta-210,GLOBAL,Autumn,,,ICE Transco zone 6 station 210 Pool FDt Com,,Transco-Z6 (non-NY north),Transco-Z6 Sta-210,63,-0.8062952380952381,0.24952378025439256,0.11834273371420327,-0.8392,0.28792091999999986,-1.2819,-0.2153999999999998,2026-09-03,-0.9986999999999999,,,0.28792091999999986,-0.8392,,,,,False,balmo_transition,September 4-30,September 3,September,September,-0.9986999999999999,,,,,,,,,,9,,,,,,,Global_G01,21,3,19,Eastern Gas-North | Leidy-Transco | Millennium-Ramapo | TCO | TGP-Z4 Sta-219 | TGP-Z4 Sta-313 | TETCO-M3 | TGP-Mahwah | Transco-Z6 (non-NY north) | Transco-Z6 (non-NY south) | Millennium East Pool | TGP-Z4 300L | TGP-Z4 Marcellus | Transco-165 | Transco-Z5 North | Transco-Z6 (NY) | Eastern Gas-South | TETCO-M2 (receipt) | Rover (receipt),0.9725821640091844,0.9213924540282457,0.9999029016233093,0.048015814542949155,0.9725821640091844,-1.2183022175346667,,,Global_G01 | Global_G01_S02,5,0,4,TETCO-M3 | TGP-Mahwah | Transco-Z6 (non-NY north) | Transco-Z6 (non-NY south),0.9929086536783409,0.9784783140299159,0.9999029016233093,0.019387715795688164,0.9929086536783409,,,,OwnHistoryOnly,,0,,,,,,,,,,False,False,0.0,-1.4150418399999998,-0.26335816000000023,-1.7029627599999995,0.024562759999999573,-1.9908836799999994,0.3124836799999995,,,,,,,,,,0.0,No forward mark,No forward mark,,,False,,-1
Millennium East Pool,Global_G01,1,regular,Global_G01_S03,3,supergroup,Northeast,Northeast - Appalachia,3,Global_G01,Global_G01_S03,Millennium East Pool,GLOBAL,Autumn,MILLENNIUM EAST POOL,Millennium East receipts FDt Com,,"Millennium, East receipts",,Millennium East Pool,63,-0.8742190476190476,0.23383052234411889,0.10734980042356071,-0.8899999999999999,0.214977,-1.325,-0.3700000000000001,2026-09-03,-1.0908,,,0.214977,-0.8899999999999999,,,,,False,balmo_transition,September 4-30,September 3,September,September,-1.0908,,,,,,,,,,13,,,,,,,Global_G01,21,3,19,Eastern Gas-North | Leidy-Transco | Millennium-Ramapo | TCO | TGP-Z4 Sta-219 | TGP-Z4 Sta-313 | TETCO-M3 | TGP-Mahwah | Transco-Z6 (non-NY north) | Transco-Z6 (non-NY south) | Transco-Z6 Sta-210 | TGP-Z4 300L | TGP-Z4 Marcellus | Transco-165 | Transco-Z5 North | Transco-Z6 (NY) | Eastern Gas-South | TETCO-M2 (receipt) | Rover (receipt),0.9707796231009871,0.9293897241427368,0.9894698793099456,0.054351794968532555,0.9707796231009871,-1.2953429245818806,,,Global_G01 | Global_G01_S03,3,0,2,TGP-Z4 300L | TGP-Z4 Marcellus,0.9753101525823168,0.9745541325358151,0.9760661726288185,0.05930400000000021,0.9753101525823168,,,,OwnHistoryOnly,,0,,,,,,,,,,False,False,0.0,-1.3199539999999998,-0.4600459999999999,-1.5349309999999998,-0.24506899999999987,-1.749908,-0.030091999999999897,,,,,,,,,,0.0,No forward mark,No forward mark,,,False,,-1
TGP-Z4 300L,Global_G01,1,regular,Global_G01_S03,3,supergroup,Northeast,Northeast - Appalachia,3,Global_G01,Global_G01_S03,TGP-Z4 300L,GLOBAL,Autumn,,Tennessee zone 4-300 leg FDt Com,,"Tennessee, zone 4-300 leg",,,62,-0.9372580645161289,0.255861895092112,0.10741224655681728,-0.9175000000000001,0.25574849999999966,-1.36,-0.3799999999999999,2026-09-02,-1.1849999999999998,,,0.25574849999999966,-0.9175000000000001,,,,,False,balmo_transition,September 4-30,September 3,September,September,-1.1849999999999998,,,,,,,,,,19,,,,,,,Global_G01,21,3,18,Eastern Gas-North | Leidy-Transco | Millennium-Ramapo | TCO | TGP-Z4 Sta-219 | TGP-Z4 Sta-313 | TETCO-M3 | TGP-Mahwah | Transco-Z6 (non-NY north) | Transco-Z6 (non-NY south) | Transco-Z6 Sta-210 | Millennium East Pool | Transco-165 | Transco-Z5 North | Transco-Z6 (NY) | Eastern Gas-South | TETCO-M2 (receipt) | Rover (receipt),0.9612982444239518,0.9348793300829166,0.9796902420052309,0.06304576238989677,0.9612982444239518,-1.351297390034817,,,Global_G01 | Global_G01_S03,3,0,1,Millennium East Pool,0.9760661726288185,0.9760661726288185,0.9760661726288185,0.05930400000000005,0.9760661726288185,,,,OwnHistoryOnly,,0,,,,,,,,,,False,False,0.0,-1.4289969999999994,-0.4060030000000008,-1.6847454999999991,-0.15025450000000118,-1.9404939999999988,0.10549399999999853,,,,,,,,,,0.0,No forward mark,No forward mark,,,False,,-1
TGP-Z4 Marcellus,Global_G01,1,regular,Global_G01_S03,3,supergroup,Northeast,Northeast - Appalachia,3,Global_G01,Global_G01_S03,TGP-Z4 Marcellus,GLOBAL,Autumn,,Tennessee zone 4-300 leg FDt Com,,"Tennessee, zone 4-300 leg",,TGP-Z4 Marcellus,63,-0.9431873015873015,0.2581167099689243,0.10762129167594549,-0.925,0.2594549999999997,-1.36,-0.3799999999999999,2026-09-03,-1.3108,,,0.2594549999999997,-0.925,,,,,False,balmo_transition,September 4-30,September 3,September,September,-1.3108,,,,,,,,,,19,,,,,,,Global_G01,21,3,18,Eastern Gas-North | Leidy-Transco | Millennium-Ramapo | TCO | TGP-Z4 Sta-219 | TGP-Z4 Sta-313 | TETCO-M3 | TGP-Mahwah | Transco-Z6 (non-NY north) | Transco-Z6 (non-NY south) | Transco-Z6 Sta-210 | Millennium East Pool | Transco-165 | Transco-Z5 North | Transco-Z6 (NY) | Eastern Gas-South | TETCO-M2 (receipt) | Rover (receipt),0.9602699963726796,0.9329070313464285,0.9799894006834494,0.06527249258034945,0.9602699963726796,-1.3521371219344989,,,Global_G01 | Global_G01_S03,3,0,1,Millennium East Pool,0.9745541325358151,0.9745541325358151,0.9745541325358151,0.05930400000000038,0.9745541325358151,,,,OwnHistoryOnly,,0,,,,,,,,,,False,False,0.0,-1.4439099999999994,-0.4060900000000006,-1.7033649999999991,-0.14663500000000096,-1.962819999999999,0.11281999999999881,,,,,,,,,,0.0,No forward mark,No forward mark,,,False,,-1
Transco-165,Global_G01,1,regular,Global_G01_S04,4,regular,Northeast,Northeast - Demand,3,Global_G01,Global_G01_S04,Transco-165,GLOBAL,Autumn,,Transco Station 165 FDt Com,,"Transco, station 165",,Transco-165,63,-0.7839476190476191,0.2526313748662668,0.11370393179786249,-0.7949999999999999,0.2520419999999999,-1.295,-0.2250000000000001,2026-09-03,-0.9586999999999999,,,0.2520419999999999,-0.7949999999999999,,,,,False,balmo_transition,September 4-30,September 3,September,September,-0.9586999999999999,,,,,,,,,,2,,,,,,,Global_G01,21,3,19,Eastern Gas-North | Leidy-Transco | Millennium-Ramapo | TCO | TGP-Z4 Sta-219 | TGP-Z4 Sta-313 | TETCO-M3 | TGP-Mahwah | Transco-Z6 (non-NY north) | Transco-Z6 (non-NY south) | Transco-Z6 Sta-210 | Millennium East Pool | TGP-Z4 300L | TGP-Z4 Marcellus | Transco-Z5 North | Transco-Z6 (NY) | Eastern Gas-South | TETCO-M2 (receipt) | Rover (receipt),0.975728958545333,0.9389167130348166,0.9921685257087682,0.05193632636757788,0.975728958545333,-1.202004421331364,,,Global_G01 | Global_G01_S04,3,0,2,Transco-Z5 North | Transco-Z6 (NY),0.9876299035902463,0.9832276433656971,0.9920321638147954,0.03703195730361537,0.9876299035902463,,,,OwnHistoryOnly,,0,,,,,,,,,,False,False,0.0,-1.2990839999999997,-0.2909160000000002,-1.5511259999999996,-0.0388740000000003,-1.8031679999999994,0.21316799999999958,,,,,,,,,,0.0,No forward mark,No forward mark,,,False,,-1
Transco-Z5 North,Global_G01,1,regular,Global_G01_S04,4,regular,Northeast,Northeast - Demand,3,Global_G01,Global_G01_S04,Transco-Z5 North,GLOBAL,Autumn,,Transco Zone 5 North FDt Com,,,,Transco-Z5 North,63,-0.7081079365079366,0.24991453719969522,0.12215851727221892,-0.6950000000000001,0.2446289999999997,-1.2049999999999998,-0.0950000000000002,2026-09-03,-0.9458,,,0.2446289999999997,-0.6950000000000001,,,,,False,balmo_transition,September 4-30,September 3,September,September,-0.9458,,,,,,,,,,10,,,,,,,Global_G01,21,3,19,Eastern Gas-North | Leidy-Transco | Millennium-Ramapo | TCO | TGP-Z4 Sta-219 | TGP-Z4 Sta-313 | TETCO-M3 | TGP-Mahwah | Transco-Z6 (non-NY north) | Transco-Z6 (non-NY south) | Transco-Z6 Sta-210 | Millennium East Pool | TGP-Z4 300L | TGP-Z4 Marcellus | Transco-165 | Transco-Z6 (NY) | Eastern Gas-South | TETCO-M2 (receipt) | Rover (receipt),0.9724561856823071,0.9418200264448451,0.9920321638147953,0.05429937274673078,0.9724561856823071,-1.118838216239285,,,Global_G01 | Global_G01_S04,3,0,2,Transco-165 | Transco-Z6 (NY),0.9877773679638608,0.9835225721129263,0.9920321638147953,0.040723603374708775,0.9877773679638608,,,,OwnHistoryOnly,,0,,,,,,,,,,False,False,0.0,-1.1842579999999994,-0.20574200000000065,-1.4288869999999991,0.038886999999999006,-1.673515999999999,0.28351599999999877,,,,,,,,,,0.0,No forward mark,No forward mark,,,False,,-1
Transco-Z6 (NY),Global_G01,1,regular,Global_G01_S04,4,regular,Northeast,Northeast - Demand,3,Global_G01,Global_G01_S04,Transco-Z6 (NY),GLOBAL,Autumn,TRANSCO-Z6 (NY),Transco Zn6 NY FDt Com,,"Transco, zone 6 N.Y.",,Transco-Z6 (NY),63,-0.7231269841269842,0.26110629970183336,0.13647647658876436,-0.7349999999999999,0.2668679999999999,-1.185,-0.03500000000000014,2026-09-03,-0.9169999999999998,,,0.2668679999999999,-0.7349999999999999,,,,,False,balmo_transition,September 4-30,September 3,September,September,-0.9169999999999998,,,,,,,,,,26,,,,,,,Global_G01,21,3,19,Eastern Gas-North | Leidy-Transco | Millennium-Ramapo | TCO | TGP-Z4 Sta-219 | TGP-Z4 Sta-313 | TETCO-M3 | TGP-Mahwah | Transco-Z6 (non-NY north) | Transco-Z6 (non-NY south) | Transco-Z6 Sta-210 | Millennium East Pool | TGP-Z4 300L | TGP-Z4 Marcellus | Transco-165 | Transco-Z5 North | Eastern Gas-South | TETCO-M2 (receipt) | Rover (receipt),0.9622666990234781,0.9079442847454912,0.9911951667566293,0.06347656018457457,0.9622666990234781,-1.1538512259420077,,,Global_G01 | Global_G01_S04,3,0,2,Transco-165 | Transco-Z5 North,0.9833751077393118,0.9832276433656971,0.9835225721129264,0.048185055817099996,0.9833751077393118,,,,OwnHistoryOnly,,0,,,,,,,,,,False,False,0.0,-1.2687359999999996,-0.2012640000000001,-1.5356039999999995,0.06560399999999977,-1.8024719999999994,0.33247199999999966,,,,,,,,,,0.0,No forward mark,No forward mark,,,False,,-1
Eastern Gas-South,Global_G01,1,regular,Global_G01_S05,5,supergroup,Northeast,Northeast - Appalachia,3,Global_G01,Global_G01_S05,Eastern Gas-South,GLOBAL,Autumn,Eastern Gas-South,Eastern Gas South FDt Com,,"Eastern Gas, Appalachia",,Eastern Gas-South,63,-0.8882079365079363,0.22242255216184675,0.09504720223706536,-0.8799999999999999,0.2520419999999999,-1.3,-0.3799999999999999,2026-09-03,-1.1120999999999999,-1.2799999999999998,Bid+Ask+Last,0.2520419999999999,-0.8799999999999999,-0.3999999999999999,-1.7614763416929695,-1.5870370811214007,1.5870370811214007,True,balmo_transition,September 4-30,September 3,September,September,-1.1120999999999999,-0.5234682992919967,-1.027901285831224,-0.25209871416877583,-0.5722242032458652,-0.16789999999999994,-0.13552300972194467,-0.03237699027805527,0.03237699027805527,-0.2439536601323977,26,mild stronger than history,mild,0.7793648648210068,0.04154278918577006,0.7866566075140028,current-month,Global_G01,21,2,19,Eastern Gas-North | Leidy-Transco | Millennium-Ramapo | TCO | TGP-Z4 Sta-219 | TGP-Z4 Sta-313 | TETCO-M3 | TGP-Mahwah | Transco-Z6 (non-NY north) | Transco-Z6 (non-NY south) | Transco-Z6 Sta-210 | Millennium East Pool | TGP-Z4 300L | TGP-Z4 Marcellus | Transco-165 | Transco-Z5 North | Transco-Z6 (NY) | TETCO-M2 (receipt) | Rover (receipt),0.9753044372761035,0.9438834059915557,0.9931214299920474,0.05272563449193058,0.9753044372761035,-1.3008826872641108,0.020882687264111067,0.5846029231517471,Global_G01 | Global_G01_S05,2,1,1,TETCO-M2 (receipt),0.99225831030814,0.99225831030814,0.99225831030814,0.029651999999999696,0.99225831030814,-1.307,0.027000000000000135,0.9105625252934174,Parent,Global_G01,19,Eastern Gas-North | Leidy-Transco | Millennium-Ramapo | TCO | TGP-Z4 Sta-219 | TGP-Z4 Sta-313 | TETCO-M3 | TGP-Mahwah | Transco-Z6 (non-NY north) | Transco-Z6 (non-NY south) | Transco-Z6 Sta-210 | Millennium East Pool | TGP-Z4 300L | TGP-Z4 Marcellus | Transco-165 | Transco-Z5 North | Transco-Z6 (NY) | TETCO-M2 (receipt) | Rover (receipt),0.9753044372761035,-1.3008826872641108,0.020882687264111067,0.05272563449193058,0.5846029231517471,0.5701658249944799,Lower than own-history expected value,Higher than peer-implied value,True,False,0.5773392485991234,-1.3840839999999996,-0.37591600000000014,-1.6361259999999995,-0.12387400000000026,-1.8881679999999994,0.12816799999999962,1.2657266169116523,2.5314532338233047,2.025162587058644,-1.3676189262341025,-1.2341464482941191,-1.434355165204094,-1.1674102093241276,-1.4076606696160974,-1.1941047049121243,1.688788709349792,In-family,history=Lower than own-history expected value; peers=Higher than peer-implied value; parent peers=19; peer model trusted; history/peer direction disagree; pattern=mild stronger than history; historical check type=balmo_transition; historical window=September 4-30; actual point=September 3; current month name=September; mark month name=September; mark history mean=-1.03; mark history delta=-0.25; current transition=-0.17; transition mean=-0.14; transition delta=-0.03; transition magnitude delta=+0.03; transition degree=mild; transition degree score=0.78; component current-month sd=0.04; component historical month sd=0.79; transition degree scale source=current-month; actual-to-date z=-0.52; mark z=-0.57; transition z=-0.24; pattern years=26,,,False,,0
TETCO-M2 (receipt),Global_G01,1,regular,Global_G01_S05,5,supergroup,Northeast,Northeast - Appalachia,3,Global_G01,Global_G01_S05,TETCO-M2 (receipt),GLOBAL,Autumn,TETCO-M2 (RECEIPT),Texas Eastern zone M-2 receipts FDt Com,,"Texas Eastern, M-2 receipts",,TETCO-M2 (receipt),63,-0.8696253968253969,0.2344725762685636,0.1040079301780684,-0.845,0.2446289999999997,-1.29,-0.31000000000000005,2026-09-03,-1.0963999999999998,-1.2919999999999998,Bid+Ask+Last,0.2446289999999997,-0.845,-0.44699999999999984,-1.8013816792408908,-1.8272567847638685,1.8272567847638685,True,balmo_transition,September 4-30,September 3,September,September,-1.0963999999999998,-0.40470747662792705,-1.1203719777021133,-0.17162802229788654,-0.4746567771938901,-0.1956,-0.17675421193619992,-0.01884578806380008,0.01884578806380008,-0.11678920239365924,13,in-line transition,,,0.03409770275741948,0.6015884839138581,current-month,Global_G01,21,2,19,Eastern Gas-North | Leidy-Transco | Millennium-Ramapo | TCO | TGP-Z4 Sta-219 | TGP-Z4 Sta-313 | TETCO-M3 | TGP-Mahwah | Transco-Z6 (non-NY north) | Transco-Z6 (non-NY south) | Transco-Z6 Sta-210 | Millennium East Pool | TGP-Z4 300L | TGP-Z4 Marcellus | Transco-165 | Transco-Z5 North | Transco-Z6 (NY) | Eastern Gas-South | Rover (receipt),0.9760525402162591,0.9495735591019249,0.99225831030814,0.052055356315191745,0.9760525402162591,-1.2696455869602183,-0.022354413039781404,-0.5614901607490457,Global_G01 | Global_G01_S05,2,1,1,Eastern Gas-South,0.99225831030814,0.99225831030814,0.99225831030814,0.029651999999999696,0.99225831030814,-1.2649999999999997,-0.027000000000000135,-0.9105625252934174,Parent,Global_G01,19,Eastern Gas-North | Leidy-Transco | Millennium-Ramapo | TCO | TGP-Z4 Sta-219 | TGP-Z4 Sta-313 | TETCO-M3 | TGP-Mahwah | Transco-Z6 (non-NY north) | Transco-Z6 (non-NY south) | Transco-Z6 Sta-210 | Millennium East Pool | TGP-Z4 300L | TGP-Z4 Marcellus | Transco-165 | Transco-Z5 North | Transco-Z6 (NY) | Eastern Gas-South | Rover (receipt),0.9760525402162591,-1.2696455869602183,-0.022354413039781404,0.052055356315191745,-0.5614901607490457,0.5480438977055417,Lower than own-history expected value,Lower than peer-implied value,True,True,0.5547262894619455,-1.3342579999999993,-0.35574200000000056,-1.578886999999999,-0.1111130000000009,-1.8235159999999988,0.13351599999999886,1.2652414610042657,2.5304829220085314,2.024386337606825,-1.3355081820375492,-1.2037829918828875,-1.40137077711488,-1.1379203968055567,-1.3750257390839478,-1.164265434836489,1.9096043081449645,In-family,history=Lower than own-history expected value; peers=Lower than peer-implied value; parent peers=19; peer model trusted; history/peer direction agree; pattern=in-line transition; historical check type=balmo_transition; historical window=September 4-30; actual point=September 3; current month name=September; mark month name=September; mark history mean=-1.12; mark history delta=-0.17; current transition=-0.20; transition mean=-0.18; transition delta=-0.02; transition magnitude delta=+0.02; component current-month sd=0.03; component historical month sd=0.60; transition degree scale source=current-month; actual-to-date z=-0.40; mark z=-0.47; transition z=-0.12; pattern years=13,,,False,,0
REX-Z3 (receipt) ,Global_G01,1,regular,Global_G01_S06,6,regular,Northeast,Northeast - Appalachia,3,Global_G01,Global_G01_S06,REX-Z3 (receipt) ,GLOBAL,Autumn,,,ICE REX zone 3 receipts FDt Com,,TETCO-M2 (receipt),REX-Z3 (receipt) ,63,-0.8746904761904762,0.6353752045468845,0.31671361898246314,-0.7539000000000002,0.3273580800000008,-3.13,-0.2833999999999999,2026-09-03,-0.9954999999999998,,,0.3273580800000008,-0.7539000000000002,,,,,False,balmo_transition,September 4-30,September 3,September,September,-0.9954999999999998,,,,,,,,,,7,,,,,,,Global_G01,21,3,0,,,,,,,,,,Global_G01 | Global_G01_S06,2,0,0,,,,,,,,,,OwnHistoryOnly,,0,,,,,,,,,,False,False,0.0,-1.4086161600000018,-0.09918383999999869,-1.7359742400000027,0.22817424000000208,-2.0633323200000033,0.5555323200000029,,,,,,,,,,0.0,No forward mark,No forward mark,,,False,,-1
Rover (receipt),Global_G01,1,regular,Global_G01_S06,6,regular,Northeast,Northeast - Appalachia,3,Global_G01,Global_G01_S06,Rover (receipt),GLOBAL,Autumn,,,ICE Rover receipts FDt Com,,TETCO-M2 (receipt),Rover (receipt),63,-0.8138015873015871,0.2509531896281388,0.10350650192766106,-0.7472999999999996,0.2557484999999998,-1.2596,-0.30909999999999993,2026-09-03,-1.1096,,,0.2557484999999998,-0.7472999999999996,,,,,False,balmo_transition,September 4-30,September 3,September,September,-1.1096,,,,,,,,,,6,,,,,,,Global_G01,21,3,19,Eastern Gas-North | Leidy-Transco | Millennium-Ramapo | TCO | TGP-Z4 Sta-219 | TGP-Z4 Sta-313 | TETCO-M3 | TGP-Mahwah | Transco-Z6 (non-NY north) | Transco-Z6 (non-NY south) | Transco-Z6 Sta-210 | Millennium East Pool | TGP-Z4 300L | TGP-Z4 Marcellus | Transco-165 | Transco-Z5 North | Transco-Z6 (NY) | Eastern Gas-South | TETCO-M2 (receipt),0.9411506707922123,0.9255548727312172,0.9632479717990032,0.07468176778962396,0.9411506707922123,-1.2523895164695928,,,Global_G01 | Global_G01_S06,2,0,0,,,,,,,,,,OwnHistoryOnly,,0,,,,,,,,,,False,False,0.0,-1.2587969999999993,-0.23580299999999998,-1.5145454999999992,0.01994549999999984,-1.770293999999999,0.27569399999999966,,,,,,,,,,0.0,No forward mark,No forward mark,,,False,,-1
Lebanon,Global_G02,2,regular,Global_G02_S01,1,regular,Northeast,Northeast - Appalachia,3,Global_G02,Global_G02_S01,Lebanon,GLOBAL,Autumn,,Lebanon Hub-Ohio FDt Com,,Lebanon Hub,,Lebanon,63,-0.32637301587301576,0.12155998679312569,0.06398267722745757,-0.29499999999999993,0.1186080000000001,-0.6399999999999997,-0.15500000000000025,2026-09-03,-0.21150000000000002,,,0.1186080000000001,-0.29499999999999993,,,,,False,balmo_transition,September 4-30,September 3,September,September,-0.21150000000000002,,,,,,,,,,18,,,,,,,Global_G02,13,2,12,REX E-ANR | REX E-MidW | Trunkline-Z1A | NBPL-Ventura | NNG-Demarc | NNG-Ventura | Rover-ANR | Rover-PEPL | APC-ACE | Consumers | Michcon | Union-Dawn,0.9257355190321125,0.5418909268669282,0.985231145190822,0.030842198240440055,0.9257355190321125,-0.39060183034985535,,,Global_G02 | Global_G02_S01,4,0,3,REX E-ANR | REX E-MidW | Trunkline-Z1A,0.981830703354681,0.9766251859197095,0.985231145190822,0.02224334125885002,0.981830703354681,,,,OwnHistoryOnly,,0,,,,,,,,,,False,False,0.0,-0.5322160000000001,-0.057783999999999724,-0.6508240000000003,0.06082400000000038,-0.7694320000000003,0.17943200000000048,,,,,,,,,,0.0,No forward mark,No forward mark,,,False,,-1
REX E-ANR,Global_G02,2,regular,Global_G02_S01,1,regular,Midwest,Midwest - Chicago,3,Global_G02,Global_G02_S01,REX E-ANR,GLOBAL,Autumn,,,ICE REX (East) delivered into ANR FDt Com,,REX-Z3 Del Pool,REX E-ANR,62,-0.32556774193548393,0.12489538281008059,0.06511883827557628,-0.30479999999999974,0.10348548000000012,-0.645,-0.15169999999999995,2026-09-03,-0.2357999999999998,,,0.10348548000000012,-0.30479999999999974,,,,,False,balmo_transition,September 4-30,September 3,September,September,-0.2357999999999998,,,,,,,,,,11,,,,,,,Global_G02,13,2,12,Lebanon | REX E-MidW | Trunkline-Z1A | NBPL-Ventura | NNG-Demarc | NNG-Ventura | Rover-ANR | Rover-PEPL | APC-ACE | Consumers | Michcon | Union-Dawn,0.9406144228962842,0.6222895117253139,0.9947039971729771,0.029498198081487927,0.9406144228962842,-0.39006191589023204,,,Global_G02 | Global_G02_S01,4,0,3,Lebanon | REX E-MidW | Trunkline-Z1A,0.9805495626242946,0.9617135455090846,0.9947039971729771,0.024331319381054935,0.9805495626242946,,,,OwnHistoryOnly,,0,,,,,,,,,,False,False,0.0,-0.51177096,-0.0978290399999995,-0.61525644,0.0056564400000005954,-0.7187419200000003,0.10914192000000073,,,,,,,,,,0.0,No forward mark,No forward mark,,,False,,-1
REX E-MidW,Global_G02,2,regular,Global_G02_S01,1,regular,Midwest,Midwest - Chicago,3,Global_G02,Global_G02_S01,REX E-MidW,GLOBAL,Autumn,,,ICE REX (East) delivered into Midwestern Gas FDt Com,,REX-Z3 Del Pool,REX E-MidW,63,-0.2970619047619047,0.12072775081011076,0.06395542151609122,-0.27239999999999975,0.11238108000000013,-0.5886,-0.12170000000000014,2026-09-03,-0.21389999999999976,,,0.11238108000000013,-0.27239999999999975,,,,,False,balmo_transition,September 4-30,September 3,September,September,-0.21389999999999976,,,,,,,,,,12,,,,,,,Global_G02,13,2,12,Lebanon | REX E-ANR | Trunkline-Z1A | NBPL-Ventura | NNG-Demarc | NNG-Ventura | Rover-ANR | Rover-PEPL | APC-ACE | Consumers | Michcon | Union-Dawn,0.9349739142072492,0.6080775906975554,0.9947039971729771,0.03039827960468255,0.9349739142072492,-0.3589551284571176,,,Global_G02 | Global_G02_S01,4,0,3,Lebanon | REX E-ANR | Trunkline-Z1A,0.9784837483107789,0.9571114688058482,0.9947039971729771,0.02099694920972969,0.9784837483107789,,,,OwnHistoryOnly,,0,,,,,,,,,,False,False,0.0,-0.49716216,-0.04763783999999949,-0.6095432400000002,0.06474324000000065,-0.7219243200000003,0.17712432000000078,,,,,,,,,,0.0,No forward mark,No forward mark,,,False,,-1
Trunkline-Z1A,Global_G02,2,regular,Global_G02_S01,1,regular,South Central,SouthCentral - Perryville,3,Global_G02,Global_G02_S01,Trunkline-Z1A,GLOBAL,Autumn,TRUNKLINE-Z1A,Trunkline Zn 1A FDt Com,,"Trunkline, zone 1A",,Trunkline-Z1A,63,-0.3199047619047619,0.11121509445674643,0.05991836505321595,-0.31499999999999995,0.09636899999999991,-0.6099999999999999,-0.16000000000000014,2026-09-03,-0.22399999999999975,,,0.09636899999999991,-0.31499999999999995,,,,,False,balmo_transition,September 4-30,September 3,September,September,-0.22399999999999975,,,,,,,,,,18,,,,,,,Global_G02,13,2,12,Lebanon | REX E-ANR | REX E-MidW | NBPL-Ventura | NNG-Demarc | NNG-Ventura | Rover-ANR | Rover-PEPL | APC-ACE | Consumers | Michcon | Union-Dawn,0.9091232996642934,0.49988260476662066,0.9766251859197094,0.036583687551715004,0.9091232996642934,-0.3823118754051246,,,Global_G02 | Global_G02_S01,4,0,3,Lebanon | REX E-ANR | REX E-MidW,0.9651500667448807,0.9571114688058481,0.9766251859197094,0.03401009707476109,0.9651500667448807,,,,OwnHistoryOnly,,0,,,,,,,,,,False,False,0.0,-0.5077379999999998,-0.12226200000000012,-0.6041069999999997,-0.02589300000000022,-0.7004759999999997,0.0704759999999997,,,,,,,,,,0.0,No forward mark,No forward mark,,,False,,-1
NBPL-Ventura,Global_G02,2,regular,Global_G02_S02,2,supergroup,Midwest,Midwest - Chicago,3,Global_G02,Global_G02_S02,NBPL-Ventura,GLOBAL,Autumn,,No Border VentTP FDt Com,,"Northern Bdr., Ventura TP",,NBPL-Ventura,63,-0.297631746031746,0.12914715890546644,0.07411902300796479,-0.2799999999999998,0.09636900000000058,-0.6149999999999998,-0.08999999999999986,2026-09-03,-0.17579999999999973,,,0.09636900000000058,-0.2799999999999998,,,,,False,balmo_transition,September 4-30,September 3,September,September,-0.17579999999999973,,,,,,,,,,17,,,,,,,Global_G02,13,2,12,Lebanon | REX E-ANR | REX E-MidW | Trunkline-Z1A | NNG-Demarc | NNG-Ventura | Rover-ANR | Rover-PEPL | APC-ACE | Consumers | Michcon | Union-Dawn,0.9279507324568191,0.6785950729604553,0.9924785530306458,0.03884626354852847,0.9279507324568191,-0.36392135554159705,,,Global_G02 | Global_G02_S02,3,1,2,NNG-Demarc | NNG-Ventura,0.9899077884972318,0.9873370239638177,0.9924785530306458,0.01852287431682672,0.9899077884972318,-0.2636999999999996,,,OwnHistoryOnly,,0,,,,,,,,,,False,False,0.0,-0.472738000000001,-0.08726199999999865,-0.5691070000000016,0.009107000000001919,-0.6654760000000022,0.10547600000000251,,,,,,,,,,0.0,No forward mark,No forward mark,,,False,,-1
NNG-Demarc,Global_G02,2,regular,Global_G02_S02,2,supergroup,Midwest,Midwest - Chicago,3,Global_G02,Global_G02_S02,NNG-Demarc,GLOBAL,Autumn,NNG-DEMARC,Northern Demarc FDt Com,,"Northern, demarc",,NNG-Demarc,63,-0.3029206349206349,0.13313760787939835,0.0732503314146308,-0.3049999999999997,0.10378200000000042,-0.645,-0.09499999999999975,2026-09-03,-0.22399999999999975,,,0.10378200000000042,-0.3049999999999997,,,,,False,balmo_transition,September 4-30,September 3,September,September,-0.22399999999999975,,,,,,,,,,26,,,,,,,Global_G02,13,2,12,Lebanon | REX E-ANR | REX E-MidW | Trunkline-Z1A | NBPL-Ventura | NNG-Ventura | Rover-ANR | Rover-PEPL | APC-ACE | Consumers | Michcon | Union-Dawn,0.9328718302538058,0.7151021632986521,0.9873370239638177,0.038802801986982306,0.9328718302538058,-0.3723781307521004,,,Global_G02 | Global_G02_S02,3,1,2,NBPL-Ventura | NNG-Ventura,0.9872478115510507,0.9871585991382836,0.9873370239638177,0.018532834936987767,0.9872478115510507,-0.2686999999999995,,,OwnHistoryOnly,,0,,,,,,,,,,False,False,0.0,-0.5125640000000006,-0.09743599999999888,-0.616346000000001,0.006346000000001517,-0.7201280000000014,0.11012800000000195,,,,,,,,,,0.0,No forward mark,No forward mark,,,False,,-1
NNG-Ventura,Global_G02,2,regular,Global_G02_S02,2,supergroup,Midwest,Midwest - Chicago,3,Global_G02,Global_G02_S02,NNG-Ventura,GLOBAL,Autumn,NNG-VENTURA,Nrthrn Ventura FDt Com,,"Northern, Ventura",,NNG-Ventura,63,-0.2969142857142857,0.12246036206257799,0.07039129502753232,-0.29499999999999993,0.10378200000000042,-0.585,-0.10000000000000009,2026-09-03,-0.22560000000000002,-0.2636999999999996,Bid+Ask+Last,0.10378200000000042,-0.29499999999999993,0.03130000000000033,0.2712247877996097,0.30159372530882234,0.30159372530882234,True,balmo_transition,September 4-30,September 3,September,September,-0.22560000000000002,0.27932629162622374,-0.36435102393730934,0.10065102393730974,0.3878906786545009,-0.03809999999999958,-0.07274600723497976,0.03464600723498018,-0.03464600723498018,0.45914995867168074,26,mild weaker than history,mild,0.663520213014594,0.05221545109767161,0.5036485058484386,current-month,Global_G02,13,1,12,Lebanon | REX E-ANR | REX E-MidW | Trunkline-Z1A | NBPL-Ventura | NNG-Demarc | Rover-ANR | Rover-PEPL | APC-ACE | Consumers | Michcon | Union-Dawn,0.9247182992933157,0.7082537992355646,0.9924785530306458,0.03360298729965943,0.9247182992933157,-0.5154999999999998,0.25180000000000025,6.793470929448177,Global_G02 | Global_G02_S02,3,0,2,NBPL-Ventura | NNG-Demarc,0.9898185760844648,0.9871585991382837,0.9924785530306458,0.014826000000000342,0.9898185760844648,,,,Parent,Global_G02,12,Lebanon | REX E-ANR | REX E-MidW | Trunkline-Z1A | NBPL-Ventura | NNG-Demarc | Rover-ANR | Rover-PEPL | APC-ACE | Consumers | Michcon | Union-Dawn,0.9247182992933157,-0.5154999999999998,0.25180000000000025,0.03360298729965943,6.793470929448177,6.282046884177899,Higher than own-history expected value,Higher than peer-implied value,True,True,6.532756147683232,-0.5025640000000008,-0.0874359999999991,-0.6063460000000012,0.016346000000001304,-0.7101280000000016,0.12012800000000173,1.2998860618456969,2.5997721236913938,2.079817698953115,-0.5591800548272051,-0.4718199451727946,-0.6028601096544104,-0.4281398903455893,-0.5853880877235282,-0.4456119122764714,6.539714187962552,Outlier,history=Higher than own-history expected value; peers=very far above peer-implied value; parent peers=12; peer model trusted; peer score v2=6.53 (high); history/peer direction agree; pattern=mild weaker than history; historical check type=balmo_transition; historical window=September 4-30; actual point=September 3; current month name=September; mark month name=September; mark history mean=-0.36; mark history delta=+0.10; current transition=-0.04; transition mean=-0.07; transition delta=+0.03; transition magnitude delta=-0.03; transition degree=mild; transition degree score=0.66; component current-month sd=0.05; component historical month sd=0.50; transition degree scale source=current-month; actual-to-date z=0.28; mark z=0.39; transition z=0.46; pattern years=26,Outlier,O,True,NNG-Ventura [Outlier],2
Rover-ANR,Global_G02,2,regular,Global_G02_S03,3,supergroup,Northeast,Northeast - Appalachia,3,Global_G02,Global_G02_S03,Rover-ANR,GLOBAL,Autumn,,Rover delivered FDt Com,ICE Rover delivered into ANR FDt Com,"Rover, delivered",REX-Z3 Del Pool,Rover-ANR,63,-0.3358126984126985,0.11973046543081067,0.0660156781532287,-0.31000000000000005,0.10378199999999976,-0.645,-0.16000000000000014,2026-09-03,-0.24619999999999997,,,0.10378199999999976,-0.31000000000000005,,,,,False,balmo_transition,September 4-30,September 3,September,September,-0.24619999999999997,,,,,,,,,,7,,,,,,,Global_G02,13,2,11,Lebanon | REX E-ANR | REX E-MidW | Trunkline-Z1A | NBPL-Ventura | NNG-Demarc | NNG-Ventura | APC-ACE | Consumers | Michcon | Union-Dawn,0.9281419123688889,0.6086609641472328,0.9792970927866138,0.03194761098797624,0.9281419123688889,-0.4078236592362741,,,Global_G02 | Global_G02_S03,2,0,0,,,,,,,,,,OwnHistoryOnly,,0,,,,,,,,,,False,False,0.0,-0.5175639999999996,-0.10243600000000053,-0.6213459999999993,0.0013459999999992367,-0.7251279999999991,0.105127999999999,,,,,,,,,,0.0,No forward mark,No forward mark,,,False,,-1
Rover-PEPL,Global_G02,2,regular,Global_G02_S03,3,supergroup,Northeast,Northeast - Appalachia,3,Global_G02,Global_G02_S03,Rover-PEPL,GLOBAL,Autumn,,Rover delivered FDt Com,ICE Rover delivered into Panhandle FDt Com,"Rover, delivered",REX-Z3 Del Pool,Rover-PEPL,62,-0.33725806451612916,0.12015248992649613,0.06621365896761625,-0.3125,0.1074885,-0.645,-0.16000000000000014,2026-09-02,-0.3049999999999997,,,0.1074885,-0.3125,,,,,False,balmo_transition,September 4-30,September 3,September,September,-0.3049999999999997,,,,,,,,,,8,,,,,,,Global_G02,13,2,11,Lebanon | REX E-ANR | REX E-MidW | Trunkline-Z1A | NBPL-Ventura | NNG-Demarc | NNG-Ventura | APC-ACE | Consumers | Michcon | Union-Dawn,0.9303094389969014,0.6342474558281499,0.9791168265866278,0.03175244159393055,0.9303094389969014,-0.41032425808832607,,,Global_G02 | Global_G02_S03,2,0,0,,,,,,,,,,OwnHistoryOnly,,0,,,,,,,,,,False,False,0.0,-0.527477,-0.097523,-0.6349655000000001,0.009965500000000016,-0.742454,0.117454,,,,,,,,,,0.0,No forward mark,No forward mark,,,False,,-1
APC-ACE,Global_G02,2,regular,Global_G02_S04,4,supergroup,Midwest,Midwest - Chicago,3,Global_G02,Global_G02_S04,APC-ACE,GLOBAL,Autumn,Chicago,Alliance Interstates FDt Com,ICE Alliance Chicago Exchange Hub FDt Com,,Chicago,APC-ACE,63,-0.2649761904761905,0.12823065246037993,0.06445091526567143,-0.2549999999999999,0.08154299999999957,-0.605,-0.05500000000000016,2026-09-03,-0.17349999999999977,,,0.08154299999999957,-0.2549999999999999,,,,,False,balmo_transition,September 4-30,September 3,September,September,-0.17349999999999977,,,,,,,,,,25,,,,,,,Global_G02,13,2,12,Lebanon | REX E-ANR | REX E-MidW | Trunkline-Z1A | NBPL-Ventura | NNG-Demarc | NNG-Ventura | Rover-ANR | Rover-PEPL | Consumers | Michcon | Union-Dawn,0.9387688618289057,0.6401996150184699,0.9804014634009337,0.03298635995127101,0.9387688618289057,-0.32954149836848606,,,Global_G02 | Global_G02_S04,2,0,1,Consumers,0.9582667934033142,0.9582667934033142,0.9582667934033142,0.022238999999999523,0.9582667934033142,,,,OwnHistoryOnly,,0,,,,,,,,,,False,False,0.0,-0.41808599999999907,-0.09191400000000075,-0.4996289999999986,-0.010371000000001185,-0.5811719999999982,0.0711719999999984,,,,,,,,,,0.0,No forward mark,No forward mark,,,False,,-1
Consumers,Global_G02,2,regular,Global_G02_S04,4,supergroup,Midwest,Midwest - Demand,3,Global_G02,Global_G02_S04,Consumers,GLOBAL,Autumn,,Cons Energy CG FDt Com,,Consumers city-gate,,Consumers,63,-0.2546222222222222,0.12021737360948584,0.06704082286335439,-0.25,0.09636899999999991,-0.5549999999999997,-0.06000000000000005,2026-09-03,-0.18120000000000003,,,0.09636899999999991,-0.25,,,,,False,balmo_transition,September 4-30,September 3,September,September,-0.18120000000000003,,,,,,,,,,26,,,,,,,Global_G02,13,2,12,Lebanon | REX E-ANR | REX E-MidW | Trunkline-Z1A | NBPL-Ventura | NNG-Demarc | NNG-Ventura | Rover-ANR | Rover-PEPL | APC-ACE | Michcon | Union-Dawn,0.9154839445444432,0.5267313147445861,0.9705882398643836,0.03092995280368846,0.9154839445444432,-0.32609514862010464,,,Global_G02 | Global_G02_S04,2,0,1,APC-ACE,0.9582667934033142,0.9582667934033142,0.9582667934033142,0.022238999999999523,0.9582667934033142,,,,OwnHistoryOnly,,0,,,,,,,,,,False,False,0.0,-0.44273799999999985,-0.057262000000000174,-0.5391069999999998,0.039106999999999725,-0.6354759999999997,0.13547599999999965,,,,,,,,,,0.0,No forward mark,No forward mark,,,False,,-1
Michcon,Global_G02,2,regular,Global_G02_S05,5,regular,Midwest,Midwest - Demand,3,Global_G02,Global_G02_S05,Michcon,GLOBAL,Autumn,MICHCON,Mich Con CG FDt Com,,Mich Con city-gate,,Michcon,63,-0.35223492063492057,0.18351830194282384,0.07608155995511394,-0.27500000000000036,0.14826000000000078,-0.8249999999999997,-0.11500000000000021,2026-09-03,-0.5758000000000001,-0.5154999999999998,Bid+Ask,0.14826000000000078,-0.27500000000000036,-0.2404999999999995,-0.8896392220103772,-1.6221502765411995,1.6221502765411995,True,balmo_transition,September 4-30,September 3,September,September,-0.5758000000000001,-1.6293991380421677,-0.27014344978908306,-0.2453565502109168,-0.9581743410667704,0.06030000000000024,-0.06427203215770508,0.12457203215770532,-0.003972032157704836,2.093972896485667,26,opposite transition,,,0.05367693483548899,0.34614244185046816,current-month,Global_G02,13,1,12,Lebanon | REX E-ANR | REX E-MidW | Trunkline-Z1A | NBPL-Ventura | NNG-Demarc | NNG-Ventura | Rover-ANR | Rover-PEPL | APC-ACE | Consumers | Union-Dawn,0.6174967783696578,0.49988260476662066,0.7151021632986521,0.04116888493445781,0.6174967783696578,-0.2636999999999996,-0.25180000000000025,-6.793470929448177,Global_G02 | Global_G02_S05,2,0,1,Union-Dawn,0.626030321146364,0.626030321146364,0.626030321146364,0.06301049999999932,0.626030321146364,,,,Parent,Global_G02,12,Lebanon | REX E-ANR | REX E-MidW | Trunkline-Z1A | NBPL-Ventura | NNG-Demarc | NNG-Ventura | Rover-ANR | Rover-PEPL | APC-ACE | Consumers | Union-Dawn,0.6174967783696578,-0.2636999999999996,-0.25180000000000025,0.04116888493445781,-6.793470929448177,4.1949464128821745,Lower than own-history expected value,Lower than peer-implied value,False,True,0.0,-0.5715200000000019,0.021520000000001205,-0.7197800000000028,0.16978000000000198,-0.8680400000000035,0.31804000000000276,1.5907160569987961,3.1814321139975923,2.5451456911980737,-0.3291880063139775,-0.19821199368602171,-0.3946760126279554,-0.13272398737204386,-0.3684808101023642,-0.158919189897635,1.6221502765411995,In-family,history=Lower than own-history expected value; peers=very far below peer-implied value; parent peers=12; peer model untrusted; pattern=opposite transition; historical check type=balmo_transition; historical window=September 4-30; actual point=September 3; current month name=September; mark month name=September; mark history mean=-0.27; mark history delta=-0.25; current transition=+0.06; transition mean=-0.06; transition delta=+0.12; transition magnitude delta=-0.00; component current-month sd=0.05; component historical month sd=0.35; transition degree scale source=current-month; actual-to-date z=-1.63; mark z=-0.96; transition z=2.09; pattern years=26,,,False,,0
Union-Dawn,Global_G02,2,regular,Global_G02_S05,5,regular,Northeast,Northeast - Appalachia,3,Global_G02,Global_G02_S05,Union-Dawn,GLOBAL,Autumn,,Dawn Ontario FDt Com,,"Dawn, Ontario",,Union-Dawn,62,-0.24403225806451606,0.11903587663374889,0.0619253913864148,-0.25,0.0704234999999998,-0.5349999999999997,-0.06000000000000005,2026-09-02,-0.19999999999999973,,,0.0704234999999998,-0.25,,,,,False,balmo_transition,September 4-30,September 3,September,September,-0.19999999999999973,,,,,,,,,,26,,,,,,,Global_G02,13,2,12,Lebanon | REX E-ANR | REX E-MidW | Trunkline-Z1A | NBPL-Ventura | NNG-Demarc | NNG-Ventura | Rover-ANR | Rover-PEPL | APC-ACE | Consumers | Michcon,0.9247884626698143,0.626030321146364,0.9705882398643835,0.03690010271494,0.9247884626698143,-0.31672451748372,,,Global_G02 | Global_G02_S05,2,1,1,Michcon,0.626030321146364,0.626030321146364,0.626030321146364,0.06301049999999932,0.626030321146364,-0.4630000000000001,,,OwnHistoryOnly,,0,,,,,,,,,,False,False,0.0,-0.3908469999999996,-0.10915300000000039,-0.4612704999999994,-0.03872950000000058,-0.5316939999999992,0.03169399999999922,,,,,,,,,,0.0,No forward mark,No forward mark,,,False,,-1
Carthage,Global_G03,3,regular,Global_G03_S01,1,regular,South Central,SouthCentral - Perryville,3,Global_G03,Global_G03_S01,Carthage,GLOBAL,Autumn,HSC-HPL POOL,Carthage Hub FDt Com,ICE Carthage Hub Tailgate FDt Com,,,Carthage,63,-0.3424730158730158,0.12698579702946863,0.07016780528843153,-0.33999999999999986,0.05930400000000005,-0.6799999999999997,-0.13500000000000023,2026-09-03,-0.20579999999999998,,,0.05930400000000005,-0.33999999999999986,,,,,False,balmo_transition,September 4-30,September 3,September,September,-0.20579999999999998,,,,,,,,,,26,,,,,,,Global_G03,12,1,11,NGPL-AM Pool | NGPL-MidAm | PGLC | Bennington | MEP-Lamar | NGPL-TXOK East | Chicago | NGPL-Nicor | NGPL-Nipsco | REX E-NGPL | REX-Z3 Del Pool,0.9453129172016449,0.9232927894009794,0.9638330215449453,0.0443162250307618,0.9453129172016449,-0.2939999999999999,,,Global_G03 | Global_G03_S01,4,0,3,NGPL-AM Pool | NGPL-MidAm | PGLC,0.9327769583151079,0.9232927894009794,0.9512709796568003,0.049484520929780805,0.9327769583151079,,,,OwnHistoryOnly,,0,,,,,,,,,,False,False,0.0,-0.45860799999999996,-0.22139199999999976,-0.517912,-0.1620879999999997,-0.5772160000000001,-0.10278399999999965,,,,,,,,,,0.0,No forward mark,No forward mark,,,False,,-1
NGPL-AM Pool,Global_G03,3,regular,Global_G03_S01,1,regular,South Central,SouthCentral - Midcon,3,Global_G03,Global_G03_S01,NGPL-AM Pool,GLOBAL,Autumn,NGPL-MIDCONT POOL,NGPL Amarillo Rcpt FDt Com,ICE NGPL Amarillo Pooling PIN FDt Com,,,NGPL-AM Pool,63,-0.34483968253968245,0.14028809015239768,0.07559192576685855,-0.31499999999999995,0.11119500000000025,-0.7249999999999996,-0.13500000000000023,2026-09-03,-0.30489999999999995,,,0.11119500000000025,-0.31499999999999995,,,,,False,balmo_transition,September 4-30,September 3,September,September,-0.30489999999999995,,,,,,,,,,26,,,,,,,Global_G03,12,1,11,Carthage | NGPL-MidAm | PGLC | Bennington | MEP-Lamar | NGPL-TXOK East | Chicago | NGPL-Nicor | NGPL-Nipsco | REX E-NGPL | REX-Z3 Del Pool,0.9581162032967075,0.9232927894009793,0.9811342418564257,0.041449197927807796,0.9581162032967075,-0.2989999999999997,,,Global_G03 | Global_G03_S01,4,0,3,Carthage | NGPL-MidAm | PGLC,0.9584286802480234,0.9232927894009793,0.9811342418564257,0.0498712115656103,0.9584286802480234,,,,OwnHistoryOnly,,0,,,,,,,,,,False,False,0.0,-0.5373900000000005,-0.09260999999999944,-0.6485850000000006,0.018585000000000795,-0.759780000000001,0.12978000000000106,,,,,,,,,,0.0,No forward mark,No forward mark,,,False,,-1
NGPL-MidAm,Global_G03,3,regular,Global_G03_S01,1,regular,Midwest,Midwest - Chicago,3,Global_G03,Global_G03_S01,NGPL-MidAm,GLOBAL,Autumn,,,ICE NGPL Mid-American Citygate FDt Com,,Chicago,NGPL-MidAm,44,-0.27871136363636356,0.13585984778424312,0.06951519436829627,-0.23999999999999977,0.08154300000000023,-0.5899999999999999,-0.10000000000000009,2026-09-02,-0.20009999999999994,,,0.08154300000000023,-0.23999999999999977,,,,,False,balmo_transition,September 4-30,September 3,September,September,-0.20009999999999994,,,,,,,,,,11,,,,,,,Global_G03,12,1,11,Carthage | NGPL-AM Pool | PGLC | Bennington | MEP-Lamar | NGPL-TXOK East | Chicago | NGPL-Nicor | NGPL-Nipsco | REX E-NGPL | REX-Z3 Del Pool,0.9841819655194566,0.9512709796568004,0.999941764419077,0.02168737510980567,0.9841819655194566,-0.21899999999999986,,,Global_G03 | Global_G03_S01,4,0,3,Carthage | NGPL-AM Pool | PGLC,0.9765114751502093,0.9512709796568004,0.9971292039374018,0.03142367773030953,0.9765114751502093,,,,OwnHistoryOnly,,0,,,,,,,,,,False,False,0.0,-0.4030860000000002,-0.07691399999999932,-0.4846290000000004,0.00462900000000091,-0.5661720000000007,0.08617200000000114,,,,,,,,,,0.0,No forward mark,No forward mark,,,False,,-1
PGLC,Global_G03,3,regular,Global_G03_S01,1,regular,Midwest,Midwest - Demand,3,Global_G03,Global_G03_S01,PGLC,GLOBAL,Autumn,,Chicago Peoples FDt Com,,Chicago-Peoples,Chicago,PGLC,62,-0.2725290322580645,0.1291938236191777,0.06893928840899646,-0.25250000000000017,0.0926625,-0.605,-0.05500000000000016,2026-09-02,-0.20499999999999963,,,0.0926625,-0.25250000000000017,,,,,False,balmo_transition,September 4-30,September 3,September,September,-0.20499999999999963,,,,,,,,,,12,,,,,,,Global_G03,12,1,11,Carthage | NGPL-AM Pool | NGPL-MidAm | Bennington | MEP-Lamar | NGPL-TXOK East | Chicago | NGPL-Nicor | NGPL-Nipsco | REX E-NGPL | REX-Z3 Del Pool,0.9715473324015712,0.9237671058875441,0.9971292039374018,0.029081252985177934,0.9715473324015712,-0.22899999999999965,,,Global_G03 | Global_G03_S01,4,0,3,Carthage | NGPL-AM Pool | NGPL-MidAm,0.963918439770537,0.9237671058875441,0.9971292039374018,0.032881358008190635,0.963918439770537,,,,OwnHistoryOnly,,0,,,,,,,,,,False,False,0.0,-0.43782500000000013,-0.06717500000000018,-0.5304875000000002,0.02548749999999983,-0.6231500000000001,0.11814999999999981,,,,,,,,,,0.0,No forward mark,No forward mark,,,False,,-1
Bennington,Global_G03,3,regular,Global_G03_S02,2,supergroup,South Central,SouthCentral - TexCoast,3,Global_G03,Global_G03_S02,Bennington,GLOBAL,Autumn,,,ICE Bennington Oklahoma (buyers' choice) FDt Com,,NGPL-TXOK East,Bennington,63,-0.2838714285714285,0.11343447224317454,0.06076798741568741,-0.2601,0.05663532000000034,-0.5803999999999996,-0.121,2026-09-03,-0.17169999999999996,,,0.05663532000000034,-0.2601,,,,,False,balmo_transition,September 4-30,September 3,September,September,-0.17169999999999996,,,,,,,,,,7,,,,,,,Global_G03,12,1,11,Carthage | NGPL-AM Pool | NGPL-MidAm | PGLC | MEP-Lamar | NGPL-TXOK East | Chicago | NGPL-Nicor | NGPL-Nipsco | REX E-NGPL | REX-Z3 Del Pool,0.9672391733996534,0.9337310630488425,0.9981886169398795,0.03721802808279772,0.9672391733996534,-0.24154999999999993,,,Global_G03 | Global_G03_S02,3,0,2,MEP-Lamar | NGPL-TXOK East,0.9972519328715894,0.9963152488032992,0.9981886169398795,0.00630084111680481,0.9972519328715894,,,,OwnHistoryOnly,,0,,,,,,,,,,False,False,0.0,-0.3733706400000007,-0.1468293599999993,-0.430005960000001,-0.09019403999999898,-0.4866412800000014,-0.033558719999998626,,,,,,,,,,0.0,No forward mark,No forward mark,,,False,,-1
MEP-Lamar,Global_G03,3,regular,Global_G03_S02,2,supergroup,South Central,SouthCentral - TexCoast,3,Global_G03,Global_G03_S02,MEP-Lamar,GLOBAL,Autumn,,,ICE MEP-Lamar FDt Com,,NGPL-TXOK East,MEP-Lamar,63,-0.2825746031746031,0.11709446967499791,0.061632888526951,-0.26180000000000003,0.05796966000000053,-0.5873999999999997,-0.11319999999999997,2026-09-03,-0.1842999999999999,,,0.05796966000000053,-0.26180000000000003,,,,,False,balmo_transition,September 4-30,September 3,September,September,-0.1842999999999999,,,,,,,,,,5,,,,,,,Global_G03,12,1,11,Carthage | NGPL-AM Pool | NGPL-MidAm | PGLC | Bennington | NGPL-TXOK East | Chicago | NGPL-Nicor | NGPL-Nipsco | REX E-NGPL | REX-Z3 Del Pool,0.9647820814716994,0.9327154296457679,0.9981886169398795,0.034186099330226254,0.9647820814716994,-0.24214999999999987,,,Global_G03 | Global_G03_S02,3,0,2,Bennington | NGPL-TXOK East,0.9974558030441472,0.996722989148415,0.9981886169398795,0.007634246296817596,0.9974558030441472,,,,OwnHistoryOnly,,0,,,,,,,,,,False,False,0.0,-0.3777393200000011,-0.14586067999999897,-0.4357089800000016,-0.08789101999999846,-0.49367864000000217,-0.029921359999997926,,,,,,,,,,0.0,No forward mark,No forward mark,,,False,,-1
NGPL-TXOK East,Global_G03,3,regular,Global_G03_S02,2,supergroup,South Central,SouthCentral - TexCoast,3,Global_G03,Global_G03_S02,NGPL-TXOK East,GLOBAL,Autumn,NGPL-TXOK EAST,NGPL Texok Zn FDt Com,ICE NGPL TXOK East Pool FDt Com,"NGPL, Texok zone",,NGPL-TXOK East,63,-0.335184126984127,0.11741945929616165,0.060473421269707034,-0.3099999999999996,0.05930400000000071,-0.645,-0.15500000000000025,2026-09-03,-0.2315999999999998,,,0.05930400000000071,-0.3099999999999996,,,,,False,balmo_transition,September 4-30,September 3,September,September,-0.2315999999999998,,,,,,,,,,26,,,,,,,Global_G03,12,1,11,Carthage | NGPL-AM Pool | NGPL-MidAm | PGLC | Bennington | MEP-Lamar | Chicago | NGPL-Nicor | NGPL-Nipsco | REX E-NGPL | REX-Z3 Del Pool,0.9704520601852443,0.9416428963652196,0.996722989148415,0.029753865434236786,0.9704520601852443,-0.29149999999999965,,,Global_G03 | Global_G03_S02,3,0,2,Bennington | MEP-Lamar,0.9965191189758571,0.9963152488032994,0.996722989148415,0.007858052982344908,0.9965191189758571,,,,OwnHistoryOnly,,0,,,,,,,,,,False,False,0.0,-0.42860800000000104,-0.19139199999999817,-0.48791200000000173,-0.13208799999999749,-0.5472160000000025,-0.07278399999999677,,,,,,,,,,0.0,No forward mark,No forward mark,,,False,,-1
Chicago,Global_G03,3,regular,Global_G03_S03,3,supergroup,Midwest,Midwest - Chicago,3,Global_G03,Global_G03_S03,Chicago,GLOBAL,Autumn,Chicago,Chicago CG FDt Com,,Chicago city-gates,,,62,-0.26862903225806456,0.1288447068667266,0.0655942778725209,-0.24499999999999966,0.08154300000000056,-0.5949999999999998,-0.050000000000000266,2026-09-02,-0.20499999999999963,-0.22399999999999975,Bid+Ask+Last,0.08154300000000056,-0.24499999999999966,0.020999999999999908,0.3463784686493007,0.2575328354365153,0.2575328354365153,True,balmo_transition,September 4-30,September 3,September,September,-0.20499999999999963,0.02819625631326358,-0.2841327082711693,0.060132708271169566,0.25119215781023496,-0.019000000000000128,-0.07385257547631083,0.0548525754763107,-0.0548525754763107,0.6241171790330998,26,slight weaker than history,slight,0.14654224905589638,0.0636396103067895,0.3743123626783426,historical same-month,Global_G03,12,0,11,Carthage | NGPL-AM Pool | NGPL-MidAm | PGLC | Bennington | MEP-Lamar | NGPL-TXOK East | NGPL-Nicor | NGPL-Nipsco | REX E-NGPL | REX-Z3 Del Pool,0.9777319977157327,0.9367337292473781,0.9999417644190771,0.023902065361625844,0.9777319977157327,,,,Global_G03 | Global_G03_S03,3,0,2,NGPL-Nicor | NGPL-Nipsco,0.9991630417957993,0.9991253989627527,0.9992006846288458,0.0064009243467326275,0.9991630417957993,,,,OwnHistoryOnly,,0,,,,,,,,Higher than own-history expected value,,False,False,0.0,-0.4080860000000008,-0.08191399999999854,-0.4896290000000013,-0.00037099999999798405,-0.5711720000000019,0.08117200000000258,,,,,,,,,,0.2575328354365153,In-family,history=Higher than own-history expected value; pattern=slight weaker than history; historical check type=balmo_transition; historical window=September 4-30; actual point=September 3; current month name=September; mark month name=September; mark history mean=-0.28; mark history delta=+0.06; current transition=-0.02; transition mean=-0.07; transition delta=+0.05; transition magnitude delta=-0.05; transition degree=slight; transition degree score=0.15; component current-month sd=0.06; component historical month sd=0.37; transition degree scale source=historical same-month; actual-to-date z=0.03; mark z=0.25; transition z=0.62; pattern years=26,,,False,,0
NGPL-Nicor,Global_G03,3,regular,Global_G03_S03,3,supergroup,Midwest,Midwest - Chicago,3,Global_G03,Global_G03_S03,NGPL-Nicor,GLOBAL,Autumn,Chicago,Chicago Nicor FDt Com,,Chicago-Nicor,Chicago,NGPL-Nicor,63,-0.26591587301587305,0.1273988810989874,0.06518065585691506,-0.24499999999999966,0.08154299999999957,-0.585,-0.05500000000000016,2026-09-03,-0.16769999999999996,,,0.08154299999999957,-0.24499999999999966,,,,,False,balmo_transition,September 4-30,September 3,September,September,-0.16769999999999996,,,,,,,,,,10,,,,,,,Global_G03,12,1,11,Carthage | NGPL-AM Pool | NGPL-MidAm | PGLC | Bennington | MEP-Lamar | NGPL-TXOK East | Chicago | NGPL-Nipsco | REX E-NGPL | REX-Z3 Del Pool,0.9771172284511127,0.9363809124552033,0.9993002126307062,0.024026435084115345,0.9771172284511127,-0.22399999999999975,,,Global_G03 | Global_G03_S03,3,1,2,Chicago | NGPL-Nipsco,0.9985204891389221,0.9978402936489984,0.9992006846288458,0.007412999999999842,0.9985204891389221,-0.22399999999999975,,,OwnHistoryOnly,,0,,,,,,,,,,False,False,0.0,-0.40808599999999884,-0.08191400000000051,-0.48962899999999837,-0.0003710000000009539,-0.571171999999998,0.08117199999999863,,,,,,,,,,0.0,No forward mark,No forward mark,,,False,,-1
NGPL-Nipsco,Global_G03,3,regular,Global_G03_S03,3,supergroup,Midwest,Midwest - Chicago,3,Global_G03,Global_G03_S03,NGPL-Nipsco,GLOBAL,Autumn,Chicago,Chicago NIPSCO FDt Com,,Chicago-NIPSCO,Chicago,NGPL-Nipsco,63,-0.26671269841269846,0.12849247560757168,0.06673423578498854,-0.24499999999999966,0.08895600000000073,-0.5949999999999998,-0.050000000000000266,2026-09-03,-0.16290000000000004,,,0.08895600000000073,-0.24499999999999966,,,,,False,balmo_transition,September 4-30,September 3,September,September,-0.16290000000000004,,,,,,,,,,10,,,,,,,Global_G03,12,1,11,Carthage | NGPL-AM Pool | NGPL-MidAm | PGLC | Bennington | MEP-Lamar | NGPL-TXOK East | Chicago | NGPL-Nicor | REX E-NGPL | REX-Z3 Del Pool,0.9771670173754128,0.9346093027748177,0.999608131831763,0.02501345499317695,0.9771670173754128,-0.22399999999999975,,,Global_G03 | Global_G03_S03,3,1,2,Chicago | NGPL-Nicor,0.9984828463058755,0.9978402936489984,0.9991253989627525,0.006400234891428152,0.9984828463058755,-0.22399999999999975,,,OwnHistoryOnly,,0,,,,,,,,,,False,False,0.0,-0.4229120000000011,-0.0670879999999982,-0.5118680000000019,0.021868000000002552,-0.6008240000000026,0.11082400000000325,,,,,,,,,,0.0,No forward mark,No forward mark,,,False,,-1
REX E-NGPL,Global_G03,3,regular,Global_G03_S04,4,supergroup,Midwest,Midwest - Chicago,3,Global_G03,Global_G03_S04,REX E-NGPL,GLOBAL,Autumn,,,ICE REX (East) delivered into NGPL FDt Com,,REX-Z3 Del Pool,REX E-NGPL,63,-0.3160984126984127,0.1294415392917359,0.06585015126785167,-0.28610000000000024,0.11267760000000075,-0.6506999999999996,-0.12780000000000014,2026-09-03,-0.23349999999999982,,,0.11267760000000075,-0.28610000000000024,,,,,False,balmo_transition,September 4-30,September 3,September,September,-0.23349999999999982,,,,,,,,,,11,,,,,,,Global_G03,12,1,11,Carthage | NGPL-AM Pool | NGPL-MidAm | PGLC | Bennington | MEP-Lamar | NGPL-TXOK East | Chicago | NGPL-Nicor | NGPL-Nipsco | REX-Z3 Del Pool,0.9814000557622085,0.9521419755400069,0.9998842761660108,0.02640205219768345,0.9814000557622085,-0.2748999999999997,,,Global_G03 | Global_G03_S04,2,0,1,REX-Z3 Del Pool,0.9998842761660108,0.9998842761660108,0.9998842761660108,0.0021497699999999276,0.9998842761660108,,,,OwnHistoryOnly,,0,,,,,,,,,,False,False,0.0,-0.5114552000000018,-0.06074479999999874,-0.6241328000000025,0.051932800000002,-0.7368104000000033,0.16461040000000277,,,,,,,,,,0.0,No forward mark,No forward mark,,,False,,-1
REX-Z3 Del Pool,Global_G03,3,regular,Global_G03_S04,4,supergroup,Midwest,Midwest - Chicago,3,Global_G03,Global_G03_S04,REX-Z3 Del Pool,GLOBAL,Autumn,,REX Zone 3 delivered FDt Com,ICE REX zone 3 delivered Pool FDt Com,"REX, zone 3 delivered",,REX-Z3 Del Pool,62,-0.31733870967741934,0.12860766919339198,0.065239994103319,-0.2875000000000001,0.11490150000000018,-0.645,-0.13000000000000034,2026-09-02,-0.2849999999999997,,,0.11490150000000018,-0.2875000000000001,,,,,False,balmo_transition,September 4-30,September 3,September,September,-0.2849999999999997,,,,,,,,,,10,,,,,,,Global_G03,12,1,11,Carthage | NGPL-AM Pool | NGPL-MidAm | PGLC | Bennington | MEP-Lamar | NGPL-TXOK East | Chicago | NGPL-Nicor | NGPL-Nipsco | REX E-NGPL,0.9815329550624731,0.9519801974180753,0.9998842761660107,0.02561166920483607,0.9815329550624731,-0.274,,,Global_G03 | Global_G03_S04,2,0,1,REX E-NGPL,0.9998842761660107,0.9998842761660107,0.9998842761660107,0.0021497699999999276,0.9998842761660107,,,,OwnHistoryOnly,,0,,,,,,,,,,False,False,0.0,-0.5173030000000005,-0.05769699999999972,-0.6322045000000006,0.057204500000000436,-0.7471060000000008,0.17210600000000065,,,,,,,,,,0.0,No forward mark,No forward mark,,,False,,-1
EP-SJ Blanco Pool,Global_G04,4,regular,Global_G04_S01,1,supergroup,South Central,Mountain - WesTex,3,Global_G04,Global_G04_S01,EP-SJ Blanco Pool,GLOBAL,Autumn,,El Paso SanJuan FDt Com,,"El Paso, San Juan",,EP-SJ Blanco Pool,63,-0.611753968253968,0.5559369660908123,0.1557811513648911,-0.41500000000000004,0.17791200000000015,-2.405,-0.1200000000000001,2026-09-03,-0.7404999999999999,,,0.17791200000000015,-0.41500000000000004,,,,,False,balmo_transition,September 4-30,September 3,September,September,-0.7404999999999999,,,,,,,,,,26,,,,,,,Global_G04,9,0,8,EP-SJ Bondad Stn | TW-Blanco | NWP-Rocky Mtn | NWP-Wyoming | White River Hub | MountainWest-North | PG&E-Topock | Socal-Needles,0.9604764180413029,0.8781317487669185,0.9992146630191957,0.12551442996505408,0.9604764180413029,,,,Global_G04 | Global_G04_S01,3,0,2,EP-SJ Bondad Stn | TW-Blanco,0.9987652373068899,0.9983158115945842,0.9992146630191957,0.022235664288382105,0.9987652373068899,,,,OwnHistoryOnly,,0,,,,,,,,,,False,False,0.0,-0.7708240000000004,-0.05917599999999973,-0.9487360000000005,0.1187360000000004,-1.1266480000000008,0.2966480000000006,,,,,,,,,,0.0,No forward mark,No forward mark,,,False,,-1
EP-SJ Bondad Stn,Global_G04,4,regular,Global_G04_S01,1,supergroup,South Central,Mountain - WesTex,3,Global_G04,Global_G04_S01,EP-SJ Bondad Stn,GLOBAL,Autumn,,El Paso Bondad FDt Com,,,,EP-SJ Bondad Stn,63,-0.6161698412698412,0.5592186148878372,0.16188930896761417,-0.4049999999999998,0.185325,-2.42,-0.11000000000000032,2026-09-03,-0.7336999999999998,,,0.185325,-0.4049999999999998,,,,,False,balmo_transition,September 4-30,September 3,September,September,-0.7336999999999998,,,,,,,,,,26,,,,,,,Global_G04,9,0,8,EP-SJ Blanco Pool | TW-Blanco | NWP-Rocky Mtn | NWP-Wyoming | White River Hub | MountainWest-North | PG&E-Topock | Socal-Needles,0.9611837540204469,0.8814705523877429,0.9992146630191957,0.12306464620553705,0.9611837540204469,,,,Global_G04 | Global_G04_S01,3,0,2,EP-SJ Blanco Pool | TW-Blanco,0.998320518206969,0.9974263733947424,0.9992146630191957,0.02593554083051657,0.998320518206969,,,,OwnHistoryOnly,,0,,,,,,,,,,False,False,0.0,-0.7756499999999997,-0.034349999999999825,-0.9609749999999998,0.1509750000000002,-1.1462999999999997,0.33630000000000015,,,,,,,,,,0.0,No forward mark,No forward mark,,,False,,-1
TW-Blanco,Global_G04,4,regular,Global_G04_S01,1,supergroup,South Central,Mountain - WesTex,3,Global_G04,Global_G04_S01,TW-Blanco,GLOBAL,Autumn,,Transwestern-SJ FDt Com,,"Transwestern, San Juan Basin",,TW-Blanco,63,-0.5753952380952383,0.5549336805562158,0.16536050277452113,-0.38500000000000023,0.19273799999999983,-2.375,-0.03000000000000025,2026-09-03,-0.7199,,,0.19273799999999983,-0.38500000000000023,,,,,False,balmo_transition,September 4-30,September 3,September,September,-0.7199,,,,,,,,,,16,,,,,,,Global_G04,9,0,8,EP-SJ Blanco Pool | EP-SJ Bondad Stn | NWP-Rocky Mtn | NWP-Wyoming | White River Hub | MountainWest-North | PG&E-Topock | Socal-Needles,0.9584984540830044,0.8715093248051653,0.9983158115945843,0.1229195104348435,0.9584984540830044,,,,Global_G04 | Global_G04_S01,3,0,2,EP-SJ Blanco Pool | EP-SJ Bondad Stn,0.9978710924946634,0.9974263733947425,0.9983158115945843,0.03335684813198153,0.9978710924946634,,,,OwnHistoryOnly,,0,,,,,,,,,,False,False,0.0,-0.7704759999999999,0.00047599999999942133,-0.9632139999999997,0.19321399999999922,-1.1559519999999996,0.3859519999999991,,,,,,,,,,0.0,No forward mark,No forward mark,,,False,,-1
NWP-Rocky Mtn,Global_G04,4,regular,Global_G04_S02,2,supergroup,Rockies,Mountain - Opal,3,Global_G04,Global_G04_S02,NWP-Rocky Mtn,GLOBAL,Autumn,NWP-ROCKY MTN,Northwest Rocky Mountain Pool FDt Com,,"Northwest, Rocky Mountains",,NWP-Rocky Mtn,61,-0.5732622950819671,0.5590410882824073,0.14039969936549335,-0.3849999999999998,0.14826000000000011,-2.33,-0.14939999999999998,2026-09-03,-0.4558,,,0.14826000000000011,-0.3849999999999998,,,,,False,balmo_transition,September 4-30,September 3,September,September,-0.4558,,,,,,,,,,12,,,,,,,Global_G04,9,0,8,EP-SJ Blanco Pool | EP-SJ Bondad Stn | TW-Blanco | NWP-Wyoming | White River Hub | MountainWest-North | PG&E-Topock | Socal-Needles,0.9667895674736704,0.9054081250961394,0.9964843814920601,0.10701139768565454,0.9667895674736704,,,,Global_G04 | Global_G04_S02,3,0,2,NWP-Wyoming | White River Hub,0.9945368435502431,0.9925893056084262,0.9964843814920601,0.01997188994083902,0.9945368435502431,,,,OwnHistoryOnly,,0,,,,,,,,,,False,False,0.0,-0.68152,-0.08847999999999956,-0.8297800000000002,0.059780000000000555,-0.9780400000000002,0.20804000000000067,,,,,,,,,,0.0,No forward mark,No forward mark,,,False,,-1
NWP-Wyoming,Global_G04,4,regular,Global_G04_S02,2,supergroup,Rockies,Mountain - WesTex,3,Global_G04,Global_G04_S02,NWP-Wyoming,GLOBAL,Autumn,,NW S of Grn Rvr FDt Com,,"Northwest, Wyoming Pool",,NWP-Wyoming,63,-0.5928603174603174,0.5442026515743402,0.14294440795359437,-0.38000000000000034,0.13343399999999978,-2.33,-0.17000000000000037,2026-09-03,-0.3902000000000001,,,0.13343399999999978,-0.38000000000000034,,,,,False,balmo_transition,September 4-30,September 3,September,September,-0.3902000000000001,,,,,,,,,,26,,,,,,,Global_G04,9,0,8,EP-SJ Blanco Pool | EP-SJ Bondad Stn | TW-Blanco | NWP-Rocky Mtn | White River Hub | MountainWest-North | PG&E-Topock | Socal-Needles,0.9644752135042246,0.8876010911377458,0.9925893056084262,0.11059632640043594,0.9644752135042246,,,,Global_G04 | Global_G04_S02,3,0,2,NWP-Rocky Mtn | White River Hub,0.9921432474198852,0.9916971892313443,0.9925893056084262,0.016895907559145797,0.9921432474198852,,,,OwnHistoryOnly,,0,,,,,,,,,,False,False,0.0,-0.6468679999999999,-0.11313200000000079,-0.7803019999999996,0.020301999999998988,-0.9137359999999994,0.15373599999999876,,,,,,,,,,0.0,No forward mark,No forward mark,,,False,,-1
White River Hub,Global_G04,4,regular,Global_G04_S02,2,supergroup,South Central,Mountain - WesTex,3,Global_G04,Global_G04_S02,White River Hub,GLOBAL,Autumn,,White River Hub FDt Com,ICE Waha Hub West Texas FDt Com,White River Hub,,White River Hub,63,-0.5552412698412696,0.5430470687836281,0.1357727929527385,-0.38000000000000034,0.09636900000000058,-2.335,-0.17000000000000037,2026-09-03,-0.3952,,,0.09636900000000058,-0.38000000000000034,,,,,False,balmo_transition,September 4-30,September 3,September,September,-0.3952,,,,,,,,,,15,,,,,,,Global_G04,9,0,8,EP-SJ Blanco Pool | EP-SJ Bondad Stn | TW-Blanco | NWP-Rocky Mtn | NWP-Wyoming | MountainWest-North | PG&E-Topock | Socal-Needles,0.9660016465993615,0.9039434618739831,0.9964843814920601,0.11683530625278374,0.9660016465993615,,,,Global_G04 | Global_G04_S02,3,0,2,NWP-Rocky Mtn | NWP-Wyoming,0.9940907853617021,0.9916971892313442,0.9964843814920601,0.032698648173183166,0.9940907853617021,,,,OwnHistoryOnly,,0,,,,,,,,,,False,False,0.0,-0.5727380000000015,-0.18726199999999918,-0.6691070000000021,-0.09089299999999861,-0.7654760000000027,0.005476000000001979,,,,,,,,,,0.0,No forward mark,No forward mark,,,False,,-1
MountainWest-North,Global_G04,4,regular,Global_G04_S03,3,regular,Rockies,Mountain - WesTex,3,Global_G04,Global_G04_S03,MountainWest-North,GLOBAL,Autumn,,MountainWest FDt Com,ICE MountainWest North Pool FDt Com,,,MountainWest-North,60,-0.55425,0.575090136634456,0.15276317223516303,-0.3599999999999999,0.19273799999999983,-2.38,-0.18500000000000005,2026-09-02,-0.5149999999999997,,,0.19273799999999983,-0.3599999999999999,,,,,False,balmo_transition,September 4-30,September 3,September,September,-0.5149999999999997,,,,,,,,,,26,,,,,,,Global_G04,9,0,8,EP-SJ Blanco Pool | EP-SJ Bondad Stn | TW-Blanco | NWP-Rocky Mtn | NWP-Wyoming | White River Hub | PG&E-Topock | Socal-Needles,0.9711927080022533,0.9413083157107853,0.9899663286525284,0.11110964743259305,0.9711927080022533,,,,Global_G04 | Global_G04_S03,3,0,2,PG&E-Topock | Socal-Needles,0.9441872947625369,0.9413083157107853,0.9470662738142884,0.2074675917440571,0.9441872947625369,,,,OwnHistoryOnly,,0,,,,,,,,,,False,False,0.0,-0.7454759999999996,0.025475999999999777,-0.9382139999999993,0.21821399999999957,-1.1309519999999993,0.41095199999999943,,,,,,,,,,0.0,No forward mark,No forward mark,,,False,,-1
PG&E-Topock,Global_G04,4,regular,Global_G04_S03,3,regular,Rockies,West - California,3,Global_G04,Global_G04_S03,PG&E-Topock,GLOBAL,Autumn,,,ICE PG&E Topock FDt Com,,,PG&E-Topock,63,-0.3080920634920636,0.7158649325886759,0.21027793383510013,-0.13929999999999998,0.39867113999999987,-2.3160999999999996,0.7645,2026-09-03,-0.48,,,0.39867113999999987,-0.13929999999999998,,,,,False,balmo_transition,September 4-30,September 3,September,September,-0.48,,,,,,,,,,12,,,,,,,Global_G04,9,0,8,EP-SJ Blanco Pool | EP-SJ Bondad Stn | TW-Blanco | NWP-Rocky Mtn | NWP-Wyoming | White River Hub | MountainWest-North | Socal-Needles,0.9071483727471139,0.8715093248051653,0.982056404094928,0.2097698538442073,0.9071483727471139,,,,Global_G04 | Global_G04_S03,3,0,2,MountainWest-North | Socal-Needles,0.9645613389546083,0.9470662738142885,0.982056404094928,0.15597794591257239,0.9645613389546083,,,,OwnHistoryOnly,,0,,,,,,,,,,False,False,0.0,-0.9366422799999997,0.6580422799999998,-1.3353134199999996,1.0567134199999997,-1.7339845599999995,1.4553845599999995,,,,,,,,,,0.0,No forward mark,No forward mark,,,False,,-1
Socal-Needles,Global_G04,4,regular,Global_G04_S03,3,regular,West,West - California,3,Global_G04,Global_G04_S03,Socal-Needles,GLOBAL,Autumn,,,ICE Socal Needles FDt Com,,,Socal-Needles,63,-0.0816190476190476,0.7850909959293896,0.24319533317751615,0.15790000000000015,0.40549109999999977,-2.3108999999999997,1.141,2026-09-03,-0.4788999999999999,,,0.40549109999999977,0.15790000000000015,,,,,False,balmo_transition,September 4-30,September 3,September,September,-0.4788999999999999,,,,,,,,,,12,,,,,,,Global_G04,9,0,8,EP-SJ Blanco Pool | EP-SJ Bondad Stn | TW-Blanco | NWP-Rocky Mtn | NWP-Wyoming | White River Hub | MountainWest-North | PG&E-Topock,0.9093901830899156,0.8793081948699687,0.9820564040949281,0.33010028778582856,0.9093901830899156,,,,Global_G04 | Global_G04_S03,3,0,2,MountainWest-North | PG&E-Topock,0.9616823599028568,0.9413083157107854,0.9820564040949281,0.19880082859770581,0.9616823599028568,,,,OwnHistoryOnly,,0,,,,,,,,,,False,False,0.0,-0.6530821999999994,0.9688821999999997,-1.058573299999999,1.3743732999999994,-1.464064399999999,1.7798643999999992,,,,,,,,,,0.0,No forward mark,No forward mark,,,False,,-1
Socal-Border,Global_G05,5,regular,Global_G05_S01,1,supergroup,West,West - California,3,Global_G05,Global_G05_S01,Socal-Border,GLOBAL,Autumn,SOCAL-BORDER,SoCal Gas FDt Com,ICE Socal sellers' choice dlvd incl. CA production FDt Com,SoCal Gas,,Socal-Border,62,-0.014596774193548356,0.8941871931440677,0.4072026891544859,0.19250000000000012,0.44848649999999995,-2.3449999999999998,2.83,2026-09-02,-0.46999999999999975,-0.05099999999999971,Bid+Ask+Last,0.44848649999999995,0.19250000000000012,-0.24349999999999983,-0.04071096755306159,-0.5429371898596721,0.5429371898596721,True,balmo_transition,September 4-30,September 3,September,September,-0.46999999999999975,-0.869105377374171,-0.023627139201357804,-0.02737286079864191,-0.07040941761365524,0.41900000000000004,-0.3411925987992334,0.7601925987992335,0.07780740120076662,0.8951742697407662,26,opposite transition,,,0.0813172798364528,0.9630490230574226,historical same-month,Global_G05,8,1,7,Socal-Ehrenberg | KRGT-Del Pool | KRGT-Rec Pool | EP-S.Mainline | Socal-Citygate | GTN-Malin | Ruby-Rec Pool,0.9502945381833435,0.917328287540256,0.971941091203653,0.1392904014813523,0.9502945381833435,-0.09999999999999964,0.04899999999999993,1.201819898703756,Global_G05 | Global_G05_S01,2,0,1,Socal-Ehrenberg,0.9686491615127931,0.9686491615127931,0.9686491615127931,0.05367012000000001,0.9686491615127931,,,,Parent,Global_G05,7,Socal-Ehrenberg | KRGT-Del Pool | KRGT-Rec Pool | EP-S.Mainline | Socal-Citygate | GTN-Malin | Ruby-Rec Pool,0.9502945381833435,-0.09999999999999964,0.04899999999999993,0.1392904014813523,1.201819898703756,1.1420828856182386,Lower than own-history expected value,Higher than peer-implied value,True,False,1.1715707140010818,-0.7044729999999998,1.089473,-1.1529594999999997,1.5379595,-1.6014459999999997,1.986446,1.2822741772446762,2.5645483544893524,2.0516386835914817,-0.2786084849575813,0.07860848495758199,-0.4572169699151629,0.25721696991516363,-0.38577357593213024,0.18577357593213095,1.291262455908063,In-family,history=Lower than own-history expected value; peers=Higher than peer-implied value; parent peers=7; peer model trusted; history/peer direction disagree; pattern=opposite transition; historical check type=balmo_transition; historical window=September 4-30; actual point=September 3; current month name=September; mark month name=September; mark history mean=-0.02; mark history delta=-0.03; current transition=+0.42; transition mean=-0.34; transition delta=+0.76; transition magnitude delta=+0.08; component current-month sd=0.08; component historical month sd=0.96; transition degree scale source=historical same-month; actual-to-date z=-0.87; mark z=-0.07; transition z=0.90; pattern years=26,,,False,,0
Socal-Ehrenberg,Global_G05,5,regular,Global_G05_S01,1,supergroup,Rockies,West - California,3,Global_G05,Global_G05_S01,Socal-Ehrenberg,GLOBAL,Autumn,,,ICE Socal Ehrenberg Dlvd FDt Com,,,Socal-Ehrenberg,63,0.08539682539682539,1.1093053249041616,0.7660586607625056,0.254,0.4670189999999999,-2.3662,5.3942,2026-09-03,-0.47940000000000005,,,0.4670189999999999,0.254,,,,,False,balmo_transition,September 4-30,September 3,September,September,-0.47940000000000005,,,,,,,,,,12,,,,,,,Global_G05,8,2,7,Socal-Border | KRGT-Del Pool | KRGT-Rec Pool | EP-S.Mainline | Socal-Citygate | GTN-Malin | Ruby-Rec Pool,0.8859536587041621,0.8201497496270541,0.995262401158763,0.16497135803700988,0.8859536587041621,-0.05516791822111346,,,Global_G05 | Global_G05_S01,2,1,1,Socal-Border,0.9686491615127931,0.9686491615127931,0.9686491615127931,0.05367012000000001,0.9686491615127931,-0.024499999999999744,,,OwnHistoryOnly,,0,,,,,,,,,,False,False,0.0,-0.6800379999999998,1.1880379999999997,-1.1470569999999998,1.6550569999999998,-1.6140759999999996,2.122076,,,,,,,,,,0.0,No forward mark,No forward mark,,,False,,-1
KRGT-Del Pool,Global_G05,5,regular,Global_G05_S02,2,supergroup,Rockies,West - California,3,Global_G05,Global_G05_S02,KRGT-Del Pool,GLOBAL,Autumn,,Kern River Dlvd FDt Com,,"Kern River, delivered",,KRGT-Del Pool,63,-0.12703650793650792,0.7590064027741299,0.23317044279094926,0.0900000000000003,0.44477999999999906,-2.29,1.13,2026-09-03,-0.37829999999999986,,,0.44477999999999906,0.0900000000000003,,,,,False,balmo_transition,September 4-30,September 3,September,September,-0.37829999999999986,,,,,,,,,,20,,,,,,,Global_G05,8,2,7,Socal-Border | Socal-Ehrenberg | KRGT-Rec Pool | EP-S.Mainline | Socal-Citygate | GTN-Malin | Ruby-Rec Pool,0.9521809849068338,0.8796928522152871,0.9911617295629003,0.13790845764193957,0.9521809849068338,-0.1095915382053685,,,Global_G05 | Global_G05_S02,2,0,1,KRGT-Rec Pool,0.9855161543067779,0.9855161543067779,0.9855161543067779,0.19273799999999983,0.9855161543067779,,,,OwnHistoryOnly,,0,,,,,,,,,,False,False,0.0,-0.7995599999999978,0.9795599999999984,-1.244339999999997,1.4243399999999975,-1.689119999999996,1.8691199999999966,,,,,,,,,,0.0,No forward mark,No forward mark,,,False,,-1
KRGT-Rec Pool,Global_G05,5,regular,Global_G05_S02,2,supergroup,Rockies,Mountain - Rockies,3,Global_G05,Global_G05_S02,KRGT-Rec Pool,GLOBAL,Autumn,,Kern River Opal FDt Com,ICE Kern River receipt FDt Com,,Opal,KRGT-Rec Pool,63,-0.39444444444444454,0.6390498940028779,0.17628031316671003,-0.2549999999999999,0.2372160000000002,-2.32,0.6350000000000002,2026-09-03,-0.4099999999999997,,,0.2372160000000002,-0.2549999999999999,,,,,False,balmo_transition,September 4-30,September 3,September,September,-0.4099999999999997,,,,,,,,,,26,,,,,,,Global_G05,8,2,7,Socal-Border | Socal-Ehrenberg | KRGT-Del Pool | EP-S.Mainline | Socal-Citygate | GTN-Malin | Ruby-Rec Pool,0.9376004114109663,0.8411978456387161,0.9969556160025426,0.19895430091873995,0.9376004114109663,-0.4084927745758378,,,Global_G05 | Global_G05_S02,2,0,1,KRGT-Del Pool,0.9855161543067779,0.9855161543067779,0.9855161543067779,0.19273799999999983,0.9855161543067779,,,,OwnHistoryOnly,,0,,,,,,,,,,False,False,0.0,-0.7294320000000003,0.21943200000000052,-0.9666480000000005,0.4566480000000007,-1.2038640000000007,0.6938640000000009,,,,,,,,,,0.0,No forward mark,No forward mark,,,False,,-1
EP-S.Mainline,Global_G05,5,regular,Global_G05_S03,3,regular,South Central,Mountain - WesTex,3,Global_G05,Global_G05_S03,EP-S.Mainline,GLOBAL,Autumn,,El Paso S Mainline FDt Com,,,,EP-S.Mainline,63,0.10159523809523816,1.1089846048014536,0.700305126376414,0.22999999999999998,0.5782139999999995,-2.3549999999999995,5.05,2026-09-03,-0.4844999999999997,,,0.5782139999999995,0.22999999999999998,,,,,False,balmo_transition,September 4-30,September 3,September,September,-0.4844999999999997,,,,,,,,,,18,,,,,,,Global_G05,8,2,7,Socal-Border | Socal-Ehrenberg | KRGT-Del Pool | KRGT-Rec Pool | Socal-Citygate | GTN-Malin | Ruby-Rec Pool,0.8900675588000198,0.8226176932184465,0.9952624011587629,0.17753532417790907,0.8900675588000198,-0.051571039911627745,,,Global_G05 | Global_G05_S03,2,1,1,Socal-Citygate,0.8742333295928442,0.8742333295928442,0.8742333295928442,0.08154300000000023,0.8742333295928442,-0.08000000000000007,,,OwnHistoryOnly,,0,,,,,,,,,,False,False,0.0,-0.9264279999999989,1.3864279999999989,-1.5046419999999983,1.9646419999999982,-2.082855999999998,2.542855999999998,,,,,,,,,,0.0,No forward mark,No forward mark,,,False,,-1
Socal-Citygate,Global_G05,5,regular,Global_G05_S03,3,regular,West,West - California,3,Global_G05,Global_G05_S03,Socal-Citygate,GLOBAL,Autumn,SOCAL-CITYGATE,SoCal Gas CG FDt Com,,SoCal Gas city-gate,,Socal-Citygate,63,0.8090682539682541,0.7762682754225806,0.2359900054631064,1.04,0.4447800000000004,-1.3949999999999998,1.9599999999999995,2026-09-03,0.4013,0.7800000000000002,Bid+Ask,0.4447800000000004,1.04,-0.2599999999999998,-0.03744614444333673,-0.5845586582130482,0.5845586582130482,True,balmo_transition,September 4-30,September 3,September,September,0.4013,-0.41262378053915855,0.5639699104670711,0.21603008953292913,0.3521332990626456,0.37870000000000026,-0.382671530778331,0.7613715307783313,-0.003971530778330734,0.5088809006937779,17,opposite transition,,,0.07134117558138034,1.2573163041518252,current-month,Global_G05,8,1,7,Socal-Border | Socal-Ehrenberg | KRGT-Del Pool | KRGT-Rec Pool | EP-S.Mainline | GTN-Malin | Ruby-Rec Pool,0.9416415746350483,0.8652680446687561,0.9911617295629004,0.12883570926528026,0.9416415746350483,0.8290000000000002,-0.04899999999999993,-1.201819898703756,Global_G05 | Global_G05_S03,2,0,1,EP-S.Mainline,0.874233329592844,0.874233329592844,0.874233329592844,0.08154300000000021,0.874233329592844,,,,Parent,Global_G05,7,Socal-Border | Socal-Ehrenberg | KRGT-Del Pool | KRGT-Rec Pool | EP-S.Mainline | GTN-Malin | Ruby-Rec Pool,0.9416415746350483,0.8290000000000002,-0.04899999999999993,0.12883570926528026,-1.201819898703756,1.131683581843139,Lower than own-history expected value,Lower than peer-implied value,True,True,1.1662246128835667,0.15043999999999924,1.9295600000000008,-0.29434000000000116,2.374340000000001,-0.7391200000000016,2.8191200000000016,1.2881522622517991,2.5763045245035983,2.0610436196028785,0.6630399896511143,0.994960010348886,0.49707997930222847,1.160920020697772,0.5634639834417828,1.0945360165582176,1.3045262253351844,In-family,history=Lower than own-history expected value; peers=Lower than peer-implied value; parent peers=7; peer model trusted; history/peer direction agree; pattern=opposite transition; historical check type=balmo_transition; historical window=September 4-30; actual point=September 3; current month name=September; mark month name=September; mark history mean=+0.56; mark history delta=+0.22; current transition=+0.38; transition mean=-0.38; transition delta=+0.76; transition magnitude delta=-0.00; component current-month sd=0.07; component historical month sd=1.26; transition degree scale source=current-month; actual-to-date z=-0.41; mark z=0.35; transition z=0.51; pattern years=17,,,False,,0
GTN-Malin,Global_G05,5,regular,Global_G05_S04,4,regular,West,West - California,3,Global_G05,Global_G05_S04,GTN-Malin,GLOBAL,Autumn,,,,,,GTN-Malin,63,-0.3465158730158729,0.7068806371855537,0.17064864631505045,-0.16190000000000015,0.2825835599999998,-2.2745999999999995,0.7608000000000001,2026-09-03,-0.35250000000000004,,,0.2825835599999998,-0.16190000000000015,,,,,False,balmo_transition,September 4-30,September 3,September,September,-0.35250000000000004,,,,,,,,,,12,,,,,,,Global_G05,8,2,7,Socal-Border | Socal-Ehrenberg | KRGT-Del Pool | KRGT-Rec Pool | EP-S.Mainline | Socal-Citygate | Ruby-Rec Pool,0.9239352535395454,0.8201497496270542,0.9906791190616034,0.20715626873451995,0.9239352535395454,-0.31978370314837934,,,Global_G05 | Global_G05_S04,2,0,1,Ruby-Rec Pool,0.9906791190616034,0.9906791190616034,0.9906791190616034,0.07516781999999994,0.9906791190616034,,,,OwnHistoryOnly,,0,,,,,,,,,,False,False,0.0,-0.7270671199999997,0.4032671199999994,-1.0096506799999996,0.6858506799999993,-1.2922342399999993,0.968434239999999,,,,,,,,,,0.0,No forward mark,No forward mark,,,False,,-1
Ruby-Rec Pool,Global_G05,5,regular,Global_G05_S04,4,regular,Rockies,Mountain - Opal,3,Global_G05,Global_G05_S04,Ruby-Rec Pool,GLOBAL,Autumn,,,ICE Ruby Receipt Pool FDt Com,,Opal,Ruby-Rec Pool,63,-0.3849714285714286,0.6750602186826938,0.16908226601604642,-0.2546999999999997,0.3002265000000002,-2.3478,0.6406000000000001,2026-09-03,-0.3857999999999997,,,0.3002265000000002,-0.2546999999999997,,,,,False,balmo_transition,September 4-30,September 3,September,September,-0.3857999999999997,,,,,,,,,,8,,,,,,,Global_G05,8,2,7,Socal-Border | Socal-Ehrenberg | KRGT-Del Pool | KRGT-Rec Pool | EP-S.Mainline | Socal-Citygate | GTN-Malin,0.934360968931439,0.8314555561077651,0.9969556160025425,0.19608211932498967,0.934360968931439,-0.39370160931120324,,,Global_G05 | Global_G05_S04,2,0,1,GTN-Malin,0.9906791190616034,0.9906791190616034,0.9906791190616034,0.07516781999999994,0.9906791190616034,,,,OwnHistoryOnly,,0,,,,,,,,,,False,False,0.0,-0.855153,0.34575300000000064,-1.1553795000000002,0.6459795000000008,-1.4556060000000004,0.946206000000001,,,,,,,,,,0.0,No forward mark,No forward mark,,,False,,-1
AB Pool (inter),Global_G06,6,regular,Global_G06_S01,1,supergroup,South Central,SouthCentral - WesTex,3,Global_G06,Global_G06_S01,AB Pool (inter),GLOBAL,Autumn,,,,,Waha,AB Pool (inter),63,-1.0217825396825395,0.5346491262862094,0.18390829359978805,-0.8384,0.22787561999999958,-2.6382,-0.4838,2026-09-03,-0.8384,,,0.22787561999999958,-0.8384,,,,,False,balmo_transition,September 4-30,September 3,September,September,-0.8384,,,,,,,,,,4,,,,,,,Global_G06,7,1,6,EP-Keystone | EP-Waha Pool | Waha | TW-Panhandle | TW-WTX | EP-Plains Pool,0.9951868802604672,0.9897587241114894,0.9997222799359934,0.040171969788719654,0.9951868802604672,-1.2247999999999999,,,Global_G06 | Global_G06_S01,4,1,3,EP-Keystone | EP-Waha Pool | Waha,0.9993176395825073,0.9990141133751138,0.9997222799359934,0.01650483917301799,0.9993176395825073,-1.2247999999999999,,,OwnHistoryOnly,,0,,,,,,,,,,False,False,0.0,-1.2941512399999993,-0.38264876000000086,-1.5220268599999986,-0.1547731400000013,-1.7499024799999985,0.0731024799999983,,,,,,,,,,0.0,No forward mark,No forward mark,,,False,,-1
EP-Keystone,Global_G06,6,regular,Global_G06_S01,1,supergroup,South Central,SouthCentral - WesTex,3,Global_G06,Global_G06_S01,EP-Keystone,GLOBAL,Autumn,,,ICE El Paso Keystone Pool FDt Com,,,EP-Keystone,63,-1.028284126984127,0.5264163607879925,0.18230109078014273,-0.8584999999999998,0.24047771999999984,-2.6258,-0.5234999999999999,2026-09-03,-0.8843999999999999,,,0.24047771999999984,-0.8584999999999998,,,,,False,balmo_transition,September 4-30,September 3,September,September,-0.8843999999999999,,,,,,,,,,12,,,,,,,Global_G06,7,1,6,AB Pool (inter) | EP-Waha Pool | Waha | TW-Panhandle | TW-WTX | EP-Plains Pool,0.9956148782599429,0.991032305434121,0.999808497607337,0.041623388483999456,0.9956148782599429,-1.2341,,,Global_G06 | Global_G06_S01,4,1,3,AB Pool (inter) | EP-Waha Pool | Waha,0.9993153115548802,0.9990141133751138,0.999808497607337,0.015219600173758886,0.9993153115548802,-1.2341,,,OwnHistoryOnly,,0,,,,,,,,,,False,False,0.0,-1.3394554399999996,-0.37754456000000014,-1.5799331599999993,-0.13706684000000036,-1.8204108799999992,0.10341087999999954,,,,,,,,,,0.0,No forward mark,No forward mark,,,False,,-1
EP-Waha Pool,Global_G06,6,regular,Global_G06_S01,1,supergroup,South Central,SouthCentral - WesTex,3,Global_G06,Global_G06_S01,EP-Waha Pool,GLOBAL,Autumn,,El Paso West Texas FDt Com,ICE El Paso Waha Pool FDt Com,"El Paso, West Texas",,EP-Waha Pool,63,-1.030195238095238,0.5241154897442565,0.18153532789786894,-0.8649999999999998,0.23721599999999954,-2.625,-0.5299999999999998,2026-09-03,-0.8723000000000001,,,0.23721599999999954,-0.8649999999999998,,,,,False,balmo_transition,September 4-30,September 3,September,September,-0.8723000000000001,,,,,,,,,,12,,,,,,,Global_G06,7,1,6,AB Pool (inter) | EP-Keystone | Waha | TW-Panhandle | TW-WTX | EP-Plains Pool,0.9957637022441714,0.9908490348488002,0.999808497607337,0.04135838076180739,0.9957637022441714,-1.24,,,Global_G06 | Global_G06_S01,4,1,3,AB Pool (inter) | EP-Keystone | Waha,0.9994556204807585,0.9992165254364146,0.999808497607337,0.013984802321150198,0.9994556204807585,-1.24,,,OwnHistoryOnly,,0,,,,,,,,,,False,False,0.0,-1.3394319999999988,-0.3905680000000007,-1.5766479999999983,-0.15335200000000115,-1.813863999999998,0.08386399999999838,,,,,,,,,,0.0,No forward mark,No forward mark,,,False,,-1
Waha,Global_G06,6,regular,Global_G06_S01,1,supergroup,South Central,SouthCentral - WesTex,3,Global_G06,Global_G06_S01,Waha,GLOBAL,Autumn,WAHA,Waha FDt Com,,Waha,,Waha,63,-1.0412079365079365,0.5305631105635169,0.18614107326576515,-0.8699999999999997,0.25204199999999954,-2.6599999999999997,-0.54,2026-09-03,-0.8561000000000001,-1.2449999999999999,Bid+Ask+Last,0.25204199999999954,-0.8699999999999997,-0.3750000000000002,-0.384105226003394,-1.4878472635513165,1.4878472635513165,True,balmo_transition,September 4-30,September 3,September,September,-0.8561000000000001,0.4282561102864122,-1.757662215555819,0.5126622155558191,0.3515465665995112,-0.3888999999999998,0.027873575916173923,-0.4167735759161737,0.3610264240838259,-0.19301874541814507,26,opposite transition,,,0.11104009786258899,1.0774561487403054,current-month,Global_G06,7,0,6,AB Pool (inter) | EP-Keystone | EP-Waha Pool | TW-Panhandle | TW-WTX | EP-Plains Pool,0.9950602808903354,0.9890722050839297,0.9997222799359935,0.041778881893680814,0.9950602808903354,,,,Global_G06 | Global_G06_S01,4,0,3,AB Pool (inter) | EP-Keystone | EP-Waha Pool,0.999395814005569,0.9991233236821895,0.9997222799359935,0.013589829842680657,0.999395814005569,,,,OwnHistoryOnly,,0,,,,,,,,Lower than own-history expected value,,False,False,0.0,-1.3740839999999988,-0.3659160000000006,-1.6261259999999984,-0.11387400000000103,-1.8781679999999978,0.13816799999999851,,,,,,,,,,1.4878472635513165,In-family,history=Lower than own-history expected value; pattern=opposite transition; historical check type=balmo_transition; historical window=September 4-30; actual point=September 3; current month name=September; mark month name=September; mark history mean=-1.76; mark history delta=+0.51; current transition=-0.39; transition mean=+0.03; transition delta=-0.42; transition magnitude delta=+0.36; component current-month sd=0.11; component historical month sd=1.08; transition degree scale source=current-month; actual-to-date z=0.43; mark z=0.35; transition z=-0.19; pattern years=26,,,False,,0
TW-Panhandle,Global_G06,6,regular,Global_G06_S02,2,supergroup,South Central,Mountain - Panhandle,3,Global_G06,Global_G06_S02,TW-Panhandle,GLOBAL,Autumn,,Transwestn Perm FDt Com,ICE Transwestern Panhandle Pool FDt Com,"Transwestern, Permian Basin",Panhandle,TW-Panhandle,62,-1.0970161290322578,0.5125990185651454,0.20423919198083315,-0.95,0.2965199999999999,-2.58,-0.5800000000000001,2026-09-02,-0.9299999999999997,,,0.2965199999999999,-0.95,,,,,False,balmo_transition,September 4-30,September 3,September,September,-0.9299999999999997,,,,,,,,,,26,,,,,,,Global_G06,7,1,6,AB Pool (inter) | EP-Keystone | EP-Waha Pool | Waha | TW-WTX | EP-Plains Pool,0.9926903676233388,0.9908580040000825,0.9988218975371368,0.06376699694524288,0.9926903676233388,-1.315,,,Global_G06 | Global_G06_S02,2,0,1,TW-WTX,0.9988218975371368,0.9988218975371368,0.9988218975371368,0.025206285310281438,0.9988218975371368,,,,OwnHistoryOnly,,0,,,,,,,,,,False,False,0.0,-1.5430399999999997,-0.35696000000000017,-1.8395599999999996,-0.06044000000000027,-2.1360799999999998,0.23607999999999962,,,,,,,,,,0.0,No forward mark,No forward mark,,,False,,-1
TW-WTX,Global_G06,6,regular,Global_G06_S02,2,supergroup,South Central,Mountain - Panhandle,3,Global_G06,Global_G06_S02,TW-WTX,GLOBAL,Autumn,,,ICE Transwestern West Texas Pool FDt Com,,,TW-WTX,63,-1.1015238095238093,0.5042241484134987,0.20098052885766035,-0.9503000000000001,0.20163359999999983,-2.58,-0.5817999999999999,2026-09-03,-0.9412999999999998,,,0.20163359999999983,-0.9503000000000001,,,,,False,balmo_transition,September 4-30,September 3,September,September,-0.9412999999999998,,,,,,,,,,12,,,,,,,Global_G06,7,1,6,AB Pool (inter) | EP-Keystone | EP-Waha Pool | Waha | TW-Panhandle | EP-Plains Pool,0.9933637602209994,0.9912339444116556,0.9988218975371368,0.05055538284074131,0.9933637602209994,-1.3299999999999998,,,Global_G06 | Global_G06_S02,2,0,1,TW-Panhandle,0.9988218975371368,0.9988218975371368,0.9988218975371368,0.025206285310281438,0.9988218975371368,,,,OwnHistoryOnly,,0,,,,,,,,,,False,False,0.0,-1.3535671999999999,-0.5470328000000004,-1.5552007999999997,-0.3453992000000007,-1.7568343999999994,-0.14376560000000083,,,,,,,,,,0.0,No forward mark,No forward mark,,,False,,-1
EP-Plains Pool,Global_G06,6,regular,Global_G06_S03,3,small_outlier,South Central,SouthCentral - WesTex,3,Global_G06,Global_G06_S03,EP-Plains Pool,GLOBAL,Autumn,,,ICE El Paso Plains Pool FDt Com,,,EP-Plains Pool,63,-0.9323809523809524,0.4946633426225984,0.17975734205516974,-0.8096999999999999,0.23810555999999944,-2.38,-0.4270999999999998,2026-09-03,-0.8096999999999999,,,0.23810555999999944,-0.8096999999999999,,,,,False,balmo_transition,September 4-30,September 3,September,September,-0.8096999999999999,,,,,,,,,,9,,,,,,,Global_G06,7,1,6,AB Pool (inter) | EP-Keystone | EP-Waha Pool | Waha | TW-Panhandle | TW-WTX,0.9904673696483464,0.9890722050839296,0.9912339444116555,0.06821892030508422,0.9904673696483464,-1.1537999999999997,,,Global_G06 | Global_G06_S03,1,0,0,,,,,,,,,,OwnHistoryOnly,,0,,,,,,,,,,False,False,0.0,-1.2859111199999989,-0.333488880000001,-1.5240166799999981,-0.0953833200000016,-1.7621222399999976,0.1427222399999979,,,,,,,,,,0.0,No forward mark,No forward mark,,,False,,-1
Sonat-Z0 South,Global_G07,7,regular,Global_G07_S01,1,regular,South Central,Southeast,3,Global_G07,Global_G07_S01,Sonat-Z0 South,GLOBAL,Autumn,SONAT-Z0 SOUTH,SoNat LA FDt Com,ICE Sonat Zone 0 South Louisiana Pool FDt Com,"Southern Natural, La",,Sonat-Z0 South,63,0.995761904761905,0.67286912676326,0.5473802492134506,0.7599999999999998,0.214977,0.48,4.25,2026-09-03,2.6029999999999998,,,0.214977,0.7599999999999998,,,,,False,balmo_transition,September 4-30,September 3,September,September,2.6029999999999998,,,,,,,,,,26,,,,,,,Global_G07,7,2,6,TGP-500L | Transco-85 | Transco Zn3 | Transco-65 | FGT-CG | FGT-Z3,0.9119243417806461,0.810564405088397,0.9888416941198301,0.12275209778275473,0.9119243417806461,1.8207831716850016,,,Global_G07 | Global_G07_S01,3,1,2,TGP-500L | Transco-85,0.9833679648299551,0.9778942355400803,0.9888416941198301,0.07773334239095432,0.9833679648299551,1.7507000000000001,,,OwnHistoryOnly,,0,,,,,,,,,,False,False,0.0,0.3300459999999998,1.1899539999999997,0.11506899999999975,1.404931,-0.09990800000000022,1.6199079999999997,,,,,,,,,,0.0,No forward mark,No forward mark,,,False,,-1
TGP-500L,Global_G07,7,regular,Global_G07_S01,1,regular,Southeast,Southeast,3,Global_G07,Global_G07_S01,TGP-500L,GLOBAL,Autumn,TGP-500L,Tenn LA 500 Leg FDt Com,,"Tennessee, Louisiana, 500 Leg",,TGP-500L,63,0.9526873015873017,0.589507647626681,0.45041232061773323,0.7450000000000001,0.2520419999999999,0.40000000000000036,3.525,2026-09-03,2.6643,,,0.2520419999999999,0.7450000000000001,,,,,False,balmo_transition,September 4-30,September 3,September,September,2.6643,,,,,,,,,,26,,,,,,,Global_G07,7,2,6,Sonat-Z0 South | Transco-85 | Transco Zn3 | Transco-65 | FGT-CG | FGT-Z3,0.9008159200369552,0.8248517410307573,0.9778942355400804,0.1362435799078364,0.9008159200369552,1.8109576953923159,,,Global_G07 | Global_G07_S01,3,1,2,Sonat-Z0 South | Transco-85,0.9662453969210859,0.9545965583020914,0.9778942355400804,0.08538355420759242,0.9662453969210859,1.7657000000000003,,,OwnHistoryOnly,,0,,,,,,,,,,False,False,0.0,0.24091600000000035,1.2490839999999999,-0.011125999999999525,1.5011259999999997,-0.2631679999999994,1.7531679999999996,,,,,,,,,,0.0,No forward mark,No forward mark,,,False,,-1
Transco-85,Global_G07,7,regular,Global_G07_S01,1,regular,Southeast,Southeast,3,Global_G07,Global_G07_S01,Transco-85,GLOBAL,Autumn,TRANSCO-85,Transco Zn4 FDt Com,,"Transco, zone 4",,Transco-85,63,1.0832968253968256,0.7208375565222619,0.5865606154098428,0.81,0.2520419999999999,0.5,4.43,2026-09-03,2.5777,1.8207000000000004,Bid+Ask+Last,0.2520419999999999,0.81,1.0107000000000004,1.0229810696335455,4.010045944723502,4.010045944723502,True,balmo_transition,September 4-30,September 3,September,September,2.5777,18.746713953635563,0.1407945625909638,1.6799054374090368,12.72398348345726,-0.7569999999999997,-0.026354864639942247,-0.7306451353600574,0.7306451353600574,-10.577666669989616,26,mild stronger than history,mild,0.6413843407247896,1.139168964640452,0.37115335049972,current-month,Global_G07,7,1,6,Sonat-Z0 South | TGP-500L | Transco Zn3 | Transco-65 | FGT-CG | FGT-Z3,0.9050377741288312,0.7847478687613435,0.9929242656902808,0.10780011776631565,0.9050377741288312,1.9865000000000004,-0.16579999999999995,-2.2366113584243967,Global_G07 | Global_G07_S01,3,0,2,Sonat-Z0 South | TGP-500L,0.9717191262109608,0.9545965583020914,0.9888416941198301,0.06658637625031304,0.9717191262109608,,,,Parent,Global_G07,6,Sonat-Z0 South | TGP-500L | Transco Zn3 | Transco-65 | FGT-CG | FGT-Z3,0.9050377741288312,1.9865000000000004,-0.16579999999999995,0.10780011776631565,-2.2366113584243967,2.0242177654196776,Higher than own-history expected value,Lower than peer-implied value,True,False,2.127766069393462,0.3059160000000003,1.3140839999999998,0.05387400000000042,1.5661259999999997,-0.19816799999999946,1.8181679999999996,1.3139434067709581,2.6278868135419162,2.102309450833533,1.844856746011817,2.1281432539881835,1.7032134920236337,2.269786507976367,1.759870793618907,2.2131292063810935,4.5395877483374525,Strong outlier,Strong: own-history |z| alone clears the strong tier (≥4); history=very far above own-history expected value; own z=4.01 (very high); peers=moderately below peer-implied value; parent peers=6; peer model trusted; peer score v2=2.13 (strong-support); history/peer direction disagree; pattern=mild stronger than history; historical check type=balmo_transition; historical window=September 4-30; actual point=September 3; current month name=September; mark month name=September; mark history mean=+0.14; mark history delta=+1.68; current transition=-0.76; transition mean=-0.03; transition delta=-0.73; transition magnitude delta=+0.73; transition degree=mild; transition degree score=0.64; component current-month sd=1.14; component historical month sd=0.37; transition degree scale source=current-month; actual-to-date z=18.75; mark z=12.72; transition z=-10.58; pattern years=26,Strong outlier,SO,True,Transco-85 [Strong outlier],3
Transco Zn3,Global_G07,7,regular,Global_G07_S02,2,supergroup,South Central,Southeast,3,Global_G07,Global_G07_S02,Transco Zn3,GLOBAL,Autumn,,Transco Zn3 FDt Com,,"Transco, zone 3",,,62,0.4218548387096775,0.42832616830122916,0.4441012751872604,0.3175000000000001,0.13714050000000003,0.0950000000000002,3.03,2026-09-02,1.4400000000000004,,,0.13714050000000003,0.3175000000000001,,,,,False,balmo_transition,September 4-30,September 3,September,September,1.4400000000000004,,,,,,,,,,26,,,,,,,Global_G07,7,2,6,Sonat-Z0 South | TGP-500L | Transco-85 | Transco-65 | FGT-CG | FGT-Z3,0.805049365852016,0.6796554953133368,0.9518129338740711,0.2015722420506464,0.805049365852016,1.3658649494826187,,,Global_G07 | Global_G07_S02,2,0,1,Transco-65,0.9518129338740711,0.9518129338740711,0.9518129338740711,0.1593794999999999,0.9518129338740711,,,,OwnHistoryOnly,,0,,,,,,,,,,False,False,0.0,0.04321900000000006,0.5917810000000001,-0.09392149999999999,0.7289215000000002,-0.231062,0.8660620000000002,,,,,,,,,,0.0,No forward mark,No forward mark,,,False,,-1
Transco-65,Global_G07,7,regular,Global_G07_S02,2,supergroup,South Central,Southeast,3,Global_G07,Global_G07_S02,Transco-65,GLOBAL,Autumn,TRANSCO-65,Transco Station 65 FDt Com,,"Transco, station 65",,Transco-65,63,0.909795238095238,0.5531910037137822,0.5149691192833232,0.7749999999999999,0.18532499999999932,0.46499999999999986,4.125,2026-09-03,2.4671000000000003,,,0.18532499999999932,0.7749999999999999,,,,,False,balmo_transition,September 4-30,September 3,September,September,2.4671000000000003,,,,,,,,,,12,,,,,,,Global_G07,7,2,6,Sonat-Z0 South | TGP-500L | Transco-85 | Transco Zn3 | FGT-CG | FGT-Z3,0.8134697012108775,0.6301816208186262,0.951812933874071,0.1168405037165924,0.8134697012108775,1.8412599888130872,,,Global_G07 | Global_G07_S02,2,0,1,Transco Zn3,0.951812933874071,0.951812933874071,0.951812933874071,0.1593794999999999,0.951812933874071,,,,OwnHistoryOnly,,0,,,,,,,,,,False,False,0.0,0.40435000000000126,1.1456499999999985,0.2190250000000019,1.3309749999999978,0.03370000000000262,1.516299999999997,,,,,,,,,,0.0,No forward mark,No forward mark,,,False,,-1
FGT-CG,Global_G07,7,regular,Global_G07_S03,3,supergroup,Southeast,Southeast,3,Global_G07,Global_G07_S03,FGT-CG,GLOBAL,Autumn,,Florida CG FDt Com,,,FGT-Z3,FGT-CG,62,2.0568548387096777,0.8390423082158629,0.6663006303873986,1.7274999999999998,0.3632369999999998,1.3349999999999995,5.115,2026-09-02,2.87,,,0.3632369999999998,1.7274999999999998,,,,,False,balmo_transition,September 4-30,September 3,September,September,2.87,,,,,,,,,,22,,,,,,,Global_G07,7,2,6,Sonat-Z0 South | TGP-500L | Transco-85 | Transco Zn3 | Transco-65 | FGT-Z3,0.8085906191140918,0.6301816208186262,0.920268690669599,0.24753823248495152,0.8085906191140918,2.776247733844905,,,Global_G07 | Global_G07_S03,2,1,1,FGT-Z3,0.920268690669599,0.920268690669599,0.920268690669599,0.2557484999999995,0.920268690669599,2.8315,,,OwnHistoryOnly,,0,,,,,,,,,,False,False,0.0,1.0010260000000002,2.4539739999999997,0.6377890000000004,2.8172109999999995,0.2745520000000006,3.1804479999999993,,,,,,,,,,0.0,No forward mark,No forward mark,,,False,,-1
FGT-Z3,Global_G07,7,regular,Global_G07_S03,3,supergroup,Southeast,Southeast,3,Global_G07,Global_G07_S03,FGT-Z3,GLOBAL,Autumn,FGT-Z3,FL Gas Zn3 FDt Com,,"Florida Gas, zone 3",,FGT-Z3,63,1.1372619047619048,0.7128185075139238,0.6080220446514468,0.8850000000000002,0.21497699999999936,0.5099999999999998,4.525,2026-09-03,2.8674999999999997,2.0215000000000005,Bid+Ask,0.21497699999999936,0.8850000000000002,1.1365000000000003,1.240481393113693,5.286612056173468,5.286612056173468,True,balmo_transition,September 4-30,September 3,September,September,2.8674999999999997,7.887526732040195,0.257904930696974,1.7635950693030265,9.84104925627579,-0.8459999999999992,-0.0682253595138307,-0.7777746404861685,0.7777746404861685,-3.29237507524664,26,mild stronger than history,mild,0.6762549353346544,1.1501204647050385,0.6732071301023124,current-month,Global_G07,7,1,6,Sonat-Z0 South | TGP-500L | Transco-85 | Transco Zn3 | Transco-65 | FGT-CG,0.9030712720519068,0.77866375104419,0.9929242656902807,0.1400751120250115,0.9030712720519068,1.8557000000000006,0.16579999999999995,2.2366113584243967,Global_G07 | Global_G07_S03,2,0,1,FGT-CG,0.9202686906695992,0.9202686906695992,0.9202686906695992,0.2557484999999995,0.9202686906695992,,,,Parent,Global_G07,6,Sonat-Z0 South | TGP-500L | Transco-85 | Transco Zn3 | Transco-65 | FGT-CG,0.9030712720519068,1.8557000000000006,0.16579999999999995,0.1400751120250115,2.2366113584243967,2.019819464538063,Higher than own-history expected value,Higher than peer-implied value,True,True,2.125453164939777,0.4550460000000015,1.3149539999999988,0.2400690000000021,1.5299309999999984,0.02509200000000278,1.7449079999999977,1.3153732315290567,2.6307464630581134,2.1045971704464908,1.6714489472388665,2.0399510527611344,1.4871978944777327,2.2242021055222687,1.560898315582186,2.150501684417815,5.697878393650674,Strong outlier,Strong: own-history |z| alone clears the strong tier (≥4); history=very far above own-history expected value; own z=5.29 (very high); peers=moderately above peer-implied value; parent peers=6; peer model trusted; peer score v2=2.13 (strong-support); history/peer direction agree; pattern=mild stronger than history; historical check type=balmo_transition; historical window=September 4-30; actual point=September 3; current month name=September; mark month name=September; mark history mean=+0.26; mark history delta=+1.76; current transition=-0.85; transition mean=-0.07; transition delta=-0.78; transition magnitude delta=+0.78; transition degree=mild; transition degree score=0.68; component current-month sd=1.15; component historical month sd=0.67; transition degree scale source=current-month; actual-to-date z=7.89; mark z=9.84; transition z=-3.29; pattern years=26,Strong outlier,SO,True,FGT-Z3 [Strong outlier],3
AGT-CG (non-G),Global_G08,8,regular,Global_G08_S01,1,supergroup,Northeast,Northeast - Demand,3,Global_G08,Global_G08_S01,AGT-CG (non-G),GLOBAL,Autumn,Algonquin,Algonquin CG FDt Com,ICE Algonquin CG (Excl J-Lat & G-Lat del & Brookfield) FDt Com,"Algonquin, city-gates",,AGT-CG (non-G),63,-0.4470301587301588,0.49439583123924963,0.3153922343756976,-0.5550000000000002,0.44477999999999973,-1.095,1.2599999999999998,2026-09-03,-0.8729,,,0.44477999999999973,-0.5550000000000002,,,,,False,balmo_transition,September 4-30,September 3,September,September,-0.8729,,,,,,,,,,26,,,,,,,Global_G08,6,0,5,TGP-Z6 200L North | TGP-Z6 200L South | TGP-Z6 300L | Iroquois (into) | Iroquois-Z2,0.8005893428456552,0.5513805054496136,0.9752013603008811,0.17888560689973873,0.8005893428456552,,,,Global_G08 | Global_G08_S01,4,0,3,TGP-Z6 200L North | TGP-Z6 200L South | TGP-Z6 300L,0.9378523221309272,0.8807672997145343,0.9752013603008811,0.09981254964708312,0.9378523221309272,,,,OwnHistoryOnly,,0,,,,,,,,,,False,False,0.0,-1.4445599999999996,0.3345599999999993,-1.8893399999999994,0.779339999999999,-2.334119999999999,1.2241199999999988,,,,,,,,,,0.0,No forward mark,No forward mark,,,False,,-1
TGP-Z6 200L North,Global_G08,8,regular,Global_G08_S01,1,supergroup,Northeast,Northeast - Demand Rest,3,Global_G08,Global_G08_S01,TGP-Z6 200L North,GLOBAL,Autumn,TGP-Z6 200L NORTH,Tennessee Zone 6 delivered North FDt Com,,"Tennessee, zone 6, del. North",,TGP-Z6 200L North,63,-0.20983174603174604,0.6181672518291462,0.349854525164995,-0.43500000000000005,0.33358499999999947,-0.8693999999999997,1.4700000000000002,2026-09-03,-0.8693999999999997,,,0.33358499999999947,-0.43500000000000005,,,,,False,balmo_transition,September 4-30,September 3,September,September,-0.8693999999999997,,,,,,,,,,7,,,,,,,Global_G08,6,0,5,AGT-CG (non-G) | TGP-Z6 200L South | TGP-Z6 300L | Iroquois (into) | Iroquois-Z2,0.8248125722579566,0.4781301963567839,0.9710742010327333,0.1630022571537168,0.8248125722579566,,,,Global_G08 | Global_G08_S01,4,0,3,AGT-CG (non-G) | TGP-Z6 200L South | TGP-Z6 300L,0.9317443272022014,0.8807672997145342,0.9710742010327333,0.10234502841900447,0.9317443272022014,,,,OwnHistoryOnly,,0,,,,,,,,,,False,False,0.0,-1.102169999999999,0.23216999999999888,-1.4357549999999986,0.5657549999999985,-1.769339999999998,0.8993399999999978,,,,,,,,,,0.0,No forward mark,No forward mark,,,False,,-1
TGP-Z6 200L South,Global_G08,8,regular,Global_G08_S01,1,supergroup,Northeast,Northeast - Demand Rest,3,Global_G08,Global_G08_S01,TGP-Z6 200L South,GLOBAL,Autumn,TGP-Z6 200L SOUTH,Tennessee Zone 6 delivered South FDt Com,,"Tennessee, zone 6, del. South",,TGP-Z6 200L South,63,-0.47009206349206345,0.4719517318477181,0.27135235436993116,-0.52,0.43736699999999956,-1.08,0.7949999999999999,2026-09-03,-0.9758,,,0.43736699999999956,-0.52,,,,,False,balmo_transition,September 4-30,September 3,September,September,-0.9758,,,,,,,,,,7,,,,,,,Global_G08,6,0,5,AGT-CG (non-G) | TGP-Z6 200L North | TGP-Z6 300L | Iroquois (into) | Iroquois-Z2,0.8322080086719736,0.5790476851525671,0.9905042905013296,0.15798893027455385,0.8322080086719736,,,,Global_G08 | Global_G08_S01,4,0,3,AGT-CG (non-G) | TGP-Z6 200L North | TGP-Z6 300L,0.9696990438871823,0.9433914808593363,0.9905042905013296,0.07747480548703559,0.9696990438871823,,,,OwnHistoryOnly,,0,,,,,,,,,,False,False,0.0,-1.3947339999999993,0.3547339999999991,-1.8321009999999986,0.7921009999999986,-2.269467999999998,1.2294679999999982,,,,,,,,,,0.0,No forward mark,No forward mark,,,False,,-1
TGP-Z6 300L,Global_G08,8,regular,Global_G08_S01,1,supergroup,Northeast,Northeast - Demand Rest,3,Global_G08,Global_G08_S01,TGP-Z6 300L,GLOBAL,Autumn,,Tenn Zn6 Dlvd FDt Com,ICE Tennessee zone 6 300 leg FDt Com,,,TGP-Z6 300L,62,-0.3757258064516128,0.4789262638531691,0.2802564204477496,-0.5174999999999998,0.35953049999999986,-0.9949999999999999,0.81,2026-09-02,-0.9649999999999999,,,0.35953049999999986,-0.5174999999999998,,,,,False,balmo_transition,September 4-30,September 3,September,September,-0.9649999999999999,,,,,,,,,,26,,,,,,,Global_G08,6,0,5,AGT-CG (non-G) | TGP-Z6 200L North | TGP-Z6 200L South | Iroquois (into) | Iroquois-Z2,0.8471679855018068,0.5927002403760584,0.9905042905013296,0.14954219427426094,0.8471679855018068,,,,Global_G08 | Global_G08_S01,4,0,3,AGT-CG (non-G) | TGP-Z6 200L North | TGP-Z6 200L South,0.9730555993038097,0.957588306377366,0.9905042905013296,0.0702885427936446,0.9730555993038097,,,,OwnHistoryOnly,,0,,,,,,,,,,False,False,0.0,-1.2365609999999996,0.20156099999999988,-1.5960914999999993,0.5610914999999996,-1.9556219999999993,0.9206219999999996,,,,,,,,,,0.0,No forward mark,No forward mark,,,False,,-1
Iroquois (into),Global_G08,8,regular,Global_G08_S02,2,regular,Northeast,Northeast - Demand,3,Global_G08,Global_G08_S02,Iroquois (into),GLOBAL,Autumn,IROQUOIS (INTO),Iroquois Recpts FDt Com,,"Iroquois, receipts",,Iroquois (into),63,-0.18938730158730158,0.13352094857031702,0.10595383232746104,-0.21999999999999975,0.08895600000000008,-0.5199999999999996,0.18999999999999995,2026-09-03,-0.10139999999999993,,,0.08895600000000008,-0.21999999999999975,,,,,False,balmo_transition,September 4-30,September 3,September,September,-0.10139999999999993,,,,,,,,,,26,,,,,,,Global_G08,6,0,4,AGT-CG (non-G) | TGP-Z6 200L North | TGP-Z6 200L South | TGP-Z6 300L,0.5719718410678226,0.4781301963567839,0.6380092423858811,0.35901787566888893,0.5719718410678226,,,,Global_G08 | Global_G08_S02,2,0,0,,,,,,,,,,OwnHistoryOnly,,0,,,,,,,,,,False,False,0.0,-0.39791199999999993,-0.0420879999999996,-0.48686799999999997,0.046868000000000465,-0.5758240000000001,0.13582400000000056,,,,,,,,,,0.0,No forward mark,No forward mark,,,False,,-1
Iroquois-Z2,Global_G08,8,regular,Global_G08_S02,2,regular,Northeast,Northeast - Demand Rest,3,Global_G08,Global_G08_S02,Iroquois-Z2,GLOBAL,Autumn,IROQUOIS-Z2,Iroquois Zn2 FDt Com,ICE Iroquois zone 2 (non-Hunts Point/Eastchester Lateral) FDt Com,"Iroquois, zone 2",,Iroquois-Z2,63,0.1998285714285714,1.0205452431734985,0.6069584031739743,-0.1349999999999998,0.16308599999999981,-0.4849999999999999,3.94,2026-09-03,-0.07079999999999975,,,0.16308599999999981,-0.1349999999999998,,,,,False,balmo_transition,September 4-30,September 3,September,September,-0.07079999999999975,,,,,,,,,,26,,,,,,,Global_G08,6,0,4,AGT-CG (non-G) | TGP-Z6 200L North | TGP-Z6 200L South | TGP-Z6 300L,0.6997370761358275,0.5513805054496136,0.8506996833263955,0.3073552659744184,0.6997370761358275,,,,Global_G08 | Global_G08_S02,2,0,0,,,,,,,,,,OwnHistoryOnly,,0,,,,,,,,,,False,False,0.0,-0.4611719999999994,0.19117199999999984,-0.6242579999999992,0.35425799999999963,-0.787343999999999,0.5173439999999995,,,,,,,,,,0.0,No forward mark,No forward mark,,,False,,-1
NGPL-STX,Global_G09,9,regular,Global_G09_S01,1,regular,South Central,SouthCentral - TexCoast,3,Global_G09,Global_G09_S01,NGPL-STX,GLOBAL,Autumn,NGPL-STX,NGPL S TX FDt Com,,"NGPL, STX",,NGPL-STX,63,-0.4203666666666666,0.11525498659703999,0.058667880510514296,-0.4049999999999998,0.11119500000000025,-0.6799999999999997,-0.21499999999999986,2026-09-03,-0.2681,,,0.11119500000000025,-0.4049999999999998,,,,,False,balmo_transition,September 4-30,September 3,September,September,-0.2681,,,,,,,,,,25,,,,,,,Global_G09,6,0,5,TETCO-STX | TGP-Z0 Border Pool | TGP-Z0 North | TGP-Z0 South | Tres Palacios (inj),0.977724595546207,0.9714896441679346,0.9862600460448256,0.01709947940661724,0.977724595546207,,,,Global_G09 | Global_G09_S01,6,0,5,TETCO-STX | TGP-Z0 Border Pool | TGP-Z0 North | TGP-Z0 South | Tres Palacios (inj),0.977724595546207,0.9714896441679346,0.9862600460448256,0.01709947940661724,0.977724595546207,,,,OwnHistoryOnly,,0,,,,,,,,,,False,False,0.0,-0.6273900000000003,-0.1826099999999993,-0.7385850000000005,-0.07141499999999906,-0.8497800000000009,0.0397800000000012,,,,,,,,,,0.0,No forward mark,No forward mark,,,False,,-1
TETCO-STX,Global_G09,9,regular,Global_G09_S01,1,regular,South Central,SouthCentral - TexCoast,3,Global_G09,Global_G09_S01,TETCO-STX,GLOBAL,Autumn,TETCO-STX,TX Eastern S TX FDt Com,,"Texas Eastern, STX",,TETCO-STX,63,-0.4043682539682539,0.12005461771210207,0.06377373872883929,-0.3900000000000001,0.10378199999999976,-0.6749999999999998,-0.2150000000000003,2026-09-03,-0.2502,,,0.10378199999999976,-0.3900000000000001,,,,,False,balmo_transition,September 4-30,September 3,September,September,-0.2502,,,,,,,,,,26,,,,,,,Global_G09,6,0,5,NGPL-STX | TGP-Z0 Border Pool | TGP-Z0 North | TGP-Z0 South | Tres Palacios (inj),0.9715185437822772,0.9549086842265064,0.9793348134516464,0.02272821110041754,0.9715185437822772,,,,Global_G09 | Global_G09_S01,6,0,5,NGPL-STX | TGP-Z0 Border Pool | TGP-Z0 North | TGP-Z0 South | Tres Palacios (inj),0.9715185437822772,0.9549086842265064,0.9793348134516464,0.02272821110041754,0.9715185437822772,,,,OwnHistoryOnly,,0,,,,,,,,,,False,False,0.0,-0.5975639999999997,-0.1824360000000006,-0.7013459999999994,-0.07865400000000083,-0.8051279999999992,0.02512799999999893,,,,,,,,,,0.0,No forward mark,No forward mark,,,False,,-1
TGP-Z0 Border Pool,Global_G09,9,regular,Global_G09_S01,1,regular,South Central,SouthCentral - TexCoast,3,Global_G09,Global_G09_S01,TGP-Z0 Border Pool,GLOBAL,Autumn,,Tenn Zn0 FDt Com,ICE Tennessee zone 0 South Texas Border Pool FDt Com,"Tennessee, zone 0",TGP-Z0 South,TGP-Z0 Border Pool,62,-0.4300806451612903,0.11299387744723405,0.056620923356552846,-0.405,0.08154299999999991,-0.69,-0.21499999999999986,2026-09-02,-0.31999999999999984,,,0.08154299999999991,-0.405,,,,,False,balmo_transition,September 4-30,September 3,September,September,-0.31999999999999984,,,,,,,,,,26,,,,,,,Global_G09,6,0,5,NGPL-STX | TETCO-STX | TGP-Z0 North | TGP-Z0 South | Tres Palacios (inj),0.9695373388187113,0.9520508355650755,0.9862600460448255,0.016060272676604974,0.9695373388187113,,,,Global_G09 | Global_G09_S01,6,0,5,NGPL-STX | TETCO-STX | TGP-Z0 North | TGP-Z0 South | Tres Palacios (inj),0.9695373388187113,0.9520508355650755,0.9862600460448255,0.016060272676604974,0.9695373388187113,,,,OwnHistoryOnly,,0,,,,,,,,,,False,False,0.0,-0.5680859999999999,-0.2419140000000002,-0.6496289999999998,-0.16037100000000032,-0.7311719999999997,-0.0788280000000004,,,,,,,,,,0.0,No forward mark,No forward mark,,,False,,-1
TGP-Z0 North,Global_G09,9,regular,Global_G09_S01,1,regular,South Central,SouthCentral - Mexico,3,Global_G09,Global_G09_S01,TGP-Z0 North,GLOBAL,Autumn,TGP-Z0,,ICE Tennessee zone 0 North FDt Com,"Tennessee, zone 0",TGP-Z0 South,TGP-Z0 North,63,-0.38487936507936493,0.12312281458185605,0.05926620815778952,-0.3706999999999998,0.0982963800000007,-0.6607999999999996,-0.1856,2026-09-03,-0.2304999999999997,,,0.0982963800000007,-0.3706999999999998,,,,,False,balmo_transition,September 4-30,September 3,September,September,-0.2304999999999997,,,,,,,,,,12,,,,,,,Global_G09,6,0,5,NGPL-STX | TETCO-STX | TGP-Z0 Border Pool | TGP-Z0 South | Tres Palacios (inj),0.9788555520074744,0.9696336289110868,0.9942508575701307,0.017879277717942264,0.9788555520074744,,,,Global_G09 | Global_G09_S01,6,0,5,NGPL-STX | TETCO-STX | TGP-Z0 Border Pool | TGP-Z0 South | Tres Palacios (inj),0.9788555520074744,0.9696336289110868,0.9942508575701307,0.017879277717942264,0.9788555520074744,,,,OwnHistoryOnly,,0,,,,,,,,,,False,False,0.0,-0.5672927600000012,-0.17410723999999841,-0.6655891400000019,-0.0758108599999977,-0.7638855200000025,0.02248552000000298,,,,,,,,,,0.0,No forward mark,No forward mark,,,False,,-1
TGP-Z0 South,Global_G09,9,regular,Global_G09_S01,1,regular,South Central,SouthCentral - TexCoast,3,Global_G09,Global_G09_S01,TGP-Z0 South,GLOBAL,Autumn,TGP-Z0,,ICE Tennessee zone 0 South FDt Com,"Tennessee, zone 0",,TGP-Z0 South,63,-0.42404603174603167,0.1205833065338819,0.06196228190307101,-0.4056000000000002,0.10882283999999987,-0.6906999999999996,-0.21350000000000025,2026-09-03,-0.26049999999999995,,,0.10882283999999987,-0.4056000000000002,,,,,False,balmo_transition,September 4-30,September 3,September,September,-0.26049999999999995,,,,,,,,,,12,,,,,,,Global_G09,6,0,5,NGPL-STX | TETCO-STX | TGP-Z0 Border Pool | TGP-Z0 North | Tres Palacios (inj),0.9796282155895396,0.971104629219358,0.9942508575701307,0.013331278363562361,0.9796282155895396,,,,Global_G09 | Global_G09_S01,6,0,5,NGPL-STX | TETCO-STX | TGP-Z0 Border Pool | TGP-Z0 North | Tres Palacios (inj),0.9796282155895396,0.971104629219358,0.9942508575701307,0.013331278363562361,0.9796282155895396,,,,OwnHistoryOnly,,0,,,,,,,,,,False,False,0.0,-0.6232456799999999,-0.18795432000000045,-0.7320685199999998,-0.07913148000000059,-0.8408913599999996,0.02969135999999928,,,,,,,,,,0.0,No forward mark,No forward mark,,,False,,-1
Tres Palacios (inj),Global_G09,9,regular,Global_G09_S01,1,regular,South Central,SouthCentral - TexCoast,3,Global_G09,Global_G09_S01,Tres Palacios (inj),GLOBAL,Autumn,,,ICE Tres Palacios Hub - Injection FDt Com,,,Tres Palacios (inj),54,-0.4246648148148149,0.12149238683719658,0.07251373980210289,-0.40500000000000025,0.10763675999999998,-0.69,-0.2450000000000001,2026-09-01,-0.36750000000000016,,,0.10763675999999998,-0.40500000000000025,,,,,False,balmo_transition,September 4-30,September 3,September,September,-0.36750000000000016,,,,,,,,,,9,,,,,,,Global_G09,6,0,5,NGPL-STX | TETCO-STX | TGP-Z0 Border Pool | TGP-Z0 North | TGP-Z0 South,0.969229007054705,0.9520508355650755,0.9774641137719876,0.02251664016786706,0.969229007054705,,,,Global_G09 | Global_G09_S01,6,0,5,NGPL-STX | TETCO-STX | TGP-Z0 Border Pool | TGP-Z0 North | TGP-Z0 South,0.969229007054705,0.9520508355650755,0.9774641137719876,0.02251664016786706,0.969229007054705,,,,OwnHistoryOnly,,0,,,,,,,,,,False,False,0.0,-0.6202735200000002,-0.18972648000000028,-0.7279102800000001,-0.08208972000000031,-0.8355470400000002,0.025547039999999688,,,,,,,,,,0.0,No forward mark,No forward mark,,,False,,-1
ANR-SW,Global_G10,10,regular,Global_G10_S01,1,regular,South Central,SouthCentral - Midcon,3,Global_G10,Global_G10_S01,ANR-SW,GLOBAL,Autumn,ANR-SW,ANR OK FDt Com,,"ANR, Okla",,ANR-SW,63,-0.38159841269841266,0.13552452044778138,0.07519861923428856,-0.3600000000000003,0.09636900000000058,-0.7199999999999998,-0.18000000000000016,2026-09-03,-0.3506999999999998,-0.35799999999999965,Bid+Ask,0.09636900000000058,-0.3600000000000003,0.002000000000000668,0.17412651688744143,0.02075356183005589,0.02075356183005589,True,balmo_transition,September 4-30,September 3,September,September,-0.3506999999999998,-0.0006924344071097909,-0.470020091506031,0.11202009150603137,0.3604915814617187,-0.007299999999999862,-0.11948558191722367,0.1121855819172238,-0.1121855819172238,0.8354516708667192,26,very strong weaker than history,very strong,2.506564381163239,0.04475671271813136,0.7066829305038472,current-month,Global_G10,5,3,4,Enable West Pool  | NGPL-Midcont Pool | Panhandle | Southern Star,0.9550008179679145,0.9372279964222457,0.9903434228731982,0.03127724475251133,0.9550008179679145,-0.38348697416346006,0.025486974163460466,0.8778744093657479,Global_G10 | Global_G10_S01,5,3,4,Enable West Pool  | NGPL-Midcont Pool | Panhandle | Southern Star,0.9550008179679145,0.9372279964222457,0.9903434228731982,0.03127724475251133,0.9550008179679145,-0.38348697416346006,0.025486974163460466,0.8778744093657479,Subgroup,Global_G10 | Global_G10_S01,4,Enable West Pool  | NGPL-Midcont Pool | Panhandle | Southern Star,0.9550008179679145,-0.38348697416346006,0.025486974163460466,0.03127724475251133,0.8778744093657479,0.838370779017389,Higher than own-history expected value,Higher than peer-implied value,True,True,0.8578952456211612,-0.5527380000000015,-0.16726199999999916,-0.6491070000000021,-0.0708929999999986,-0.7454760000000027,0.025476000000001997,1.279110727455601,2.558221454911202,2.0465771639289616,-0.4234940334516517,-0.3434799148752684,-0.46350109273984336,-0.30347285558707676,-0.4474982690245667,-0.31947567930235343,0.8581462362488264,In-family,history=Higher than own-history expected value; peers=Higher than peer-implied value; subgroup peers=4; peer model trusted; history/peer direction agree; pattern=very strong weaker than history; historical check type=balmo_transition; historical window=September 4-30; actual point=September 3; current month name=September; mark month name=September; mark history mean=-0.47; mark history delta=+0.11; current transition=-0.01; transition mean=-0.12; transition delta=+0.11; transition magnitude delta=-0.11; transition degree=very strong; transition degree score=2.51; component current-month sd=0.04; component historical month sd=0.71; transition degree scale source=current-month; actual-to-date z=-0.00; mark z=0.36; transition z=0.84; pattern years=26,,,False,,0
Enable West Pool ,Global_G10,10,regular,Global_G10_S01,1,regular,South Central,SouthCentral - Midcon,3,Global_G10,Global_G10_S01,Enable West Pool ,GLOBAL,Autumn,,,ICE Enable Gas West Pool FDt Com,,Panhandle,Enable West Pool ,62,-0.35233387096774194,0.13116930736497018,0.07464980793770751,-0.32994999999999997,0.08702862000000029,-0.6682999999999999,-0.14329999999999998,2026-09-03,-0.33809999999999985,,,0.08702862000000029,-0.32994999999999997,,,,,False,balmo_transition,September 4-30,September 3,September,September,-0.33809999999999985,,,,,,,,,,11,,,,,,,Global_G10,5,4,4,ANR-SW | NGPL-Midcont Pool | Panhandle | Southern Star,0.9435503743901459,0.8977406719544938,0.9682707041600497,0.04079718488616082,0.9435503743901459,-0.34852282898980724,,,Global_G10 | Global_G10_S01,5,4,4,ANR-SW | NGPL-Midcont Pool | Panhandle | Southern Star,0.9435503743901459,0.8977406719544938,0.9682707041600497,0.04079718488616082,0.9435503743901459,-0.34852282898980724,,,OwnHistoryOnly,,0,,,,,,,,,,False,False,0.0,-0.5040072400000005,-0.15589275999999938,-0.5910358600000009,-0.06886413999999907,-0.6780644800000011,0.018164480000001204,,,,,,,,,,0.0,No forward mark,No forward mark,,,False,,-1
NGPL-Midcont Pool,Global_G10,10,regular,Global_G10_S01,1,regular,South Central,SouthCentral - Midcon,3,Global_G10,Global_G10_S01,NGPL-Midcont Pool,GLOBAL,Autumn,NGPL-MIDCONT POOL,NGPL Midcont FDt Com,,"NGPL, Midcontinent",,NGPL-Midcont Pool,63,-0.3752777777777778,0.13294744225231894,0.07087796703489366,-0.35250000000000004,0.0926625,-0.71,-0.17000000000000037,2026-09-03,-0.35250000000000004,-0.36999999999999966,Bid+Ask,0.0926625,-0.35250000000000004,-0.017499999999999627,0.03969822727210911,-0.18885741265344264,0.18885741265344264,True,balmo_transition,September 4-30,September 3,September,September,-0.35250000000000004,-0.02012791181209728,-0.4864229922068229,0.11642299220682323,0.3346822556138071,-0.017499999999999627,-0.13934681021361386,0.12184681021361424,-0.12184681021361424,0.9798152056791058,26,very strong weaker than history,very strong,2.499147913761165,0.04875534158770032,0.7177691675104108,current-month,Global_G10,5,3,4,ANR-SW | Enable West Pool  | Panhandle | Southern Star,0.962881659648718,0.9463159519735221,0.9903434228731982,0.03038387173897455,0.962881659648718,-0.3676499464222966,-0.0023500535777031227,-0.3685510066381282,Global_G10 | Global_G10_S01,5,3,4,ANR-SW | Enable West Pool  | Panhandle | Southern Star,0.962881659648718,0.9463159519735221,0.9903434228731982,0.03038387173897455,0.962881659648718,-0.3676499464222966,-0.0023500535777031227,-0.3685510066381282,Subgroup,Global_G10 | Global_G10_S01,4,ANR-SW | Enable West Pool  | Panhandle | Southern Star,0.962881659648718,-0.3676499464222966,-0.0023500535777031227,0.03038387173897455,-0.3685510066381282,0.3548710049369265,Lower than own-history expected value,Lower than peer-implied value,True,True,0.361646327364441,-0.537825,-0.16717500000000005,-0.6304875000000001,-0.07451250000000004,-0.72315,0.018149999999999944,1.2738654410097503,2.5477308820195006,2.038184705615601,-0.4063549105946491,-0.32894498224994406,-0.4450598747670016,-0.2902400180775916,-0.4295778890980606,-0.3057220037465326,0.40798920134035555,In-family,history=Lower than own-history expected value; peers=Lower than peer-implied value; subgroup peers=4; peer model trusted; history/peer direction agree; pattern=very strong weaker than history; historical check type=balmo_transition; historical window=September 4-30; actual point=September 3; current month name=September; mark month name=September; mark history mean=-0.49; mark history delta=+0.12; current transition=-0.02; transition mean=-0.14; transition delta=+0.12; transition magnitude delta=-0.12; transition degree=very strong; transition degree score=2.50; component current-month sd=0.05; component historical month sd=0.72; transition degree scale source=current-month; actual-to-date z=-0.02; mark z=0.33; transition z=0.98; pattern years=26,,,False,,0
Panhandle,Global_G10,10,regular,Global_G10_S01,1,regular,South Central,SouthCentral - Midcon,3,Global_G10,Global_G10_S01,Panhandle,GLOBAL,Autumn,PANHANDLE,Panhandle TX-OK FDt Com,,"Panhandle, Tx.-Okla",,Panhandle,63,-0.42947777777777774,0.13348784098844454,0.06874447241852638,-0.43500000000000005,0.1408469999999996,-0.7449999999999997,-0.18999999999999995,2026-09-03,-0.41210000000000013,-0.45299999999999985,Bid+Ask,0.1408469999999996,-0.43500000000000005,-0.017999999999999794,-0.1762124703497027,-0.12779824916398536,0.12779824916398536,True,balmo_transition,September 4-30,September 3,September,September,-0.41210000000000013,-0.03141123015521512,-0.5279959126641051,0.07499591266410521,0.21975351968058437,-0.040899999999999714,-0.12348986499107753,0.08258986499107782,-0.08258986499107782,0.563033680806215,26,very strong weaker than history,very strong,3.268560351574317,0.025267963906891924,0.7129104184171705,current-month,Global_G10,5,3,4,ANR-SW | Enable West Pool  | NGPL-Midcont Pool | Southern Star,0.9333604855259177,0.881627289547853,0.9682707041600498,0.04721714239091367,0.9333604855259177,-0.3940517980145963,-0.05894820198540362,-1.22731984566622,Global_G10 | Global_G10_S01,5,3,4,ANR-SW | Enable West Pool  | NGPL-Midcont Pool | Southern Star,0.9333604855259177,0.881627289547853,0.9682707041600498,0.04721714239091367,0.9333604855259177,-0.3940517980145963,-0.05894820198540362,-1.22731984566622,Subgroup,Global_G10 | Global_G10_S01,4,ANR-SW | Enable West Pool  | NGPL-Midcont Pool | Southern Star,0.9333604855259177,-0.3940517980145963,-0.05894820198540362,0.04721714239091367,-1.22731984566622,1.1455318470466174,Lower than own-history expected value,Lower than peer-implied value,True,True,1.1857208650112363,-0.7166939999999993,-0.15330600000000083,-0.8575409999999989,-0.012459000000001219,-0.9983879999999985,0.1283879999999984,1.2938541037381819,2.5877082074763638,2.0701665659810913,-0.45514389146387,-0.33295970456532253,-0.5162359849131437,-0.27186761111604885,-0.49179914753343423,-0.2963044484957583,1.1925880941097704,In-family,history=Lower than own-history expected value; peers=Lower than peer-implied value; subgroup peers=4; peer model trusted; history/peer direction agree; pattern=very strong weaker than history; historical check type=balmo_transition; historical window=September 4-30; actual point=September 3; current month name=September; mark month name=September; mark history mean=-0.53; mark history delta=+0.07; current transition=-0.04; transition mean=-0.12; transition delta=+0.08; transition magnitude delta=-0.08; transition degree=very strong; transition degree score=3.27; component current-month sd=0.03; component historical month sd=0.71; transition degree scale source=current-month; actual-to-date z=-0.03; mark z=0.22; transition z=0.56; pattern years=26,,,False,,0
Southern Star,Global_G10,10,regular,Global_G10_S01,1,regular,South Central,SouthCentral - Midcon,3,Global_G10,Global_G10_S01,Southern Star,GLOBAL,Autumn,SOUTHERN STAR,Sth Star TxOkKs FDt Com,,Southern Star,,Southern Star,63,-0.3842444444444444,0.1471135065154901,0.061694425231997294,-0.34499999999999975,0.08154300000000023,-0.7799999999999998,-0.1299999999999999,2026-09-03,-0.34739999999999993,-0.35299999999999976,Bid+Ask,0.08154300000000023,-0.34499999999999975,-0.008000000000000007,0.21238324872063866,-0.09810774683295911,0.09810774683295911,True,balmo_transition,September 4-30,September 3,September,September,-0.34739999999999993,0.06282236182680935,-0.5140468154540455,0.16104681545404576,0.5095347999371884,-0.005599999999999827,-0.15156083938029746,0.14596083938029764,-0.14596083938029764,1.1368463236148487,26,very strong weaker than history,very strong,2.2701539944086133,0.06429556749885647,0.7066793260766644,current-month,Global_G10,5,3,4,ANR-SW | Enable West Pool  | NGPL-Midcont Pool | Panhandle,0.919619239095168,0.8816272895478529,0.952862860897608,0.0471169680862063,0.919619239095168,-0.3877201176668095,0.034720117666809706,0.6961591393312239,Global_G10 | Global_G10_S01,5,3,4,ANR-SW | Enable West Pool  | NGPL-Midcont Pool | Panhandle,0.919619239095168,0.8816272895478529,0.952862860897608,0.0471169680862063,0.919619239095168,-0.3877201176668095,0.034720117666809706,0.6961591393312239,Subgroup,Global_G10 | Global_G10_S01,4,ANR-SW | Enable West Pool  | NGPL-Midcont Pool | Panhandle,0.919619239095168,-0.3877201176668095,0.034720117666809706,0.0471169680862063,0.6961591393312239,0.6402013380009272,Lower than own-history expected value,Higher than peer-implied value,True,False,0.6675941974443931,-0.5080860000000003,-0.1819139999999993,-0.5896290000000004,-0.10037099999999907,-0.6711720000000007,-0.018827999999998846,1.303484852767182,2.606969705534364,2.0855757644274915,-0.44913637187549416,-0.3263038634581249,-0.5105526260841788,-0.26488760924944027,-0.485986124400705,-0.28945411093291407,0.6747645088844428,In-family,history=Lower than own-history expected value; peers=Higher than peer-implied value; subgroup peers=4; peer model trusted; history/peer direction disagree; pattern=very strong weaker than history; historical check type=balmo_transition; historical window=September 4-30; actual point=September 3; current month name=September; mark month name=September; mark history mean=-0.51; mark history delta=+0.16; current transition=-0.01; transition mean=-0.15; transition delta=+0.15; transition magnitude delta=-0.15; transition degree=very strong; transition degree score=2.27; component current-month sd=0.06; component historical month sd=0.71; transition degree scale source=current-month; actual-to-date z=0.06; mark z=0.51; transition z=1.14; pattern years=26,,,False,,0
ENT-STX Map,Global_G11,11,regular,Global_G11_S01,1,regular,South Central,SouthCentral - Mexico,3,Global_G11,Global_G11_S01,ENT-STX Map,GLOBAL,Autumn,,,ICE ENT STX Map FDt Com,,HSC-HPL Pool,ENT-STX Map,63,-0.4259063492063493,0.11048191338333992,0.053107656443533414,-0.4198999999999997,0.09562769999999966,-0.6717999999999997,-0.18310000000000004,2026-09-03,-0.24120000000000008,,,0.09562769999999966,-0.4198999999999997,,,,,False,balmo_transition,September 4-30,September 3,September,September,-0.24120000000000008,,,,,,,,,,7,,,,,,,Global_G11,5,0,4,Katy-Enstor Pool | Katy-Lonestar Inter | Katy-Oasis | HSC-HPL Pool,0.9291033583550034,0.909662424254551,0.9696693060570061,0.037852622701148544,0.9291033583550034,,,,Global_G11 | Global_G11_S01,4,0,3,Katy-Enstor Pool | Katy-Lonestar Inter | Katy-Oasis,0.9155813757876691,0.909662424254551,0.9186718683000779,0.043469300599392226,0.9155813757876691,,,,OwnHistoryOnly,,0,,,,,,,,,,False,False,0.0,-0.611155399999999,-0.2286446000000004,-0.7067830999999987,-0.13301690000000072,-0.8024107999999983,-0.037389200000001066,,,,,,,,,,0.0,No forward mark,No forward mark,,,False,,-1
Katy-Enstor Pool,Global_G11,11,regular,Global_G11_S01,1,regular,South Central,SouthCentral - TexCoast,3,Global_G11,Global_G11_S01,Katy-Enstor Pool,GLOBAL,Autumn,,,ICE Katy ENSTOR Pool (excl. Kinder Morgan Texas) FDt Com,Katy,,Katy-Enstor Pool,57,-0.40244912280701745,0.1273647491638637,0.0694608730373934,-0.3881000000000001,0.12883793999999996,-0.6868999999999996,-0.20500000000000007,2026-09-03,-0.23809999999999976,,,0.12883793999999996,-0.3881000000000001,,,,,False,balmo_transition,September 4-30,September 3,September,September,-0.23809999999999976,,,,,,,,,,12,,,,,,,Global_G11,5,0,4,ENT-STX Map | Katy-Lonestar Inter | Katy-Oasis | HSC-HPL Pool,0.951985852545492,0.8963021519123405,0.9968193049931163,0.02690546128277626,0.951985852545492,,,,Global_G11 | Global_G11_S01,4,0,3,ENT-STX Map | Katy-Lonestar Inter | Katy-Oasis,0.9705470860898758,0.918671868300078,0.9968193049931163,0.019670457832855683,0.9705470860898758,,,,OwnHistoryOnly,,0,,,,,,,,,,False,False,0.0,-0.64577588,-0.1304241200000002,-0.77461382,-0.0015861800000002146,-0.9034517599999999,0.12725175999999971,,,,,,,,,,0.0,No forward mark,No forward mark,,,False,,-1
Katy-Lonestar Inter,Global_G11,11,regular,Global_G11_S01,1,regular,South Central,SouthCentral - TexCoast,3,Global_G11,Global_G11_S01,Katy-Lonestar Inter,GLOBAL,Autumn,,,ICE Katy Lonestar Interstate FDt Com,,Katy-Enstor Pool,Katy-Lonestar Inter,60,-0.41077166666666665,0.12807034096332867,0.07104841324851319,-0.39280000000000026,0.1361026799999998,-0.6938,-0.2250000000000001,2026-09-03,-0.23649999999999993,,,0.1361026799999998,-0.39280000000000026,,,,,False,balmo_transition,September 4-30,September 3,September,September,-0.23649999999999993,,,,,,,,,,12,,,,,,,Global_G11,5,0,4,ENT-STX Map | Katy-Enstor Pool | Katy-Oasis | HSC-HPL Pool,0.9484861892968839,0.8861539507633366,0.9968193049931162,0.030943794574297794,0.9484861892968839,,,,Global_G11 | Global_G11_S01,4,0,3,ENT-STX Map | Katy-Enstor Pool | Katy-Oasis,0.9692636021413996,0.9184098348083787,0.9968193049931162,0.022504297242887883,0.9692636021413996,,,,OwnHistoryOnly,,0,,,,,,,,,,False,False,0.0,-0.6650053599999999,-0.12059464000000064,-0.8011080399999997,0.015508039999999168,-0.9372107199999995,0.15161071999999898,,,,,,,,,,0.0,No forward mark,No forward mark,,,False,,-1
Katy-Oasis,Global_G11,11,regular,Global_G11_S01,1,regular,South Central,SouthCentral - TexCoast,3,Global_G11,Global_G11_S01,Katy-Oasis,GLOBAL,Autumn,,,ICE Katy Oasis Pipeline FDt Com,,Katy-Enstor Pool,Katy-Oasis,63,-0.39758571428571426,0.1206040146139995,0.07149152703177308,-0.3887999999999998,0.11519802000000015,-0.6647999999999996,-0.19810000000000016,2026-09-03,-0.2269000000000001,,,0.11519802000000015,-0.3887999999999998,,,,,False,balmo_transition,September 4-30,September 3,September,September,-0.2269000000000001,,,,,,,,,,11,,,,,,,Global_G11,5,0,4,ENT-STX Map | Katy-Enstor Pool | Katy-Lonestar Inter | HSC-HPL Pool,0.948327128652932,0.8949343387580397,0.9961500849764329,0.026820470226932132,0.948327128652932,,,,Global_G11 | Global_G11_S01,4,0,3,ENT-STX Map | Katy-Enstor Pool | Katy-Lonestar Inter,0.9661247252845627,0.909662424254551,0.9961500849764329,0.019720311577535878,0.9661247252845627,,,,OwnHistoryOnly,,0,,,,,,,,,,False,False,0.0,-0.6191960400000001,-0.1584039599999995,-0.7343940600000003,-0.04320593999999933,-0.8495920800000004,0.07199208000000079,,,,,,,,,,0.0,No forward mark,No forward mark,,,False,,-1
HSC-HPL Pool,Global_G11,11,regular,Global_G11_S02,2,small_outlier,South Central,SouthCentral - TexCoast,3,Global_G11,Global_G11_S02,HSC-HPL Pool,GLOBAL,Autumn,HSC-HPL POOL,Houston ShipChl FDt Com,,Houston Ship Channel,,HSC-HPL Pool,63,-0.42829206349206356,0.10443596479397083,0.056822090448896294,-0.4249999999999998,0.08154299999999957,-0.6699999999999999,-0.14000000000000012,2026-09-03,-0.2873999999999999,,,0.08154299999999957,-0.4249999999999998,,,,,False,balmo_transition,September 4-30,September 3,September,September,-0.2873999999999999,,,,,,,,,,26,,,,,,,Global_G11,5,0,4,ENT-STX Map | Katy-Enstor Pool | Katy-Lonestar Inter | Katy-Oasis,0.9117649368726807,0.8861539507633366,0.9696693060570061,0.044693767818777645,0.9117649368726807,,,,Global_G11 | Global_G11_S02,1,0,0,,,,,,,,,,OwnHistoryOnly,,0,,,,,,,,,,False,False,0.0,-0.588085999999999,-0.26191400000000065,-0.6696289999999985,-0.1803710000000011,-0.7511719999999982,-0.09882800000000153,,,,,,,,,,0.0,No forward mark,No forward mark,,,False,,-1
ANR-SE-T,Global_G12,12,regular,Global_G12_S01,1,regular,South Central,SouthCentral - Henry,3,Global_G12,Global_G12_S01,ANR-SE-T,GLOBAL,Autumn,ANR-SE,ANR LA FDt Com,ICE ANR SE Transmission Pool FDt Com,"ANR, La",,ANR-SE-T,63,-0.25669206349206364,0.10980754322403866,0.06264021006912383,-0.23999999999999977,0.07413000000000039,-0.5300000000000002,-0.11000000000000032,2026-09-03,-0.15660000000000007,,,0.07413000000000039,-0.23999999999999977,,,,,False,balmo_transition,September 4-30,September 3,September,September,-0.15660000000000007,,,,,,,,,,26,,,,,,,Global_G12,4,1,3,Pine Prairie | TETCO-WLA | Transco-45,0.9457739785651427,0.9339775198365003,0.9631380936744404,0.03708127383598089,0.9457739785651427,-0.1729999999999996,,,Global_G12 | Global_G12_S01,4,1,3,Pine Prairie | TETCO-WLA | Transco-45,0.9457739785651427,0.9339775198365003,0.9631380936744404,0.03708127383598089,0.9457739785651427,-0.1729999999999996,,,OwnHistoryOnly,,0,,,,,,,,,,False,False,0.0,-0.38826000000000055,-0.09173999999999899,-0.46239000000000097,-0.0176099999999986,-0.5365200000000013,0.05652000000000179,,,,,,,,,,0.0,No forward mark,No forward mark,,,False,,-1
Pine Prairie,Global_G12,12,regular,Global_G12_S01,1,regular,South Central,SouthCentral - Henry,3,Global_G12,Global_G12_S01,Pine Prairie,GLOBAL,Autumn,PINE PRAIRIE,Pine Prairie Hub FDt Com,,Pine Prairie Hub,,Pine Prairie,63,-0.23104920634920634,0.10098329927879612,0.05781400320126144,-0.2150000000000003,0.08154300000000023,-0.49499999999999966,-0.0950000000000002,2026-09-03,-0.1610999999999998,,,0.08154300000000023,-0.2150000000000003,,,,,False,balmo_transition,September 4-30,September 3,September,September,-0.1610999999999998,,,,,,,,,,12,,,,,,,Global_G12,4,1,3,ANR-SE-T | TETCO-WLA | Transco-45,0.9396927587410299,0.9113168903638984,0.9675550636747041,0.041785850821389164,0.9396927587410299,-0.1479999999999997,,,Global_G12 | Global_G12_S01,4,1,3,ANR-SE-T | TETCO-WLA | Transco-45,0.9396927587410299,0.9113168903638984,0.9675550636747041,0.041785850821389164,0.9396927587410299,-0.1479999999999997,,,OwnHistoryOnly,,0,,,,,,,,,,False,False,0.0,-0.37808600000000075,-0.05191399999999985,-0.45962900000000095,0.029629000000000377,-0.5411720000000012,0.1111720000000006,,,,,,,,,,0.0,No forward mark,No forward mark,,,False,,-1
TETCO-WLA,Global_G12,12,regular,Global_G12_S01,1,regular,South Central,SouthCentral - Henry,3,Global_G12,Global_G12_S01,TETCO-WLA,GLOBAL,Autumn,TETCO-WLA,TX Eastern W LA FDt Com,,"Texas Eastern, WLA",,TETCO-WLA,63,-0.2674920634920635,0.09269336772319187,0.0506414930110075,-0.2599999999999998,0.09340379999999958,-0.5,-0.16500000000000004,2026-09-03,-0.19700000000000006,-0.18799999999999972,Bid+Ask,0.09340379999999958,-0.2599999999999998,0.07200000000000006,0.857580919159709,0.7708465822589701,0.7708465822589701,True,balmo_transition,September 4-30,September 3,September,September,-0.19700000000000006,-2.3010076718720707,-0.08061117966125343,-0.10738882033874629,-2.041575157708713,0.009000000000000341,-0.05388005076883458,0.06288005076883492,-0.04488005076883424,1.2357318621857245,26,moderate weaker than history,moderate,1.4218409215647234,0.03156474826976012,0.11880563024918722,current-month,Global_G12,4,0,3,ANR-SE-T | Pine Prairie | Transco-45,0.9483093528529366,0.9142349012096649,0.9675550636747042,0.03454385164778014,0.9483093528529366,,,,Global_G12 | Global_G12_S01,4,0,3,ANR-SE-T | Pine Prairie | Transco-45,0.9483093528529366,0.9142349012096649,0.9675550636747042,0.03454385164778014,0.9483093528529366,,,,OwnHistoryOnly,,0,,,,,,,,Higher than own-history expected value,,False,False,0.0,-0.446807599999999,-0.07319240000000063,-0.5402113999999985,0.020211399999998936,-0.6336151999999982,0.11361519999999853,,,,,,,,,,0.7708465822589701,In-family,history=Higher than own-history expected value; pattern=moderate weaker than history; historical check type=balmo_transition; historical window=September 4-30; actual point=September 3; current month name=September; mark month name=September; mark history mean=-0.08; mark history delta=-0.11; current transition=+0.01; transition mean=-0.05; transition delta=+0.06; transition magnitude delta=-0.04; transition degree=moderate; transition degree score=1.42; component current-month sd=0.03; component historical month sd=0.12; transition degree scale source=current-month; actual-to-date z=-2.30; mark z=-2.04; transition z=1.24; pattern years=26,,,False,,0
Transco-45,Global_G12,12,regular,Global_G12_S01,1,regular,South Central,SouthCentral - Henry,3,Global_G12,Global_G12_S01,Transco-45,GLOBAL,Autumn,,Transco Zn2 FDt Com,,"Transco, station 45",,Transco-45,63,-0.2666,0.11455237990515717,0.07306683632174546,-0.23999999999999977,0.07412999999999907,-0.5799999999999996,-0.1299999999999999,2026-09-03,-0.16579999999999995,,,0.07412999999999907,-0.23999999999999977,,,,,False,balmo_transition,September 4-30,September 3,September,September,-0.16579999999999995,,,,,,,,,,26,,,,,,,Global_G12,4,1,3,ANR-SE-T | Pine Prairie | TETCO-WLA,0.9198431038033545,0.9113168903638984,0.9339775198365003,0.039452221920328996,0.9198431038033545,-0.18799999999999972,,,Global_G12 | Global_G12_S01,4,1,3,ANR-SE-T | Pine Prairie | TETCO-WLA,0.9198431038033545,0.9113168903638984,0.9339775198365003,0.039452221920328996,0.9198431038033545,-0.18799999999999972,,,OwnHistoryOnly,,0,,,,,,,,,,False,False,0.0,-0.38825999999999794,-0.09174000000000163,-0.46238999999999697,-0.017610000000002568,-0.5365199999999961,0.05651999999999652,,,,,,,,,,0.0,No forward mark,No forward mark,,,False,,-1
CG-Mainline,Global_G13,13,regular,Global_G13_S01,1,regular,South Central,SouthCentral - Perryville,3,Global_G13,Global_G13_S01,CG-Mainline,GLOBAL,Autumn,CG-MAINLINE,Col Gulf Mnline FDt Com,,"Columbia Gulf, mainline",,CG-Mainline,63,-0.3596888888888889,0.10127366805983627,0.05722244015527617,-0.3600000000000003,0.08895600000000073,-0.5900000000000003,-0.20000000000000018,2026-09-03,-0.23539999999999983,-0.2679999999999998,Bid+Ask,0.08895600000000073,-0.3600000000000003,0.09200000000000053,0.9053576378285801,1.0342191645307768,1.0342191645307768,True,balmo_transition,September 4-30,September 3,September,September,-0.23539999999999983,0.08738066448995167,-0.3154182370537527,0.04741823705375292,0.17849635535467123,-0.03259999999999996,-0.05793976291848717,0.025339762918487205,-0.025339762918487205,0.4318904792317326,26,mild weaker than history,mild,0.9279287951694377,0.027307874322253595,0.2577527109754159,current-month,Global_G13,4,0,3,Gulf S. Pool 16 | TETCO-M1 24 | TGT-Mainline,0.8912404221021483,0.8575707995936294,0.9334261240169957,0.051891000000000215,0.8912404221021483,,,,Global_G13 | Global_G13_S01,4,0,3,Gulf S. Pool 16 | TETCO-M1 24 | TGT-Mainline,0.8912404221021483,0.8575707995936294,0.9334261240169957,0.051891000000000215,0.8912404221021483,,,,OwnHistoryOnly,,0,,,,,,,,Higher than own-history expected value,,False,False,0.0,-0.5379120000000017,-0.18208799999999886,-0.6268680000000025,-0.0931319999999981,-0.7158240000000032,-0.004175999999997404,,,,,,,,,,1.0342191645307768,In-family,history=Higher than own-history expected value; pattern=mild weaker than history; historical check type=balmo_transition; historical window=September 4-30; actual point=September 3; current month name=September; mark month name=September; mark history mean=-0.32; mark history delta=+0.05; current transition=-0.03; transition mean=-0.06; transition delta=+0.03; transition magnitude delta=-0.03; transition degree=mild; transition degree score=0.93; component current-month sd=0.03; component historical month sd=0.26; transition degree scale source=current-month; actual-to-date z=0.09; mark z=0.18; transition z=0.43; pattern years=26,,,False,,0
Gulf S. Pool 16,Global_G13,13,regular,Global_G13_S01,1,regular,South Central,SouthCentral - TexCoast,3,Global_G13,Global_G13_S01,Gulf S. Pool 16,GLOBAL,Autumn,,,ICE Gulf South Pool Area #16 FDt Com,,,Gulf S. Pool 16,63,-0.3484222222222222,0.12344590227516851,0.06787022292753044,-0.3450000000000002,0.08539776000000046,-0.6499999999999999,-0.14830000000000032,2026-09-03,-0.23340000000000005,,,0.08539776000000046,-0.3450000000000002,,,,,False,balmo_transition,September 4-30,September 3,September,September,-0.23340000000000005,,,,,,,,,,9,,,,,,,Global_G13,4,1,3,CG-Mainline | TETCO-M1 24 | TGT-Mainline,0.9245487668426663,0.8827243426958199,0.9484095695137845,0.04910338157906247,0.9245487668426663,-0.25299999999999967,,,Global_G13 | Global_G13_S01,4,1,3,CG-Mainline | TETCO-M1 24 | TGT-Mainline,0.9245487668426663,0.8827243426958199,0.9484095695137845,0.04910338157906247,0.9245487668426663,-0.25299999999999967,,,OwnHistoryOnly,,0,,,,,,,,,,False,False,0.0,-0.5157955200000011,-0.17420447999999927,-0.6011932800000016,-0.08880671999999878,-0.686591040000002,-0.003408959999998351,,,,,,,,,,0.0,No forward mark,No forward mark,,,False,,-1
TETCO-M1 24,Global_G13,13,regular,Global_G13_S01,1,regular,South Central,SouthCentral - Perryville,3,Global_G13,Global_G13_S01,TETCO-M1 24,GLOBAL,Autumn,,TX Eastern M-1 24-in FDt Com,,,,TETCO-M1 24,63,-0.2660380952380952,0.10691791157550828,0.06044967611283797,-0.2599999999999998,0.08895599999999941,-0.52,-0.10000000000000009,2026-09-03,-0.13039999999999985,,,0.08895599999999941,-0.2599999999999998,,,,,False,balmo_transition,September 4-30,September 3,September,September,-0.13039999999999985,,,,,,,,,,14,,,,,,,Global_G13,4,1,3,CG-Mainline | Gulf S. Pool 16 | TGT-Mainline,0.9065331664785795,0.8575707995936295,0.9425123883183942,0.04426906999535763,0.9065331664785795,-0.17300000000000007,,,Global_G13 | Global_G13_S01,4,1,3,CG-Mainline | Gulf S. Pool 16 | TGT-Mainline,0.9065331664785795,0.8575707995936295,0.9425123883183942,0.04426906999535763,0.9065331664785795,-0.17300000000000007,,,OwnHistoryOnly,,0,,,,,,,,,,False,False,0.0,-0.43791199999999864,-0.08208800000000097,-0.526867999999998,0.006867999999998431,-0.6158239999999975,0.09582399999999786,,,,,,,,,,0.0,No forward mark,No forward mark,,,False,,-1
TGT-Mainline,Global_G13,13,regular,Global_G13_S01,1,regular,South Central,SouthCentral - Perryville,3,Global_G13,Global_G13_S01,TGT-Mainline,GLOBAL,Autumn,,Texas Gas Zn 1 FDt Com,ICE Texas Gas Mainline Pool FDt Com,"Texas Gas, zone 1",,TGT-Mainline,63,-0.2981761904761904,0.10793430306812482,0.05444707551611992,-0.2749999999999999,0.10378199999999976,-0.5799999999999996,-0.16000000000000014,2026-09-03,-0.1650999999999998,,,0.10378199999999976,-0.2749999999999999,,,,,False,balmo_transition,September 4-30,September 3,September,September,-0.1650999999999998,,,,,,,,,,26,,,,,,,Global_G13,4,1,3,CG-Mainline | Gulf S. Pool 16 | TETCO-M1 24,0.9337840016848317,0.919516311523715,0.9484095695137845,0.04193098178423584,0.9337840016848317,-0.20799999999999974,,,Global_G13 | Global_G13_S01,4,1,3,CG-Mainline | Gulf S. Pool 16 | TETCO-M1 24,0.9337840016848317,0.919516311523715,0.9484095695137845,0.04193098178423584,0.9337840016848317,-0.20799999999999974,,,OwnHistoryOnly,,0,,,,,,,,,,False,False,0.0,-0.48256399999999944,-0.06743600000000038,-0.5863459999999991,0.03634599999999938,-0.690127999999999,0.14012799999999914,,,,,,,,,,0.0,No forward mark,No forward mark,,,False,,-1
CIG-Mainline,Global_G14,14,regular,Global_G14_S01,1,supergroup,Rockies,Mountain - Rockies,3,Global_G14,Global_G14_S01,CIG-Mainline,GLOBAL,Autumn,CIG,CIG Rocky Mtns FDt Com,ICE CIG Mainline Pool FDt Com,"CIG, Rockies",,CIG-Mainline,63,-0.5658412698412698,0.5551411388789168,0.13422749282757745,-0.38500000000000023,0.08895600000000073,-2.3699999999999997,-0.14500000000000002,2026-09-03,-0.3929999999999998,-0.4457,Bid+Ask+Last,0.08895600000000073,-0.38500000000000023,-0.060699999999999754,0.2164157210252691,-0.6823598183371471,0.6823598183371471,True,balmo_transition,September 4-30,September 3,September,September,-0.3929999999999998,0.1330284208571462,-0.5408285626568091,0.09512856265680913,0.21213426746643974,-0.05270000000000019,-0.09546363337546972,0.042763633375469526,-0.042763633375469526,0.27310872870579556,26,moderate weaker than history,moderate,1.2162050664505277,0.03516153201061266,1.2300650989511355,current-month,Global_G14,4,0,3,Cheyenne | CIG-Mainline South | REX Cheyenne Comp Pool,0.9983434148823725,0.9974165741697648,0.9992255591759486,0.029155421315649244,0.9983434148823725,,,,Global_G14 | Global_G14_S01,2,0,1,Cheyenne,0.9992255591759486,0.9992255591759486,0.9992255591759486,0.029652000000000026,0.9992255591759486,,,,OwnHistoryOnly,,0,,,,,,,,Lower than own-history expected value,,False,False,0.0,-0.5629120000000016,-0.20708799999999877,-0.6518680000000024,-0.11813199999999802,-0.7408240000000031,-0.029175999999997315,,,,,,,,,,0.6823598183371471,In-family,history=Lower than own-history expected value; pattern=moderate weaker than history; historical check type=balmo_transition; historical window=September 4-30; actual point=September 3; current month name=September; mark month name=September; mark history mean=-0.54; mark history delta=+0.10; current transition=-0.05; transition mean=-0.10; transition delta=+0.04; transition magnitude delta=-0.04; transition degree=moderate; transition degree score=1.22; component current-month sd=0.04; component historical month sd=1.23; transition degree scale source=current-month; actual-to-date z=0.13; mark z=0.21; transition z=0.27; pattern years=26,,,False,,0
Cheyenne,Global_G14,14,regular,Global_G14_S01,1,supergroup,Rockies,Mountain - Rockies,3,Global_G14,Global_G14_S01,Cheyenne,GLOBAL,Autumn,CIG,Cheyenne Hub FDt Com,,Cheyenne Hub,,Cheyenne,63,-0.5752142857142857,0.5389294100215494,0.13384815944131467,-0.40349999999999975,0.0985929,-2.3449999999999998,-0.18999999999999995,2026-09-03,-0.40349999999999975,,,0.0985929,-0.40349999999999975,,,,,False,balmo_transition,September 4-30,September 3,September,September,-0.40349999999999975,,,,,,,,,,26,,,,,,,Global_G14,4,1,3,CIG-Mainline | CIG-Mainline South | REX Cheyenne Comp Pool,0.9985734777607999,0.9970394204379781,0.9994554536684731,0.02830081767085522,0.9985734777607999,-0.4607000000000001,,,Global_G14 | Global_G14_S01,2,1,1,CIG-Mainline,0.9992255591759484,0.9992255591759484,0.9992255591759484,0.029652000000000026,0.9992255591759484,-0.4607000000000001,,,OwnHistoryOnly,,0,,,,,,,,,,False,False,0.0,-0.6006857999999997,-0.20631419999999975,-0.6992786999999998,-0.10772129999999974,-0.7978715999999997,-0.009128399999999759,,,,,,,,,,0.0,No forward mark,No forward mark,,,False,,-1
CIG-Mainline South,Global_G14,14,regular,Global_G14_S02,2,regular,Rockies,Mountain - Opal,3,Global_G14,Global_G14_S02,CIG-Mainline South,GLOBAL,Autumn,CIG,,ICE CIG - Mainline South (sellers' choice) FDt Com,,CIG-Mainline,CIG-Mainline South,63,-0.6166539682539681,0.5399023964436644,0.13674328309153042,-0.4497,0.13714050000000036,-2.3768,-0.17010000000000014,2026-09-03,-0.48729999999999984,,,0.13714050000000036,-0.4497,,,,,False,balmo_transition,September 4-30,September 3,September,September,-0.48729999999999984,,,,,,,,,,12,,,,,,,Global_G14,4,1,3,CIG-Mainline | Cheyenne | REX Cheyenne Comp Pool,0.996911361354511,0.9962780894557903,0.9974165741697647,0.04655061312122985,0.996911361354511,-0.47289999999999965,,,Global_G14 | Global_G14_S02,2,0,1,REX Cheyenne Comp Pool,0.9962780894557903,0.9962780894557903,0.9962780894557903,0.05367012000000001,0.9962780894557903,,,,OwnHistoryOnly,,0,,,,,,,,,,False,False,0.0,-0.7239810000000007,-0.17541899999999927,-0.8611215000000011,-0.03827849999999888,-0.9982620000000014,0.09886200000000145,,,,,,,,,,0.0,No forward mark,No forward mark,,,False,,-1
REX Cheyenne Comp Pool,Global_G14,14,regular,Global_G14_S02,2,regular,Rockies,Mountain - Rockies,3,Global_G14,Global_G14_S02,REX Cheyenne Comp Pool,GLOBAL,Autumn,,,ICE REX Cheyenne Comp Pool FDt Com,,Cheyenne,REX Cheyenne Comp Pool,63,-0.558874603174603,0.550001663624538,0.14568432943142035,-0.3780999999999999,0.09844464000000035,-2.385,-0.17540000000000022,2026-09-03,-0.37909999999999977,,,0.09844464000000035,-0.3780999999999999,,,,,False,balmo_transition,September 4-30,September 3,September,September,-0.37909999999999977,,,,,,,,,,5,,,,,,,Global_G14,4,1,3,CIG-Mainline | Cheyenne | CIG-Mainline South,0.9980405514752227,0.9962780894557903,0.9994554536684733,0.026907676801887187,0.9980405514752227,-0.4466000000000001,,,Global_G14 | Global_G14_S02,2,0,1,CIG-Mainline South,0.9962780894557903,0.9962780894557903,0.9962780894557903,0.05367012000000001,0.9962780894557903,,,,OwnHistoryOnly,,0,,,,,,,,,,False,False,0.0,-0.5749892800000006,-0.1812107199999992,-0.6734339200000009,-0.08276607999999885,-0.7718785600000013,0.015678560000001507,,,,,,,,,,0.0,No forward mark,No forward mark,,,False,,-1
TGP-Z1 100L,Global_G15,15,regular,Global_G15_S01,1,supergroup,South Central,SouthCentral - Perryville,3,Global_G15,Global_G15_S01,TGP-Z1 100L,GLOBAL,Autumn,,Tennessee Zone 1 FDt Com,ICE Tennessee zone 1 100 Leg Pool FDt Com,"Tennessee, zone 1",,TGP-Z1 100L,62,-0.3222580645161291,0.11497211857077129,0.06101027862877412,-0.2999999999999998,0.09636900000000025,-0.5949999999999998,-0.14000000000000012,2026-09-02,-0.2599999999999998,,,0.09636900000000025,-0.2999999999999998,,,,,False,balmo_transition,September 4-30,September 3,September,September,-0.2599999999999998,,,,,,,,,,10,,,,,,,Global_G15,3,0,2,TGP-Z1 Sta-87 | Tres Palacios (w/d),0.9630012215731432,0.9266962050421308,0.9993062381041554,0.025191074797432208,0.9630012215731432,,,,Global_G15 | Global_G15_S01,2,0,1,TGP-Z1 Sta-87,0.9993062381041554,0.9993062381041554,0.9993062381041554,0.0021497699999995985,0.9993062381041554,,,,OwnHistoryOnly,,0,,,,,,,,,,False,False,0.0,-0.49273800000000034,-0.10726199999999933,-0.5891070000000005,-0.010892999999999098,-0.6854760000000009,0.08547600000000116,,,,,,,,,,0.0,No forward mark,No forward mark,,,False,,-1
TGP-Z1 Sta-87,Global_G15,15,regular,Global_G15_S01,1,supergroup,South Central,SouthCentral - Perryville,3,Global_G15,Global_G15_S01,TGP-Z1 Sta-87,GLOBAL,Autumn,,,ICE Tennessee zone 1 Station 87 Pool FDt Com,"Tennessee, zone 1",,TGP-Z1 Sta-87,63,-0.3194809523809523,0.11551375683628841,0.06349720755695017,-0.29759999999999964,0.1000755000000005,-0.5970999999999997,-0.1394000000000002,2026-09-03,-0.19450000000000012,,,0.1000755000000005,-0.29759999999999964,,,,,False,balmo_transition,September 4-30,September 3,September,September,-0.19450000000000012,,,,,,,,,,9,,,,,,,Global_G15,3,0,2,TGP-Z1 100L | Tres Palacios (w/d),0.9635142032492643,0.9277221683943732,0.9993062381041554,0.02573962532204544,0.9635142032492643,,,,Global_G15 | Global_G15_S01,2,0,1,TGP-Z1 100L,0.9993062381041554,0.9993062381041554,0.9993062381041554,0.0021497699999995985,0.9993062381041554,,,,OwnHistoryOnly,,0,,,,,,,,,,False,False,0.0,-0.4977510000000006,-0.09744899999999865,-0.5978265000000011,0.0026265000000018635,-0.6979020000000016,0.10270200000000235,,,,,,,,,,0.0,No forward mark,No forward mark,,,False,,-1
Tres Palacios (w/d),Global_G15,15,regular,Global_G15_S02,2,small_outlier,South Central,SouthCentral - TexCoast,3,Global_G15,Global_G15_S02,Tres Palacios (w/d),GLOBAL,Autumn,,,ICE Tres Palacios Hub - Withdrawal FDt Com,,,Tres Palacios (w/d),63,-0.34181111111111107,0.11468123297703332,0.06801860061104709,-0.33409999999999984,0.10897110000000017,-0.6165999999999996,-0.1817000000000002,2026-09-03,-0.21789999999999976,,,0.10897110000000017,-0.33409999999999984,,,,,False,balmo_transition,September 4-30,September 3,September,September,-0.21789999999999976,,,,,,,,,,11,,,,,,,Global_G15,3,0,2,TGP-Z1 100L | TGP-Z1 Sta-87,0.927209186718252,0.9266962050421308,0.9277221683943733,0.05059403259508345,0.927209186718252,,,,Global_G15 | Global_G15_S02,1,0,0,,,,,,,,,,OwnHistoryOnly,,0,,,,,,,,,,False,False,0.0,-0.5520422000000001,-0.1161577999999995,-0.6610133000000004,-0.007186699999999324,-0.7699844000000005,0.10178440000000083,,,,,,,,,,0.0,No forward mark,No forward mark,,,False,,-1
Agua Dulce Hub,Global_G16,16,regular,Global_G16_S01,1,regular,South Central,SouthCentral - TexCoast,3,Global_G16,Global_G16_S01,Agua Dulce Hub,GLOBAL,Autumn,,Agua Dulce Hub FDt Com,ICE Agua Dulce Hub FDt Com,,HSC-HPL Pool,Agua Dulce Hub,62,-0.4217403225806451,0.11834879189986064,0.0662609616047555,-0.395,0.11119499999999993,-0.6949999999999998,-0.14000000000000012,2026-09-02,-0.3099999999999996,,,0.11119499999999993,-0.395,,,,,False,balmo_transition,September 4-30,September 3,September,September,-0.3099999999999996,,,,,,,,,,23,,,,,,,Global_G16,2,0,1,Transco-30,0.9555995341946514,0.9555995341946514,0.9555995341946514,0.02068227000000019,0.9555995341946514,,,,Global_G16 | Global_G16_S01,2,0,1,Transco-30,0.9555995341946514,0.9555995341946514,0.9555995341946514,0.02068227000000019,0.9555995341946514,,,,OwnHistoryOnly,,0,,,,,,,,,,False,False,0.0,-0.6173899999999999,-0.17261000000000015,-0.7285849999999998,-0.06141500000000022,-0.8397799999999997,0.04977999999999971,,,,,,,,,,0.0,No forward mark,No forward mark,,,False,,-1
Transco-30,Global_G16,16,regular,Global_G16_S01,1,regular,South Central,SouthCentral - TexCoast,3,Global_G16,Global_G16_S01,Transco-30,GLOBAL,Autumn,TRANSCO-30,Transco Zn1 FDt Com,,"Transco, zone 1",,Transco-30,63,-0.4117539682539683,0.11975387639412058,0.06546489011410647,-0.3799999999999999,0.11119500000000025,-0.69,-0.18000000000000016,2026-09-03,-0.24549999999999983,,,0.11119500000000025,-0.3799999999999999,,,,,False,balmo_transition,September 4-30,September 3,September,September,-0.24549999999999983,,,,,,,,,,26,,,,,,,Global_G16,2,0,1,Agua Dulce Hub,0.9555995341946514,0.9555995341946514,0.9555995341946514,0.02068227000000019,0.9555995341946514,,,,Global_G16 | Global_G16_S01,2,0,1,Agua Dulce Hub,0.9555995341946514,0.9555995341946514,0.9555995341946514,0.02068227000000019,0.9555995341946514,,,,OwnHistoryOnly,,0,,,,,,,,,,False,False,0.0,-0.6023900000000004,-0.1576099999999994,-0.7135850000000006,-0.04641499999999915,-0.824780000000001,0.06478000000000111,,,,,,,,,,0.0,No forward mark,No forward mark,,,False,,-1
Atmos Zone 3,Global_G17,17,regular,Global_G17_S01,1,regular,South Central,SouthCentral - TexCoast,3,Global_G17,Global_G17_S01,Atmos Zone 3,GLOBAL,Autumn,Waha,,ICE Atmos zone 3 receipts FDt Com,,NGPL-TXOK East,Atmos Zone 3,63,-0.4364714285714286,0.15193722858000086,0.0799594995313837,-0.40329999999999977,0.12157320000000044,-0.7800000000000002,-0.23639999999999972,2026-09-03,-0.23639999999999972,,,0.12157320000000044,-0.40329999999999977,,,,,False,balmo_transition,September 4-30,September 3,September,September,-0.23639999999999972,,,,,,,,,,12,,,,,,,Global_G17,2,0,1,Nortex-Tolar Hub,0.954853459431922,0.954853459431922,0.954853459431922,0.03928889999999996,0.954853459431922,,,,Global_G17 | Global_G17_S01,2,0,1,Nortex-Tolar Hub,0.954853459431922,0.954853459431922,0.954853459431922,0.03928889999999996,0.954853459431922,,,,OwnHistoryOnly,,0,,,,,,,,,,False,False,0.0,-0.6464464000000006,-0.1601535999999989,-0.768019600000001,-0.03858039999999846,-0.8895928000000015,0.08299280000000198,,,,,,,,,,0.0,No forward mark,No forward mark,,,False,,-1
Nortex-Tolar Hub,Global_G17,17,regular,Global_G17_S01,1,regular,South Central,SouthCentral - TexCoast,3,Global_G17,Global_G17_S01,Nortex-Tolar Hub,GLOBAL,Autumn,,,ICE NorTex Tolar Hub FDt Com,,NGPL-TXOK East,Nortex-Tolar Hub,63,-0.3953333333333332,0.14065499314554805,0.06911065631268729,-0.36850000000000005,0.1085263199999999,-0.7799999999999998,-0.2014999999999998,2026-09-03,-0.2014999999999998,,,0.1085263199999999,-0.36850000000000005,,,,,False,balmo_transition,September 4-30,September 3,September,September,-0.2014999999999998,,,,,,,,,,12,,,,,,,Global_G17,2,0,1,Atmos Zone 3,0.954853459431922,0.954853459431922,0.954853459431922,0.03928889999999996,0.954853459431922,,,,Global_G17 | Global_G17_S01,2,0,1,Atmos Zone 3,0.954853459431922,0.954853459431922,0.954853459431922,0.03928889999999996,0.954853459431922,,,,OwnHistoryOnly,,0,,,,,,,,,,False,False,0.0,-0.5855526399999998,-0.15144736000000025,-0.6940789599999997,-0.042921040000000354,-0.8026052799999996,0.06560527999999954,,,,,,,,,,0.0,No forward mark,No forward mark,,,False,,-1
CG-Onshore,Global_G18,18,regular,Global_G18_S01,1,regular,South Central,SouthCentral - Henry,3,Global_G18,Global_G18_S01,CG-Onshore,GLOBAL,Autumn,CG-ONSHORE,Col Gulf LA FDt Com,,"Columbia Gulf, La",,CG-Onshore,63,-0.25956349206349205,0.10228196684874374,0.0658181461149707,-0.26000000000000023,0.09636900000000058,-0.5250000000000004,-0.10499999999999998,2026-09-03,-0.15749999999999975,,,0.09636900000000058,-0.26000000000000023,,,,,False,balmo_transition,September 4-30,September 3,September,September,-0.15749999999999975,,,,,,,,,,26,,,,,,,Global_G18,2,0,1,TGP-800L,0.9029606471996497,0.9029606471996497,0.9029606471996497,0.029652000000000026,0.9029606471996497,,,,Global_G18 | Global_G18_S01,2,0,1,TGP-800L,0.9029606471996497,0.9029606471996497,0.9029606471996497,0.029652000000000026,0.9029606471996497,,,,OwnHistoryOnly,,0,,,,,,,,,,False,False,0.0,-0.4527380000000014,-0.06726199999999907,-0.549107000000002,0.029107000000001493,-0.6454760000000026,0.12547600000000209,,,,,,,,,,0.0,No forward mark,No forward mark,,,False,,-1
TGP-800L,Global_G18,18,regular,Global_G18_S01,1,regular,South Central,SouthCentral - Henry,3,Global_G18,Global_G18_S01,TGP-800L,GLOBAL,Autumn,TGP-800L,Tenn LA 800 Leg FDt Com,,"Tennessee, Louisiana, 800 Leg",,TGP-800L,63,-0.3092571428571428,0.10201545378549218,0.06569281074360443,-0.2849999999999997,0.10378199999999976,-0.5599999999999996,-0.16000000000000014,2026-09-03,-0.1831999999999998,,,0.10378199999999976,-0.2849999999999997,,,,,False,balmo_transition,September 4-30,September 3,September,September,-0.1831999999999998,,,,,,,,,,26,,,,,,,Global_G18,2,0,1,CG-Onshore,0.9029606471996497,0.9029606471996497,0.9029606471996497,0.029652000000000026,0.9029606471996497,,,,Global_G18 | Global_G18_S01,2,0,1,CG-Onshore,0.9029606471996497,0.9029606471996497,0.9029606471996497,0.029652000000000026,0.9029606471996497,,,,OwnHistoryOnly,,0,,,,,,,,,,False,False,0.0,-0.4925639999999992,-0.07743600000000017,-0.5963459999999989,0.026345999999999592,-0.7001279999999988,0.13012799999999936,,,,,,,,,,0.0,No forward mark,No forward mark,,,False,,-1
OGT,Global_G19,19,regular,Global_G19_S01,1,regular,South Central,SouthCentral - Midcon,3,Global_G19,Global_G19_S01,OGT,GLOBAL,Autumn,,,,,,OGT,63,-0.4397317460317459,0.1443591319450711,0.08320481036578563,-0.4502999999999999,0.08376689999999966,-0.8186999999999998,-0.24109999999999987,2026-09-03,-0.38439999999999985,,,0.08376689999999966,-0.4502999999999999,,,,,False,balmo_transition,September 4-30,September 3,September,September,-0.38439999999999985,,,,,,,,,,12,,,,,,,Global_G19,2,0,1,ONEOK Westex,0.931691731687643,0.931691731687643,0.931691731687643,0.002372159999999739,0.931691731687643,,,,Global_G19 | Global_G19_S01,2,0,1,ONEOK Westex,0.931691731687643,0.931691731687643,0.931691731687643,0.002372159999999739,0.931691731687643,,,,OwnHistoryOnly,,0,,,,,,,,,,False,False,0.0,-0.6178337999999992,-0.28276620000000063,-0.7016006999999989,-0.19899930000000093,-0.7853675999999985,-0.11523240000000129,,,,,,,,,,0.0,No forward mark,No forward mark,,,False,,-1
ONEOK Westex,Global_G19,19,regular,Global_G19_S01,1,regular,South Central,SouthCentral - WesTex,3,Global_G19,Global_G19_S01,ONEOK Westex,GLOBAL,Autumn,ONEOK WESTEX,Oneok OK FDt Com,ICE ONEOK Westex Pool FDt Com,"Oneok, Okla.",Waha,ONEOK Westex,63,-0.45167460317460306,0.14426502154497545,0.08874680597703999,-0.44999999999999973,0.08154300000000089,-0.8199999999999998,-0.2400000000000002,2026-09-03,-0.7704999999999997,,,0.08154300000000089,-0.44999999999999973,,,,,False,balmo_transition,September 4-30,September 3,September,September,-0.7704999999999997,,,,,,,,,,26,,,,,,,Global_G19,2,0,1,OGT,0.931691731687643,0.931691731687643,0.931691731687643,0.002372159999999739,0.931691731687643,,,,Global_G19 | Global_G19_S01,2,0,1,OGT,0.931691731687643,0.931691731687643,0.931691731687643,0.002372159999999739,0.931691731687643,,,,OwnHistoryOnly,,0,,,,,,,,,,False,False,0.0,-0.6130860000000016,-0.28691399999999795,-0.6946290000000024,-0.20537099999999706,-0.7761720000000033,-0.12382799999999616,,,,,,,,,,0.0,No forward mark,No forward mark,,,False,,-1
TETCO-ELA,Global_G20,20,regular,Global_G20_S01,1,regular,South Central,SouthCentral - Perryville,3,Global_G20,Global_G20_S01,TETCO-ELA,GLOBAL,Autumn,TETCO-ELA,TX Eastern E LA FDt Com,,"Texas Eastern, ELA",,TETCO-ELA,63,-0.2750984126984127,0.10729247259178616,0.05286857436581105,-0.2650000000000001,0.08895600000000008,-0.5699999999999998,-0.13500000000000023,2026-09-03,-0.1711999999999998,-0.1755,Bid+Ask,0.08895600000000008,-0.2650000000000001,0.08950000000000014,0.9282889124696853,1.0061153828859217,1.0061153828859217,True,balmo_transition,September 4-30,September 3,September,September,-0.1711999999999998,-0.06959223249441192,-0.2187041480395911,0.043204148039591106,0.23257345299416332,-0.0043000000000001926,-0.06318526988592417,0.05888526988592398,-0.05888526988592398,0.5525017375250946,26,very strong weaker than history,very strong,4.927450746903994,0.01195045326894899,0.1831323716415215,current-month,Global_G20,2,0,1,TETCO-M1 30,0.9603481781925464,0.9603481781925464,0.9603481781925464,0.029652000000000026,0.9603481781925464,,,,Global_G20 | Global_G20_S01,2,0,1,TETCO-M1 30,0.9603481781925464,0.9603481781925464,0.9603481781925464,0.029652000000000026,0.9603481781925464,,,,OwnHistoryOnly,,0,,,,,,,,Higher than own-history expected value,,False,False,0.0,-0.4429120000000003,-0.08708799999999997,-0.5318680000000003,0.0018680000000000918,-0.6208240000000005,0.09082400000000018,,,,,,,,,,1.0061153828859217,In-family,history=Higher than own-history expected value; pattern=very strong weaker than history; historical check type=balmo_transition; historical window=September 4-30; actual point=September 3; current month name=September; mark month name=September; mark history mean=-0.22; mark history delta=+0.04; current transition=-0.00; transition mean=-0.06; transition delta=+0.06; transition magnitude delta=-0.06; transition degree=very strong; transition degree score=4.93; component current-month sd=0.01; component historical month sd=0.18; transition degree scale source=current-month; actual-to-date z=-0.07; mark z=0.23; transition z=0.55; pattern years=26,,,False,,0
TETCO-M1 30,Global_G20,20,regular,Global_G20_S01,1,regular,South Central,SouthCentral - Perryville,3,Global_G20,Global_G20_S01,TETCO-M1 30,GLOBAL,Autumn,,TX Eastern M-1 30-in (Kosi) FDt Com,,"Texas Eastern, M-1 30-in",,TETCO-M1 30,63,-0.2339666666666666,0.11130608336271824,0.06491577468343011,-0.20999999999999996,0.08895600000000008,-0.5299999999999998,-0.08000000000000007,2026-09-03,-0.16989999999999972,,,0.08895600000000008,-0.20999999999999996,,,,,False,balmo_transition,September 4-30,September 3,September,September,-0.16989999999999972,,,,,,,,,,25,,,,,,,Global_G20,2,1,1,TETCO-ELA,0.9603481781925464,0.9603481781925464,0.9603481781925464,0.029652000000000026,0.9603481781925464,-0.13549999999999995,,,Global_G20 | Global_G20_S01,2,1,1,TETCO-ELA,0.9603481781925464,0.9603481781925464,0.9603481781925464,0.029652000000000026,0.9603481781925464,-0.13549999999999995,,,OwnHistoryOnly,,0,,,,,,,,,,False,False,0.0,-0.38791200000000015,-0.03208799999999981,-0.4768680000000002,0.05686800000000025,-0.5658240000000003,0.14582400000000034,,,,,,,,,,0.0,No forward mark,No forward mark,,,False,,-1
Transco-Z5,Global_G21,21,regular,Global_G21_S01,1,regular,Northeast,Northeast - Demand,3,Global_G21,Global_G21_S01,Transco-Z5,GLOBAL,Autumn,TRANSCO-Z5,Transco Zn5 Dlv FDt Com,,"Transco, zone 5 del",,Transco-Z5,62,0.6166935483870968,0.5592243922982088,0.49276643232935535,0.565,0.3224655,-0.10000000000000009,3.595,2026-09-02,2.035,,,0.3224655,0.565,,,,,False,balmo_transition,September 4-30,September 3,September,September,2.035,,,,,,,,,,26,,,,,,,Global_G21,2,1,1,Transco-Z5 South,0.891445870905238,0.891445870905238,0.891445870905238,0.3039329999999998,0.891445870905238,1.4469999999999998,,,Global_G21 | Global_G21_S01,2,1,1,Transco-Z5 South,0.891445870905238,0.891445870905238,0.891445870905238,0.3039329999999998,0.891445870905238,1.4469999999999998,,,OwnHistoryOnly,,0,,,,,,,,,,False,False,0.0,-0.07993100000000009,1.209931,-0.40239650000000005,1.5323965,-0.7248620000000001,1.854862,,,,,,,,,,0.0,No forward mark,No forward mark,,,False,,-1
Transco-Z5 South,Global_G21,21,regular,Global_G21_S01,1,regular,Northeast,Northeast - Demand,3,Global_G21,Global_G21_S01,Transco-Z5 South,GLOBAL,Autumn,,Transco Zone 5 South FDt Com,,"Transco, zone 5 del. South",,Transco-Z5 South,63,1.1677174603174605,0.7117580937685632,0.6119993477960599,0.9099999999999997,0.29652000000000023,0.6149999999999998,4.525,2026-09-03,2.5362,1.9169999999999998,Bid+Ask+Last,0.29652000000000023,0.9099999999999997,1.0070000000000001,1.0527207856749397,3.3960609739646546,3.3960609739646546,True,balmo_transition,September 4-30,September 3,September,September,2.5362,18.237046942125666,0.23344696047811897,1.6835530395218807,12.625705035449693,-0.6192000000000002,-0.03921493887692202,-0.5799850611230781,0.5799850611230781,-6.4879559859493625,10,slight stronger than history,slight,0.49147661842407603,1.180086782119575,0.21571558536210572,current-month,Global_G21,2,0,1,Transco-Z5,0.891445870905238,0.891445870905238,0.891445870905238,0.3039329999999998,0.891445870905238,,,,Global_G21 | Global_G21_S01,2,0,1,Transco-Z5,0.891445870905238,0.891445870905238,0.891445870905238,0.3039329999999998,0.891445870905238,,,,OwnHistoryOnly,,0,,,,,,,,Higher than own-history expected value,,False,False,0.0,0.31695999999999924,1.5030400000000002,0.020439999999999015,1.7995600000000005,-0.2760800000000012,2.0960800000000006,,,,,,,,,,3.3960609739646546,Outlier,history=moderately above own-history expected value; own z=3.40; pattern=slight stronger than history; historical check type=balmo_transition; historical window=September 4-30; actual point=September 3; current month name=September; mark month name=September; mark history mean=+0.23; mark history delta=+1.68; current transition=-0.62; transition mean=-0.04; transition delta=-0.58; transition magnitude delta=+0.58; transition degree=slight; transition degree score=0.49; component current-month sd=1.18; component historical month sd=0.22; transition degree scale source=current-month; actual-to-date z=18.24; mark z=12.63; transition z=-6.49; pattern years=10,Outlier,O,True,Transco-Z5 South [Outlier],2
EGT-Flex,Global_OUTLIER,999,outlier,Global_OUTLIER_S01,1,outlier,South Central,SouthCentral - Midcon,3,Global_OUTLIER,Global_OUTLIER_S01,EGT-Flex,GLOBAL,Autumn,Enable Gas,,ICE Enable Gas Flex Pool only FDt Com,,Enable East Pool,EGT-Flex,59,-0.3192288135593221,0.13195001019305527,0.07475279212463919,-0.30749999999999966,0.09977897999999921,-0.6587999999999998,-0.1232000000000002,2026-09-02,-0.24499999999999966,,,0.09977897999999921,-0.30749999999999966,,,,,False,balmo_transition,September 4-30,September 3,September,September,-0.24499999999999966,,,,,,,,,,12,,,,,,,Global_OUTLIER,8,1,6,GTN-Kingsgate | GTN-Stanfield | Moss Bluff Inter | NWP-Sumas | PG&E-Citygate | TETCO-ETX,0.7604507535150775,0.48506917070121164,0.9402853799852523,0.18666833034345923,0.7604507535150775,0.10750000000000037,,,Global_OUTLIER | Global_OUTLIER_S01,1,0,0,,,,,,,,,,OwnHistoryOnly,,0,,,,,,,,,,False,False,0.0,-0.507057959999998,-0.10794204000000124,-0.6068369399999973,-0.008163060000001998,-0.7066159199999965,0.09161591999999719,,,,,,,,,,0.0,No forward mark,No forward mark,,,False,,-1
GTN-Kingsgate,Global_OUTLIER,999,outlier,Global_OUTLIER_S02,2,outlier,Rockies,West - California,3,Global_OUTLIER,Global_OUTLIER_S02,GTN-Kingsgate,GLOBAL,Autumn,,GTNW Kingsgate FDt Com,,,,GTN-Kingsgate,63,-1.5312031746031751,0.4810996550136733,0.22651302200540743,-1.5750000000000002,0.2446289999999997,-2.29,-0.2649999999999997,2026-09-03,-1.7757999999999998,,,0.2446289999999997,-1.5750000000000002,,,,,False,balmo_transition,September 4-30,September 3,September,September,-1.7757999999999998,,,,,,,,,,26,,,,,,,Global_OUTLIER,8,1,2,EGT-Flex | Moss Bluff Inter,0.46949505988528706,0.4539209490693625,0.48506917070121164,0.2073053899332328,0.46949505988528706,,,,Global_OUTLIER | Global_OUTLIER_S02,1,0,0,,,,,,,,,,OwnHistoryOnly,,0,,,,,,,,,,False,False,0.0,-2.0642579999999997,-1.0857420000000007,-2.3088869999999995,-0.8411130000000011,-2.5535159999999992,-0.5964840000000013,,,,,,,,,,0.0,No forward mark,No forward mark,,,False,,-1
GTN-Stanfield,Global_OUTLIER,999,outlier,Global_OUTLIER_S03,3,outlier,West,West - California,3,Global_OUTLIER,Global_OUTLIER_S03,GTN-Stanfield,GLOBAL,Autumn,,Stanfield OR FDt Com,,,,GTN-Stanfield,63,-0.37904444444444424,0.6897316976673068,0.1682391734144556,-0.19499999999999984,0.2517454799999999,-2.2849999999999997,0.665,2026-09-03,-0.3647999999999998,,,0.2517454799999999,-0.19499999999999984,,,,,False,balmo_transition,September 4-30,September 3,September,September,-0.3647999999999998,,,,,,,,,,26,,,,,,,Global_OUTLIER,8,1,5,EGT-Flex | Moss Bluff Inter | NWP-Sumas | PG&E-Citygate | TETCO-ETX,0.850794372575438,0.7602306399069976,0.969724065417337,0.16792848432503396,0.850794372575438,0.31250000000000044,,,Global_OUTLIER | Global_OUTLIER_S03,1,0,0,,,,,,,,,,OwnHistoryOnly,,0,,,,,,,,,,False,False,0.0,-0.6984909599999997,0.30849096,-0.9502364399999996,0.56023644,-1.2019819199999995,0.8119819199999998,,,,,,,,,,0.0,No forward mark,No forward mark,,,False,,-1
Moss Bluff Inter,Global_OUTLIER,999,outlier,Global_OUTLIER_S04,4,outlier,South Central,Unassigned,3,Global_OUTLIER,Global_OUTLIER_S04,Moss Bluff Inter,GLOBAL,Autumn,,,ICE Moss Bluff Interconnect (buyers' choice dlvd) FDt Com,,,Moss Bluff Inter,63,-0.2727873015873016,0.10802489631212928,0.052931190203424835,-0.26519999999999966,0.06938568000000025,-0.5747999999999998,-0.1200000000000001,2026-09-03,-0.2237,,,0.06938568000000025,-0.26519999999999966,,,,,False,balmo_transition,September 4-30,September 3,September,September,-0.2237,,,,,,,,,,12,,,,,,,Global_OUTLIER,8,1,6,EGT-Flex | GTN-Kingsgate | GTN-Stanfield | NWP-Sumas | PG&E-Citygate | TETCO-ETX,0.7637273380276378,0.4539209490693625,0.9402853799852523,0.16863532531992084,0.7637273380276378,0.15670000000000028,,,Global_OUTLIER | Global_OUTLIER_S04,1,0,0,,,,,,,,,,OwnHistoryOnly,,0,,,,,,,,,,False,False,0.0,-0.40397136000000017,-0.12642863999999915,-0.47335704000000045,-0.05704295999999889,-0.5427427200000007,0.012342720000001361,,,,,,,,,,0.0,No forward mark,No forward mark,,,False,,-1
NWP-Sumas,Global_OUTLIER,999,outlier,Global_OUTLIER_S05,5,outlier,West,West - California,3,Global_OUTLIER,Global_OUTLIER_S05,NWP-Sumas,GLOBAL,Autumn,NWP-SUMAS,NW Can Bd Sumas FDt Com,,"Northwest, Canadian border (Sumas",,NWP-Sumas,62,-0.4318548387096775,0.7201583579671721,0.2453745325052822,-0.21999999999999997,0.24092250000000012,-2.315,0.585,2026-09-02,-1.94,,,0.24092250000000012,-0.21999999999999997,,,,,False,balmo_transition,September 4-30,September 3,September,September,-1.94,,,,,,,,,,26,,,,,,,Global_OUTLIER,8,1,5,EGT-Flex | GTN-Stanfield | Moss Bluff Inter | PG&E-Citygate | TETCO-ETX,0.8170405114353574,0.7204851775746404,0.9650460004624908,0.17345107101483762,0.8170405114353574,0.2475000000000005,,,Global_OUTLIER | Global_OUTLIER_S05,1,0,0,,,,,,,,,,OwnHistoryOnly,,0,,,,,,,,,,False,False,0.0,-0.7018450000000003,0.26184500000000027,-0.9427675000000003,0.5027675000000004,-1.1836900000000004,0.7436900000000005,,,,,,,,,,0.0,No forward mark,No forward mark,,,False,,-1
PG&E-Citygate,Global_OUTLIER,999,outlier,Global_OUTLIER_S06,6,outlier,West,West - California,3,Global_OUTLIER,Global_OUTLIER_S06,PG&E-Citygate,GLOBAL,Autumn,PG&E-CITYGATE,PG&E CG FDt Com,,PG&E city-gate,,PG&E-Citygate,63,0.10093650793650792,0.7801104734218401,0.17038386452455692,0.3599999999999999,0.3484109999999998,-2.03,1.085,2026-09-03,0.5289999999999999,0.7425000000000002,Bid+Ask,0.3484109999999998,0.3599999999999999,0.3825000000000003,0.8224008187575897,1.097841342552332,1.097841342552332,True,balmo_transition,September 4-30,September 3,September,September,0.5289999999999999,-0.5525231652733417,0.7760368317934269,-0.0335368317934267,-0.06750879416134443,0.21350000000000025,0.018195688865955403,0.19530431113404484,0.19530431113404484,0.5560960676136302,26,very stronger than history,very strong,4.836972585323802,0.040377386410382264,0.755424223069447,current-month,Global_OUTLIER,8,0,5,EGT-Flex | GTN-Stanfield | Moss Bluff Inter | NWP-Sumas | TETCO-ETX,0.852774141727061,0.7692702636180561,0.969724065417337,0.2809129410921603,0.852774141727061,,,,Global_OUTLIER | Global_OUTLIER_S06,1,0,0,,,,,,,,,,OwnHistoryOnly,,0,,,,,,,,Higher than own-history expected value,,False,False,0.0,-0.33682199999999973,1.0568219999999995,-0.6852329999999995,1.4052329999999993,-1.0336439999999993,1.753643999999999,,,,,,,,,,1.097841342552332,In-family,history=Higher than own-history expected value; pattern=very stronger than history; historical check type=balmo_transition; historical window=September 4-30; actual point=September 3; current month name=September; mark month name=September; mark history mean=+0.78; mark history delta=-0.03; current transition=+0.21; transition mean=+0.02; transition delta=+0.20; transition magnitude delta=+0.20; transition degree=very strong; transition degree score=4.84; component current-month sd=0.04; component historical month sd=0.76; transition degree scale source=current-month; actual-to-date z=-0.55; mark z=-0.07; transition z=0.56; pattern years=26,,,False,,0
PNGTS,Global_OUTLIER,999,outlier,Global_OUTLIER_S07,7,outlier,Northeast,Northeast - Demand Rest,3,Global_OUTLIER,Global_OUTLIER_S07,PNGTS,GLOBAL,Autumn,,PNGTS delivered FDt Com,ICE PNGTS FDt Com,,,PNGTS,62,0.28653225806451615,0.4788567230784596,0.318450440508581,0.16249999999999987,0.2816939999999999,-0.3849999999999998,1.645,2026-09-02,0.3650000000000002,,,0.2816939999999999,0.16249999999999987,,,,,False,balmo_transition,September 4-30,September 3,September,September,0.3650000000000002,,,,,,,,,,10,,,,,,,Global_OUTLIER,8,1,0,,,,,,,,,,Global_OUTLIER | Global_OUTLIER_S07,1,0,0,,,,,,,,,,OwnHistoryOnly,,0,,,,,,,,,,False,False,0.0,-0.4008879999999999,0.7258879999999996,-0.6825819999999998,1.0075819999999995,-0.9642759999999997,1.2892759999999994,,,,,,,,,,0.0,No forward mark,No forward mark,,,False,,-1
TETCO-ETX,Global_OUTLIER,999,outlier,Global_OUTLIER_S08,8,outlier,South Central,SouthCentral - TexCoast,3,Global_OUTLIER,Global_OUTLIER_S08,TETCO-ETX,GLOBAL,Autumn,,TX Eastern E TX FDt Com,,"Texas Eastern, ETX",,TETCO-ETX,63,-0.3517587301587302,0.12720987057832833,0.060706069504370734,-0.33499999999999996,0.07412999999999974,-0.625,-0.16500000000000004,2026-09-03,-0.2258,,,0.07412999999999974,-0.33499999999999996,,,,,False,balmo_transition,September 4-30,September 3,September,September,-0.2258,,,,,,,,,,26,,,,,,,Global_OUTLIER,8,1,5,EGT-Flex | GTN-Stanfield | Moss Bluff Inter | NWP-Sumas | PG&E-Citygate,0.8067940139135338,0.7262985040503275,0.8873638893043072,0.16698863585114185,0.8067940139135338,0.08250000000000003,,,Global_OUTLIER | Global_OUTLIER_S08,1,0,0,,,,,,,,,,OwnHistoryOnly,,0,,,,,,,,,,False,False,0.0,-0.48325999999999947,-0.1867400000000005,-0.5573899999999992,-0.11261000000000077,-0.631519999999999,-0.03848000000000101,,,,,,,,,,0.0,No forward mark,No forward mark,,,False,,-1
